Record_ID,Year,Season,Crop,State,Farm_Size_Category,Area_Hectares,Soil_Type,Soil_pH,Seed_Variety,Irrigation_Method,Rainfall_mm,Temperature_C,Humidity_pct,Fertilizer_kg_per_ha,Pesticide_kg_per_ha,Water_Usage_mm,Water_Efficiency,Labor_Hours_per_ha,Yield_tonnes_per_ha,Production_tonnes,Market_Price_per_ton,Storage_Loss_pct,Revenue_INR,Cost_INR,Profit_INR,Disease_Incidence_pct,Pest_Incidence_pct
1,2023,Kharif,Mustard,Bihar,Medium,2.01,Sandy,6.97,High-Yield Variety,Drip,737.1,26.0,79.3,112.9,4.43,283.1,1.334,361.0,3.777,7.59,1770.6,10.49,12029.09,101114.44,-89085.35,42.4,41.3
2,2022,Zaid,Wheat,Chhattisgarh,Small,2.48,Sandy,6.96,High-Yield Variety,Drip,76.6,33.2,27.6,136.0,2.62,226.0,1.98,298.0,4.475,11.1,1915.1,10.98,18924.03,110150.11,-91226.08,25.3,20.0
3,2022,Rabi,Mustard,Odisha,Large,6.85,Clay,7.11,High-Yield Variety,Rainfed,185.7,23.8,54.5,115.0,2.76,167.9,1.544,342.0,2.594,17.77,2198.0,6.04,36698.09,296567.43,-259869.34,21.2,16.4
4,2023,Kharif,Barley,Odisha,Medium,1.79,Sandy,6.82,High-Yield Variety,Borewell,688.0,26.1,84.7,161.8,4.09,486.7,1.062,241.0,5.167,9.25,1819.7,7.79,15520.51,91374.09,-75853.58,34.4,25.5
5,2024,Rabi,Rice,West Bengal,Small,1.98,Clay,7.34,High-Yield Variety,Borewell,226.5,26.5,68.1,148.8,2.93,418.5,1.291,285.0,5.403,10.7,2223.1,2.98,23078.65,88857.19,-65778.54,19.1,15.4
6,2024,Zaid,Mustard,Bihar,Small,2.7,Alluvial,6.1,High-Yield Variety,Rainfed,122.1,35.5,44.3,110.1,4.86,161.8,1.162,341.0,1.88,5.08,1797.4,3.34,8825.81,118136.09,-109310.28,36.9,33.4
7,2022,Kharif,Mustard,West Bengal,Medium,2.11,Sandy,6.1,Traditional,Borewell,823.5,27.6,70.9,148.9,4.77,585.3,0.619,304.0,3.626,7.65,1717.1,7.54,12145.63,106804.91,-94659.28,49.9,40.8
8,2023,Kharif,Mustard,Bihar,Small,4.2,Black,5.94,High-Yield Variety,Canal,788.7,23.9,76.4,212.6,3.9,534.1,0.546,377.0,2.914,12.24,1866.4,6.82,21288.06,207253.87,-185965.81,35.1,38.2
9,2022,Zaid,Groundnut,Punjab,Medium,2.28,Alluvial,6.85,Traditional,Rainfed,62.9,30.3,57.4,112.3,2.87,113.6,1.904,251.0,2.164,4.93,1639.0,12.2,7094.7,96988.63,-89893.93,26.6,22.0
10,2024,Zaid,Rice,Uttar Pradesh,Small,2.29,Loamy,7.22,High-Yield Variety,Drip,125.1,34.9,35.0,147.6,4.08,180.2,2.527,170.0,4.555,10.43,1722.9,8.79,16391.19,92294.7,-75903.51,30.0,27.8
11,2021,Kharif,Maize,Bihar,Small,1.26,Clay,7.58,Traditional,Rainfed,754.0,29.8,76.3,163.1,4.79,283.2,1.91,342.0,5.41,6.82,1849.6,7.91,11616.75,70886.03,-59269.28,33.7,20.8
12,2024,Zaid,Groundnut,Bihar,Medium,2.88,Alluvial,6.7,High-Yield Variety,Canal,68.2,34.5,50.5,146.9,2.17,266.4,0.863,301.0,2.3,6.62,1627.6,4.24,10318.44,120444.6,-110126.16,19.8,20.6
13,2021,Rabi,Sugarcane,Odisha,Small,2.03,Loamy,6.88,High-Yield Variety,Borewell,191.1,22.8,55.0,123.4,2.79,315.0,9.655,359.0,30.411,61.73,2066.8,8.74,116431.12,93171.13,23259.99,25.9,20.9
14,2024,Kharif,Wheat,Jharkhand,Medium,4.74,Clay,6.71,High-Yield Variety,Canal,821.8,30.1,91.1,123.4,3.5,488.4,1.051,281.0,,24.32,1831.5,7.33,41277.38,233760.03,-192482.65,36.9,27.0
15,2024,Kharif,Wheat,Assam,Large,2.06,Loamy,6.03,Traditional,Borewell,778.4,28.6,84.8,159.6,4.84,593.5,0.953,382.0,5.656,11.65,1759.5,2.88,19908.46,105758.87,-85850.41,36.1,23.3
16,2023,Kharif,Wheat,Bihar,Small,1.35,Alluvial,6.39,Traditional,Borewell,743.2,27.8,71.6,117.7,5.52,605.7,0.894,233.0,,7.31,1807.2,7.78,12183.27,75437.44,-63254.17,40.7,36.2
17,2021,Kharif,Barley,Uttar Pradesh,Large,0.79,Alluvial,6.58,High-Yield Variety,Rainfed,774.8,30.5,71.1,119.5,6.37,289.8,1.108,346.0,3.211,2.54,1798.0,9.78,4120.02,49925.3,-45805.28,34.9,34.6
18,2023,Zaid,Sugarcane,Punjab,Medium,1.6,Alluvial,7.06,High-Yield Variety,Rainfed,90.2,33.0,37.3,116.7,2.7,137.5,13.867,229.0,19.065,30.5,1692.0,6.8,48095.04,61115.51,-13020.47,23.8,20.1
19,2024,Kharif,Wheat,Punjab,Medium,2.63,Clay,6.18,High-Yield Variety,Rainfed,811.1,28.7,78.5,108.6,3.67,273.5,1.631,279.0,4.46,11.73,1731.1,7.23,18836.73,122272.76,-103436.03,51.7,44.3
20,2021,Kharif,Wheat,Uttar Pradesh,Small,2.06,Black,6.8,Traditional,Borewell,813.0,28.0,77.5,158.2,4.25,634.7,0.759,318.0,4.818,9.92,2018.5,8.92,18238.15,108336.65,-90098.5,44.7,36.2
21,2024,Rabi,Barley,Punjab,Medium,1.81,Loamy,6.29,High-Yield Variety,Drip,259.3,19.6,52.7,135.1,1.55,239.4,1.909,293.0,4.569,8.27,2210.6,11.23,16228.76,85687.06,-69458.3,19.4,16.7
22,2022,Zaid,Mustard,Bihar,Small,1.62,Alluvial,,High-Yield Variety,Drip,100.8,34.1,39.9,80.2,3.17,183.8,1.309,267.0,2.406,3.9,1602.8,9.27,5671.46,68571.38,-62899.92,37.3,34.0
23,2023,Rabi,Rice,Bihar,Medium,2.31,Sandy,6.37,Traditional,Sprinkler,163.8,23.6,61.0,110.4,3.5,279.9,2.051,215.0,5.74,13.26,2018.9,6.72,24972.55,106114.31,-81141.76,27.4,22.0
24,2023,Zaid,Sugarcane,Uttar Pradesh,Medium,1.93,Sandy,5.85,Traditional,,5.0,36.9,41.6,141.9,1.15,231.9,10.54,316.0,24.443,47.18,1890.7,5.4,84382.46,86869.02,-2486.56,30.4,32.2
25,2023,Rabi,Maize,Uttar Pradesh,Medium,0.96,Loamy,5.77,Traditional,Borewell,228.4,17.6,51.1,134.1,2.63,360.8,1.428,269.0,5.154,4.95,2121.1,7.8,9680.76,46503.58,-36822.82,37.2,26.9
26,2023,Zaid,Rice,Jharkhand,Large,2.73,Clay,6.64,Traditional,Sprinkler,111.8,29.3,59.8,131.1,3.0,245.6,1.592,332.0,3.91,10.68,1599.3,6.43,15981.83,117481.94,-101500.11,28.2,24.4
27,2024,Zaid,Sugarcane,Jharkhand,Small,1.34,Sandy,6.24,High-Yield Variety,Canal,105.1,36.2,40.0,105.2,2.78,324.8,7.615,242.0,24.732,33.14,1769.5,0.88,58126.84,68583.48,-10456.64,20.6,17.1
28,2024,Zaid,Mustard,Jharkhand,Small,1.26,Loamy,5.57,Traditional,Drip,147.1,35.0,51.8,129.6,3.26,224.6,1.006,336.0,2.259,2.85,1688.4,6.05,4520.97,59387.23,-54866.26,37.8,41.3
29,2024,Rabi,Soybean,Bihar,Medium,1.76,Alluvial,6.68,Traditional,Drip,157.4,22.2,74.0,45.6,1.25,210.5,2.14,338.0,4.505,7.93,2079.5,8.9,15022.96,87229.59,-72206.63,24.6,19.7
30,2023,Kharif,Maize,Jharkhand,Small,2.28,Sandy,7.08,High-Yield Variety,Canal,661.0,28.8,94.5,145.8,3.14,495.9,1.329,182.0,6.588,15.02,1757.8,5.71,24892.76,115047.0,-90154.24,15.2,14.7
31,2024,Rabi,Soybean,Uttar Pradesh,Small,1.26,Loamy,6.83,High-Yield Variety,Borewell,208.0,18.7,65.5,94.3,2.5,405.0,0.912,273.0,3.693,4.65,1748.6,10.68,7262.98,63070.07,-55807.09,13.7,8.4
32,2023,Rabi,Rice,Chhattisgarh,Large,3.08,Clay,6.76,High-Yield Variety,Drip,181.8,19.1,66.8,120.5,3.6,208.1,3.066,274.0,6.379,19.65,2151.4,7.53,39089.21,140131.5,-101042.29,21.5,14.6
33,2023,Zaid,Rice,Uttar Pradesh,Small,2.85,Loamy,5.43,Traditional,Drip,51.1,33.3,49.6,110.2,1.99,134.0,3.118,326.0,4.179,11.91,1646.8,8.36,17972.89,115491.73,-97518.84,30.3,30.2
34,2022,Kharif,Wheat,West Bengal,Small,2.8,Loamy,7.2,High-Yield Variety,Borewell,632.8,25.2,82.8,91.3,3.73,533.2,0.948,391.0,5.056,14.16,2001.9,3.39,27384.84,140855.32,-113470.48,21.3,14.8
35,2022,Kharif,Mustard,Punjab,Small,3.13,Clay,6.4,Traditional,Borewell,828.0,29.3,77.4,128.1,5.18,586.4,0.41,187.0,2.402,7.52,1880.8,12.75,12339.93,154179.88,-141839.95,38.2,37.6
36,2021,Kharif,Barley,Punjab,Large,2.59,Clay,7.51,High-Yield Variety,Rainfed,894.8,30.8,73.9,118.1,2.17,335.4,1.219,417.0,4.089,10.59,,5.29,18227.01,125791.87,-107564.86,47.1,37.1
37,2022,Rabi,Mustard,Assam,Small,2.32,Alluvial,7.01,High-Yield Variety,Borewell,181.5,20.2,58.9,106.9,2.45,342.5,0.727,156.0,2.489,5.77,2194.8,9.39,11475.16,104705.89,-93230.73,28.9,20.6
38,2023,Rabi,Barley,Assam,Small,0.96,Alluvial,6.7,High-Yield Variety,Drip,179.2,27.2,59.5,107.3,2.43,210.4,2.457,400.0,5.17,4.96,1876.0,14.86,7922.39,53782.37,-45859.98,28.5,21.1
39,2022,Kharif,Groundnut,Odisha,Small,2.34,Loamy,7.17,Traditional,Canal,657.5,29.7,80.0,190.8,3.3,448.1,0.963,466.0,4.316,10.1,1703.1,11.85,15163.37,118713.07,-103549.7,52.2,55.5
40,2023,Rabi,Wheat,Jharkhand,Small,1.65,Sandy,6.86,Traditional,Rainfed,365.5,17.9,57.1,95.3,2.49,156.6,2.373,281.0,3.716,6.13,1820.4,7.59,10311.95,79525.69,-69213.74,21.8,23.5
41,2022,Zaid,Groundnut,West Bengal,Medium,1.84,Black,6.27,High-Yield Variety,Rainfed,91.6,34.6,42.5,181.2,2.63,107.5,2.316,218.0,2.49,4.58,1699.1,2.58,7581.23,83129.66,-75548.43,37.1,37.8
42,2022,Rabi,Wheat,Uttar Pradesh,Large,3.23,Clay,6.28,Traditional,Canal,153.7,19.2,65.4,150.9,2.26,330.2,1.313,239.0,4.337,14.01,2318.1,3.14,31457.87,138961.78,-107503.91,26.8,16.9
43,2022,Rabi,Soybean,Uttar Pradesh,Medium,1.5,Alluvial,7.28,High-Yield Variety,Canal,220.9,17.4,52.0,102.3,3.94,290.3,1.433,280.0,4.16,6.24,2182.7,8.37,12480.9,72493.83,-60012.93,7.9,7.7
44,2024,Kharif,Wheat,Jharkhand,Small,0.82,Loamy,5.39,High-Yield Variety,Rainfed,718.3,28.0,72.6,139.7,2.09,226.8,2.025,288.0,4.592,3.77,1960.7,9.83,6665.38,49937.29,-43271.91,37.1,36.4
45,2021,Kharif,Maize,Jharkhand,Small,4.41,Alluvial,6.03,High-Yield Variety,Rainfed,820.8,28.9,78.8,146.8,3.66,306.7,1.589,334.0,4.874,21.5,1553.6,9.12,30355.24,218106.35,-187751.11,32.5,21.2
46,2021,Rabi,Rice,Bihar,Small,1.54,Clay,6.92,Traditional,Sprinkler,162.2,22.1,68.5,119.0,2.55,252.2,2.433,348.0,6.136,9.45,2369.7,5.84,21086.04,76659.52,-55573.48,32.4,35.1
47,2024,Rabi,Groundnut,Odisha,Large,1.67,Sandy,7.3,High-Yield Variety,Rainfed,227.7,23.7,63.7,135.4,1.95,204.2,1.598,391.0,3.263,5.45,2155.0,3.88,11288.86,82152.26,-70863.4,27.2,19.0
48,2023,Zaid,Wheat,Chhattisgarh,Large,1.55,Black,6.88,High-Yield Variety,Canal,61.8,30.3,56.7,87.7,6.2,232.1,1.587,300.0,3.683,5.71,1695.6,6.91,9012.99,75746.95,-66733.96,27.6,19.9
49,2023,Kharif,Rice,Assam,Medium,4.57,Clay,7.69,High-Yield Variety,Drip,738.5,24.4,77.6,124.8,2.94,295.3,2.214,369.0,6.54,29.89,1708.3,5.32,48344.59,219279.11,-170934.52,46.4,39.0
50,2022,Kharif,Wheat,Uttar Pradesh,Small,2.1,Loamy,6.64,Traditional,Sprinkler,,30.3,74.4,162.1,5.48,419.5,1.43,310.0,6.0,12.6,1845.3,8.82,21200.02,104597.17,-83397.15,43.0,29.4
51,2021,Zaid,Groundnut,West Bengal,Medium,5.58,Loamy,,High-Yield Variety,Drip,125.6,35.1,41.2,,2.17,204.9,1.936,353.0,3.968,22.14,1777.0,7.04,36572.15,230393.7,-193821.55,22.3,19.5
52,2023,Zaid,Barley,Jharkhand,Medium,2.16,Clay,7.0,Traditional,Canal,19.8,29.1,42.8,129.3,3.01,212.6,1.754,336.0,3.73,8.06,1571.7,3.46,12230.45,104602.68,-92372.23,35.3,27.1
53,2021,Kharif,Groundnut,Assam,Large,2.39,Clay,7.13,High-Yield Variety,Drip,790.3,26.0,82.8,165.6,3.02,278.4,1.603,284.0,4.462,10.66,1854.5,5.13,18754.57,123676.43,-104921.86,36.7,28.3
54,2024,Kharif,Soybean,Punjab,Medium,5.2,Loamy,7.1,Traditional,Borewell,674.7,28.1,78.7,151.0,4.41,491.3,0.762,285.0,3.746,19.48,1702.3,4.6,31635.64,247601.22,-215965.58,48.3,51.2
55,2024,Rabi,Maize,Chhattisgarh,Large,1.9,Black,6.42,High-Yield Variety,Drip,102.6,21.1,60.0,131.1,3.82,179.4,3.427,274.0,6.147,11.68,1863.4,3.53,20997.73,89376.13,-68378.4,16.9,11.1
56,2024,Kharif,Groundnut,Odisha,Large,2.66,Alluvial,6.59,High-Yield Variety,Rainfed,759.7,27.9,79.5,112.5,4.22,297.4,1.105,341.0,3.285,8.74,,8.59,15944.57,137337.07,-121392.5,38.6,33.3
57,2023,Rabi,Maize,Jharkhand,Medium,3.72,Black,7.4,Traditional,Borewell,219.9,16.8,60.0,81.4,3.47,396.4,1.402,295.0,5.555,20.67,2273.4,5.63,44344.31,160535.59,-116191.28,10.1,10.7
58,2021,Kharif,Sugarcane,Odisha,Small,4.0,Loamy,6.14,Traditional,Drip,729.0,28.2,75.7,123.8,6.15,322.0,12.359,222.0,39.797,159.19,1976.8,5.89,296161.07,196753.21,99407.86,45.5,31.4
59,2022,Kharif,Groundnut,Bihar,Large,3.22,Loamy,6.98,High-Yield Variety,Sprinkler,774.9,27.2,84.9,127.1,3.69,454.1,0.899,400.0,4.082,13.14,1961.6,1.77,25319.75,161544.91,-136225.16,43.5,34.8
60,2024,Zaid,Wheat,Assam,Large,1.97,Black,6.58,Traditional,Canal,90.6,33.4,35.1,133.9,3.7,339.2,1.186,477.0,4.024,7.93,1716.9,2.88,13223.0,95078.29,-81855.29,22.5,21.8
61,2024,Zaid,Mustard,Uttar Pradesh,Small,3.38,Alluvial,6.95,High-Yield Variety,Rainfed,143.4,34.9,53.3,160.0,1.56,150.5,1.041,346.0,1.567,5.3,1607.7,5.38,8062.18,141497.98,-133435.8,25.8,25.1
62,2024,Kharif,Mustard,West Bengal,Medium,3.98,Alluvial,6.83,Traditional,Rainfed,778.7,29.8,75.4,133.8,3.32,288.3,0.934,248.0,2.694,10.72,1830.9,3.76,18889.72,195975.89,-177086.17,37.9,33.1
63,2024,Kharif,Sugarcane,Chhattisgarh,Large,1.4,Sandy,6.25,High-Yield Variety,Rainfed,809.2,26.6,73.6,166.5,3.21,311.9,8.749,330.0,27.286,38.2,1878.2,11.03,63835.13,70685.55,-6850.42,43.9,45.3
64,2024,Rabi,Soybean,Odisha,Medium,5.1,Black,6.82,Traditional,Borewell,194.0,21.2,49.6,125.9,5.06,304.1,1.208,487.0,3.673,18.73,1772.6,8.31,30441.51,225596.23,-195154.72,17.4,16.4
65,2021,Kharif,Sugarcane,West Bengal,Small,3.77,Loamy,7.08,High-Yield Variety,Borewell,799.3,27.8,84.7,59.5,4.49,527.6,6.509,283.0,34.34,129.46,1958.3,9.75,228790.2,187884.9,40905.3,40.4,29.4
66,2023,Zaid,Mustard,Bihar,Large,1.42,Loamy,5.99,High-Yield Variety,Rainfed,5.0,30.6,43.7,89.2,1.24,79.9,2.111,245.0,1.686,2.39,1705.7,4.15,3907.54,57342.66,-53435.12,47.1,39.2
67,2021,Rabi,Wheat,Odisha,Medium,4.37,Loamy,5.97,Traditional,Rainfed,253.0,18.4,55.3,80.5,2.42,162.4,2.295,222.0,3.727,16.29,2093.1,3.54,32888.82,186447.13,-153558.31,18.8,19.0
68,2022,Kharif,Barley,West Bengal,Medium,1.18,Sandy,7.73,High-Yield Variety,Borewell,741.3,32.6,75.5,101.0,4.32,544.8,0.928,363.0,5.058,5.97,1792.8,6.29,10029.91,67940.96,-57911.05,28.1,22.8
69,2024,Kharif,Mustard,Assam,Large,2.5,Black,6.86,Traditional,Canal,812.6,27.1,74.2,140.7,3.7,542.1,0.542,373.0,2.94,7.35,1964.7,2.88,14024.01,127166.88,-113142.87,54.8,38.5
70,2024,Rabi,Groundnut,Chhattisgarh,Small,3.72,Alluvial,6.87,High-Yield Variety,Rainfed,,22.9,55.1,157.5,2.12,174.6,1.817,296.0,3.173,11.8,2271.1,5.36,25362.28,171683.8,-146321.52,28.6,22.0
71,2021,Zaid,Soybean,Chhattisgarh,Medium,3.0,Clay,6.24,High-Yield Variety,Rainfed,52.3,35.3,37.5,131.0,2.32,149.7,1.572,435.0,2.352,7.06,1509.2,7.91,9811.98,128281.53,-118469.55,31.1,19.0
72,2023,Rabi,Groundnut,Punjab,Small,3.47,Black,7.14,High-Yield Variety,Canal,189.5,23.5,60.8,99.2,5.58,322.8,1.146,310.0,3.7,12.84,2159.5,9.03,25223.07,156344.27,-131121.2,29.3,20.7
73,2023,Kharif,Sugarcane,Assam,Large,2.27,Black,6.53,High-Yield Variety,Canal,772.4,24.6,76.6,176.0,3.22,529.7,6.828,279.0,36.173,82.11,1816.4,8.36,136671.67,119123.57,17548.1,31.2,31.0
74,2022,Rabi,Maize,Jharkhand,Small,1.15,Loamy,6.22,High-Yield Variety,Borewell,125.6,22.1,56.1,119.0,1.53,293.9,1.858,313.0,5.461,6.28,1989.0,8.69,11406.18,56306.7,-44900.52,12.4,9.1
75,2021,Zaid,Wheat,Odisha,Small,2.17,Sandy,6.31,High-Yield Variety,Borewell,18.3,33.5,45.5,,3.38,218.5,1.785,327.0,3.9,8.46,1930.4,10.97,14540.78,92077.77,-77536.99,12.8,11.5
76,2022,Rabi,Groundnut,Jharkhand,Small,6.88,Alluvial,6.73,High-Yield Variety,Rainfed,218.7,21.4,57.1,192.0,4.03,156.3,1.906,412.0,2.979,20.5,2292.4,9.98,42303.31,297277.75,-254974.44,21.2,17.7
77,2023,Rabi,Groundnut,Assam,Small,1.66,Black,7.49,High-Yield Variety,Rainfed,47.9,21.8,47.8,111.0,3.15,141.6,2.63,183.0,3.722,6.18,1967.0,8.88,11076.41,77549.69,-66473.28,29.1,28.5
78,2022,Rabi,Barley,West Bengal,Medium,5.22,Clay,6.86,Traditional,Canal,326.5,20.8,58.3,119.9,3.11,398.8,0.965,298.0,3.847,20.08,1952.4,9.18,35605.94,221908.82,-186302.88,27.4,19.2
79,2021,Zaid,Wheat,Odisha,Large,3.54,Sandy,6.81,High-Yield Variety,Rainfed,,35.2,46.4,89.9,2.7,180.5,1.72,303.0,3.105,10.99,1713.5,9.09,17120.36,148860.2,-131739.84,30.5,24.5
80,2022,Zaid,Groundnut,Odisha,Small,2.98,Sandy,6.41,High-Yield Variety,Canal,141.2,35.3,48.3,156.1,2.13,286.5,0.945,263.0,2.708,8.07,1649.0,8.78,12139.71,126112.85,-113973.14,28.4,22.0
81,2023,Kharif,Mustard,Uttar Pradesh,Small,1.05,Loamy,7.22,High-Yield Variety,Canal,885.7,28.3,73.6,88.2,1.29,548.7,0.662,304.0,3.632,3.81,1875.3,5.79,6731.64,58213.8,-51482.16,25.4,27.6
82,2024,Kharif,Mustard,Chhattisgarh,Medium,2.32,Clay,6.42,Traditional,Borewell,673.2,27.8,83.9,146.9,4.33,561.0,0.553,272.0,3.103,7.2,1700.5,10.2,10995.19,117220.77,-106225.58,33.6,24.2
83,2023,Rabi,Mustard,Jharkhand,Medium,0.94,Clay,5.46,High-Yield Variety,Rainfed,146.9,21.9,63.4,132.6,3.05,160.2,1.485,312.0,2.379,2.24,2175.0,4.38,4658.76,51724.77,-47066.01,21.0,13.9
84,2022,Kharif,Wheat,Bihar,Small,3.87,Alluvial,5.9,High-Yield Variety,Sprinkler,713.9,29.7,73.6,173.8,3.17,413.2,1.242,208.0,,19.86,1814.6,9.18,32730.45,184999.55,-152269.1,49.7,31.8
85,2024,Rabi,Barley,Chhattisgarh,Small,2.09,Clay,6.5,High-Yield Variety,Canal,81.0,20.9,58.8,92.4,1.94,334.1,1.113,347.0,3.719,7.77,1842.3,8.56,13088.59,93216.4,-80127.81,17.7,10.8
86,2024,Rabi,Barley,Punjab,Large,2.81,Clay,7.03,High-Yield Variety,Rainfed,183.9,19.8,58.1,158.0,3.71,128.3,2.68,343.0,3.438,9.66,2088.0,4.67,19228.03,128279.99,-109051.96,18.9,20.2
87,2024,Zaid,Wheat,Assam,Small,3.33,Clay,6.51,High-Yield Variety,Canal,34.3,32.0,42.7,130.1,3.66,211.8,1.719,399.0,3.641,12.12,1649.3,9.29,18132.52,141671.09,-123538.57,37.1,38.8
88,2022,Zaid,Maize,Punjab,Small,1.21,Sandy,6.77,Traditional,Rainfed,95.3,33.9,36.6,150.6,0.54,158.3,2.089,289.0,3.306,4.0,1591.1,10.54,5693.76,57508.23,-51814.47,37.8,36.9
89,2024,Kharif,Sugarcane,Assam,Small,2.05,Sandy,7.28,High-Yield Variety,Borewell,,30.1,76.1,171.1,3.43,534.3,6.378,344.0,34.075,69.85,1931.9,8.64,123285.5,110242.04,13043.46,41.4,42.5
90,2022,Kharif,Wheat,Assam,Medium,2.04,Alluvial,7.2,Traditional,Canal,777.2,28.5,93.2,147.0,5.32,522.5,0.938,337.0,4.899,9.99,2001.5,4.2,19154.99,103830.71,-84675.72,47.0,31.6
91,2024,Rabi,Mustard,Uttar Pradesh,Medium,1.15,Loamy,6.49,Traditional,Sprinkler,212.2,19.9,62.1,150.5,2.83,238.4,1.389,211.0,3.312,3.81,2114.4,5.37,7623.75,50171.45,-42547.7,31.3,21.9
92,2021,Kharif,Maize,Odisha,Small,5.97,Sandy,6.72,High-Yield Variety,Sprinkler,743.3,24.0,68.8,141.0,5.05,401.8,1.847,222.0,7.42,44.3,1949.0,9.43,78200.02,288185.91,-209985.89,34.4,22.3
93,2021,Rabi,Wheat,Bihar,Medium,1.79,Black,6.21,Traditional,Rainfed,197.7,20.9,53.5,163.4,4.12,159.6,2.627,338.0,4.193,7.51,1953.8,7.11,13629.38,93896.23,-80266.85,29.4,19.4
94,2024,Kharif,Sugarcane,Chhattisgarh,Small,4.46,Sandy,5.88,High-Yield Variety,Rainfed,814.5,29.6,80.0,186.4,4.31,281.3,9.859,301.0,27.732,123.68,1920.4,8.06,218377.57,216348.23,2029.34,26.7,26.6
95,2023,Rabi,Rice,Jharkhand,Small,4.09,Clay,6.47,High-Yield Variety,Rainfed,211.6,21.7,55.3,164.0,2.98,186.9,1.913,290.0,3.575,14.62,2272.5,4.31,31791.68,181276.58,-149484.9,11.5,7.4
96,2023,Rabi,Soybean,Assam,Small,1.32,Sandy,6.95,High-Yield Variety,Sprinkler,90.2,19.1,54.6,117.7,5.35,267.9,1.736,235.0,4.651,6.14,1967.3,8.58,11042.52,65660.78,-54618.26,19.5,12.3
97,2024,Rabi,Soybean,Jharkhand,Medium,1.88,Clay,6.89,High-Yield Variety,Canal,271.7,19.6,47.5,108.3,2.21,325.0,1.176,216.0,3.821,7.18,,8.61,14079.61,76476.03,-62396.42,12.9,7.8
98,2023,Kharif,Mustard,Uttar Pradesh,Small,1.76,Alluvial,6.82,High-Yield Variety,Rainfed,871.7,27.5,74.6,190.6,3.05,259.6,1.076,297.0,2.794,4.92,1904.7,10.0,8434.27,90860.6,-82426.33,28.7,21.8
99,2023,Rabi,Groundnut,West Bengal,Large,1.23,Sandy,6.59,Traditional,Borewell,244.9,19.7,65.8,120.5,3.14,329.6,1.154,378.0,3.805,4.68,2111.1,4.89,9396.8,61510.47,-52113.67,19.7,15.7
100,2024,Kharif,Mustard,Bihar,Large,0.87,Sandy,6.41,High-Yield Variety,Borewell,867.6,26.8,86.2,126.2,4.13,608.1,0.525,340.0,3.195,2.78,1818.2,9.13,4592.86,49430.08,-44837.22,41.9,37.6
101,2021,Rabi,Sugarcane,Odisha,Small,0.85,Loamy,6.79,High-Yield Variety,Canal,186.5,19.8,68.9,125.1,4.23,258.7,12.304,315.0,31.828,27.05,1973.6,6.21,50073.36,49140.3,933.06,17.3,17.7
102,2022,Rabi,Wheat,Bihar,Medium,0.69,Clay,5.98,Traditional,Sprinkler,208.6,21.9,64.3,164.4,0.93,291.6,1.484,196.0,4.327,2.99,1823.3,6.58,5093.08,42691.73,-37598.65,37.5,29.2
103,2021,Kharif,Soybean,Bihar,Small,1.74,Alluvial,7.82,Traditional,Canal,731.9,31.1,72.4,98.8,5.34,426.2,1.153,307.0,4.914,8.55,1926.0,10.68,14708.42,99729.82,-85021.4,34.0,32.1
104,2024,Kharif,Sugarcane,Bihar,Small,2.78,Sandy,6.38,High-Yield Variety,Canal,683.7,25.6,82.0,110.4,5.15,524.5,6.839,329.0,35.874,99.73,2146.3,7.7,197560.49,140916.61,56643.88,38.1,30.8
105,2021,Rabi,Maize,Uttar Pradesh,Small,5.25,Sandy,7.06,High-Yield Variety,Canal,138.4,17.3,57.9,161.7,1.64,330.0,1.898,265.0,6.262,32.87,1802.5,7.19,54988.6,223071.66,-168083.06,21.9,14.6
106,2024,Kharif,Maize,Jharkhand,Small,3.21,Sandy,6.8,Traditional,Drip,807.5,24.1,71.3,110.5,3.82,371.3,2.085,297.0,7.742,24.85,1891.7,8.87,42839.92,156725.09,-113885.17,44.7,32.4
107,2021,Kharif,Groundnut,West Bengal,Medium,2.12,Alluvial,7.22,Traditional,Rainfed,716.7,29.6,70.8,111.9,4.12,254.2,1.448,339.0,3.682,7.81,1698.7,5.14,12584.8,110206.34,-97621.54,49.6,51.8
108,2023,Kharif,Barley,Punjab,Medium,1.35,Clay,6.87,High-Yield Variety,Borewell,721.6,27.7,86.1,157.9,3.33,572.6,0.895,284.0,5.125,6.92,1684.5,5.11,11061.59,69811.62,-58750.03,33.5,25.0
109,2022,Kharif,Maize,Assam,Medium,2.71,Clay,,High-Yield Variety,Rainfed,791.5,28.5,73.2,111.2,3.37,293.1,1.858,359.0,5.446,14.76,2083.3,7.0,28596.02,136006.98,-107410.96,32.5,33.5
110,2023,Rabi,Groundnut,Punjab,Small,1.45,Sandy,6.38,High-Yield Variety,Canal,234.5,19.0,42.1,121.0,1.69,301.7,1.191,283.0,3.593,5.21,2067.9,7.44,9972.52,64779.66,-54807.14,23.6,22.3
111,2024,Rabi,Rice,Bihar,Small,4.26,Loamy,6.47,Traditional,Drip,118.2,27.4,53.8,93.0,5.16,194.6,2.718,317.0,5.29,22.54,1973.4,9.4,40301.27,186898.83,-146597.56,20.3,18.3
112,2024,Rabi,Groundnut,Bihar,Small,3.1,Loamy,6.86,Traditional,Canal,138.2,18.4,41.3,125.4,6.67,274.6,1.145,196.0,3.145,9.75,1923.8,11.73,16557.8,142586.63,-126028.83,22.2,13.4
113,2021,Kharif,Sugarcane,Chhattisgarh,Large,3.35,Loamy,6.58,High-Yield Variety,Borewell,853.7,25.7,80.0,108.3,4.53,641.7,5.263,94.0,,113.13,1845.3,8.88,190226.16,158099.15,32127.01,39.5,42.5
114,2023,Rabi,Rice,West Bengal,Small,1.93,Black,6.25,High-Yield Variety,Drip,169.7,15.6,63.2,88.6,3.45,182.3,3.094,307.0,5.641,10.89,2204.7,5.29,22740.21,91904.16,-69163.95,20.0,20.1
115,2024,Kharif,Mustard,West Bengal,Small,1.36,Sandy,6.19,High-Yield Variety,Rainfed,753.4,27.5,82.8,133.6,4.68,297.4,0.808,364.0,2.403,3.27,1832.7,9.46,5426.28,77139.09,-71712.81,41.5,25.9
116,2024,Kharif,Barley,Uttar Pradesh,Medium,2.34,Clay,7.23,Traditional,Rainfed,763.1,27.5,79.4,143.8,2.82,236.1,1.822,254.0,4.301,10.06,,5.57,17087.44,117313.06,-100225.62,33.7,28.9
117,2022,Rabi,Rice,Bihar,Medium,2.63,Alluvial,6.65,Traditional,,183.2,20.1,54.1,106.3,5.03,309.8,1.836,349.0,,14.96,2252.2,6.81,31398.68,112880.16,-81481.48,22.1,17.7
118,2021,Kharif,Maize,Chhattisgarh,Small,2.03,Loamy,6.96,High-Yield Variety,Sprinkler,781.8,24.8,75.9,138.9,3.47,385.9,1.702,245.0,6.569,13.34,1874.6,9.07,22738.88,102013.8,-79274.92,47.7,41.1
119,2024,Rabi,Groundnut,Chhattisgarh,Small,2.63,Black,6.87,Traditional,Rainfed,200.5,21.1,50.7,108.8,3.97,189.3,1.305,374.0,,6.5,2011.0,9.14,11877.3,115898.31,-104021.01,30.6,20.8
120,2021,Kharif,Sugarcane,Jharkhand,Large,0.84,Alluvial,6.5,Traditional,Canal,679.6,29.3,78.4,149.6,4.26,482.6,7.458,291.0,35.989,30.23,1961.0,6.62,55355.44,43001.43,12354.01,41.5,31.4
121,2023,Kharif,Wheat,Chhattisgarh,Large,1.12,Sandy,6.65,Traditional,Canal,741.5,28.6,72.9,184.9,3.64,500.1,0.961,351.0,4.808,5.39,1804.2,7.01,9042.81,66729.44,-57686.63,49.5,35.2
122,2023,Kharif,Sugarcane,Uttar Pradesh,Medium,0.52,Alluvial,5.75,High-Yield Variety,Canal,754.4,26.5,77.0,146.3,5.66,568.3,6.194,413.0,35.204,18.31,1915.5,7.07,32591.53,40384.24,-7792.71,45.2,35.2
123,2022,Kharif,Maize,Punjab,Small,0.57,Sandy,7.24,Traditional,Rainfed,684.1,28.6,75.7,160.1,6.18,281.1,2.153,224.0,6.054,3.45,1749.1,7.13,5604.4,40440.17,-34835.77,40.2,38.4
124,2023,Kharif,Wheat,Bihar,Small,1.11,Sandy,5.85,High-Yield Variety,Canal,676.2,26.4,77.6,172.8,3.52,519.0,1.097,314.0,5.691,6.32,1826.5,10.08,10379.33,63066.71,-52687.38,43.5,42.6
125,2021,Rabi,Barley,Assam,Small,1.94,Loamy,6.39,Traditional,Drip,224.4,20.0,60.5,129.0,5.16,225.3,2.178,285.0,4.905,9.52,1921.5,7.94,16839.84,83212.77,-66372.93,30.8,29.8
126,2023,Zaid,Wheat,Jharkhand,Large,2.04,Alluvial,6.47,High-Yield Variety,Rainfed,131.2,32.2,45.4,76.1,0.64,181.8,1.692,290.0,3.077,6.28,2108.9,4.44,12656.18,86978.78,-74322.6,24.1,22.0
127,2021,Zaid,Rice,Uttar Pradesh,Medium,3.1,Alluvial,6.8,Traditional,Canal,27.6,32.9,48.2,60.7,2.46,197.5,2.105,428.0,4.157,12.89,1703.6,9.51,19870.41,132723.55,-112853.14,25.0,17.7
128,2023,Kharif,Barley,Assam,Small,2.53,Loamy,6.91,High-Yield Variety,Borewell,877.9,29.2,70.2,133.4,5.79,522.9,0.924,243.0,4.832,12.23,1702.5,9.22,18901.77,120907.46,-102005.69,42.2,27.8
129,2021,Rabi,Sugarcane,Jharkhand,Small,2.6,Alluvial,6.27,High-Yield Variety,Canal,198.3,18.8,53.6,122.8,3.81,356.2,8.712,338.0,31.036,80.69,2009.8,6.87,151037.25,113931.58,37105.67,19.3,18.2
130,2021,Rabi,Mustard,Punjab,Medium,2.62,Clay,6.55,Traditional,Sprinkler,192.2,20.8,51.6,110.3,1.94,239.1,1.305,166.0,3.12,8.17,2080.3,5.19,16114.47,115437.02,-99322.55,10.7,7.5
131,2023,Rabi,Mustard,Uttar Pradesh,Large,2.79,Loamy,6.75,Traditional,Canal,318.5,21.3,60.7,167.6,3.05,323.0,0.995,416.0,3.213,8.96,2170.3,4.91,18490.64,122220.35,-103729.71,25.9,22.4
132,2024,Rabi,Mustard,Bihar,Small,1.8,Sandy,6.49,High-Yield Variety,,115.7,23.1,73.0,117.3,2.37,208.1,1.572,251.0,3.271,5.89,2248.1,4.15,12692.29,89739.26,-77046.97,24.7,19.8
133,2023,Kharif,Groundnut,West Bengal,Small,2.94,Sandy,7.18,High-Yield Variety,Borewell,786.9,27.9,91.5,178.3,2.05,530.3,0.726,401.0,3.85,11.32,1767.3,10.21,17962.46,149531.74,-131569.28,30.9,20.2
134,2024,Kharif,Rice,Jharkhand,Medium,2.61,Sandy,6.7,High-Yield Variety,Drip,768.9,28.1,75.1,64.9,3.39,327.4,1.996,236.0,6.533,17.05,1882.9,7.32,29753.17,131240.03,-101486.86,33.7,23.1
135,2022,Kharif,Sugarcane,West Bengal,Medium,3.48,Loamy,6.34,Traditional,Borewell,887.4,28.8,82.0,112.7,4.66,669.0,4.95,369.0,33.117,115.25,1712.6,7.29,182991.57,168222.13,14769.44,38.1,28.8
136,2023,Kharif,Wheat,Uttar Pradesh,Small,2.57,Alluvial,6.1,Traditional,Canal,791.0,20.7,79.9,121.9,3.34,507.0,1.102,499.0,5.585,14.35,1638.3,7.11,21837.62,133820.3,-111982.68,63.1,56.8
137,2022,Zaid,Sugarcane,West Bengal,Small,2.07,Alluvial,7.24,Traditional,Canal,5.0,35.3,54.8,,0.92,272.8,9.045,367.0,24.671,51.07,1336.2,7.36,63218.43,94012.15,-30793.72,13.2,10.8
138,2024,Rabi,Mustard,Assam,Medium,3.41,Sandy,7.08,Traditional,Rainfed,192.2,20.7,53.2,108.6,2.41,173.4,1.346,347.0,2.335,7.96,1785.2,7.54,13138.07,147951.93,-134813.86,9.5,9.9
139,2021,Kharif,Soybean,Uttar Pradesh,Medium,1.98,Loamy,6.07,High-Yield Variety,Borewell,758.1,27.6,83.6,181.5,2.94,556.3,0.692,413.0,3.847,7.62,1903.4,9.05,13191.07,108565.29,-95374.22,44.3,31.7
140,2023,Kharif,Groundnut,Bihar,Small,5.51,Loamy,6.94,High-Yield Variety,Borewell,797.1,28.6,87.8,114.9,4.19,561.9,0.688,385.0,3.867,21.31,1921.3,5.27,38785.1,269780.53,-230995.43,32.5,28.0
141,2024,Zaid,Rice,Punjab,Small,1.15,Loamy,7.01,High-Yield Variety,Rainfed,118.0,31.0,33.5,153.7,4.05,113.1,3.084,325.0,3.488,4.01,1448.1,8.74,5299.31,51125.66,-45826.35,29.2,28.4
142,2024,Zaid,Groundnut,Uttar Pradesh,Small,2.57,Alluvial,6.61,High-Yield Variety,Canal,153.3,33.6,40.1,87.3,2.87,297.0,1.066,283.0,3.165,8.13,1553.9,7.41,11697.02,106186.73,-94489.71,31.0,21.0
143,2023,Rabi,Barley,Jharkhand,Small,1.92,Alluvial,7.33,Traditional,Sprinkler,231.5,17.8,59.0,120.0,3.52,303.0,1.523,376.0,4.615,8.86,2153.4,11.71,16844.8,80451.9,-63607.1,12.5,8.2
144,2023,Kharif,Wheat,Assam,Medium,2.4,Sandy,6.84,High-Yield Variety,Canal,771.2,31.6,74.8,114.7,2.73,537.4,1.028,192.0,5.522,13.25,1614.7,3.72,20598.14,123465.21,-102867.07,29.4,23.3
145,2023,Rabi,Barley,West Bengal,Large,3.1,Loamy,6.59,Traditional,Canal,290.2,19.3,62.9,138.0,3.33,316.6,1.498,268.0,4.744,14.71,2274.8,7.01,31115.83,140332.45,-109216.62,17.0,15.2
146,2024,Kharif,Maize,Assam,Small,1.07,Alluvial,6.39,Traditional,Canal,836.6,29.0,72.9,103.5,3.9,544.8,1.146,244.0,6.242,6.68,1741.0,7.33,10777.38,62632.7,-51855.32,52.6,53.6
147,2021,Kharif,Wheat,Assam,Large,0.69,Clay,6.98,High-Yield Variety,Borewell,792.5,32.1,72.2,164.7,3.11,583.3,0.892,372.0,5.204,3.59,1761.9,4.71,6027.72,53915.57,-47887.85,42.2,37.4
148,2021,Zaid,Rice,Uttar Pradesh,Small,1.02,Sandy,6.06,High-Yield Variety,Sprinkler,79.1,36.1,46.2,130.9,3.17,226.6,1.682,352.0,3.812,3.89,1635.1,8.24,5836.06,53323.39,-47487.33,43.7,44.8
149,2024,Kharif,Wheat,Chhattisgarh,Small,1.56,Alluvial,6.43,High-Yield Variety,Canal,875.3,30.3,84.4,162.5,3.6,535.9,0.946,308.0,5.068,7.91,1770.6,6.78,13056.26,80569.38,-67513.12,42.5,34.3
150,2023,Kharif,Barley,West Bengal,Small,3.01,Black,6.5,High-Yield Variety,Canal,777.8,29.5,72.6,142.5,4.46,512.4,0.917,269.0,4.698,14.14,2150.2,7.94,27989.98,153406.03,-125416.05,43.6,40.6
151,2022,Rabi,Soybean,Bihar,Small,1.54,Alluvial,6.36,High-Yield Variety,Canal,235.0,22.0,50.2,108.2,3.7,358.2,0.989,331.0,,5.45,1997.8,5.14,10328.95,73132.2,-62803.25,27.2,23.0
152,2022,Rabi,Mustard,Jharkhand,Large,2.08,Alluvial,6.29,High-Yield Variety,Canal,202.4,20.3,63.1,93.3,3.93,415.4,0.586,248.0,2.432,5.06,1858.7,2.37,9181.58,94202.9,-85021.32,16.3,14.3
153,2023,Kharif,Mustard,Chhattisgarh,Small,4.08,Alluvial,6.12,High-Yield Variety,Borewell,616.0,32.7,79.5,126.2,6.1,504.5,0.461,305.0,2.326,9.49,2101.5,8.44,18259.93,210178.4,-191918.47,50.3,34.9
154,2021,Kharif,Barley,Uttar Pradesh,Small,2.48,Loamy,6.61,Traditional,Drip,740.1,28.5,71.2,,4.22,376.5,1.255,312.0,4.726,11.72,2191.7,6.89,23917.25,131401.55,-107484.3,38.5,23.5
155,2021,Rabi,Rice,Uttar Pradesh,Small,4.0,Clay,5.86,Traditional,Drip,275.9,24.0,63.2,64.3,1.88,200.9,2.577,248.0,5.177,20.71,2131.8,9.19,40094.25,164923.7,-124829.45,22.8,20.3
156,2022,Rabi,Mustard,Odisha,Large,1.67,Sandy,6.33,Traditional,Canal,269.0,21.6,62.3,96.7,3.07,303.0,1.081,261.0,3.276,5.47,2362.8,8.78,11789.26,85551.29,-73762.03,23.1,21.1
157,2024,Rabi,Groundnut,Uttar Pradesh,Large,2.72,Loamy,6.27,High-Yield Variety,Borewell,267.3,25.0,58.3,169.6,3.44,377.6,0.957,377.0,3.614,9.83,2132.4,5.29,19851.41,125364.82,-105513.41,20.3,20.6
158,2024,Zaid,Maize,Assam,Small,4.39,Clay,6.97,High-Yield Variety,Rainfed,237.6,31.9,38.8,144.9,1.35,203.9,2.105,214.0,4.291,18.84,1467.2,11.93,24343.1,180998.22,-156655.12,6.0,4.7
159,2022,Kharif,Wheat,Bihar,Medium,3.48,Clay,6.48,High-Yield Variety,Sprinkler,789.3,28.6,76.3,97.7,3.55,415.9,1.4,333.0,5.82,20.26,1848.8,5.4,35432.1,164579.97,-129147.87,27.4,26.4
160,2023,Kharif,Sugarcane,Assam,Medium,2.93,Alluvial,6.7,High-Yield Variety,Sprinkler,847.9,26.7,69.2,147.2,3.35,484.0,7.831,540.0,37.9,111.05,1641.4,4.66,173776.86,152580.52,21196.34,35.4,23.8
161,2023,Kharif,Groundnut,Assam,Small,3.36,Sandy,6.95,Traditional,Sprinkler,746.7,26.8,81.4,115.9,6.38,414.9,1.05,392.0,4.358,14.64,2022.4,4.6,28247.13,174802.3,-146555.17,40.8,37.2
162,2024,Zaid,Soybean,Assam,Medium,2.61,Alluvial,6.93,Traditional,Rainfed,35.5,38.1,42.5,151.6,3.44,193.9,1.443,192.0,2.798,7.3,1980.8,10.12,12996.89,102368.05,-89371.16,28.5,30.9
163,2023,Rabi,Maize,Jharkhand,Small,1.42,Clay,6.95,High-Yield Variety,Borewell,286.5,21.2,50.3,151.5,3.63,411.3,1.286,253.0,5.288,7.51,1920.3,8.52,13192.51,69937.54,-56745.03,20.0,16.6
164,2022,Kharif,Barley,Uttar Pradesh,Medium,1.37,Loamy,6.07,High-Yield Variety,Drip,790.9,31.7,77.5,95.3,3.93,353.8,1.647,357.0,5.826,7.98,1676.8,7.77,12341.02,71807.79,-59466.77,43.9,38.4
165,2021,Rabi,Maize,Odisha,Small,3.27,Black,6.29,High-Yield Variety,Borewell,168.5,17.0,53.3,102.9,1.38,279.9,1.726,378.0,4.831,15.8,1942.3,5.94,28865.71,142301.06,-113435.35,23.0,16.5
166,2021,Rabi,Maize,Chhattisgarh,Medium,3.78,Sandy,5.78,High-Yield Variety,Rainfed,215.0,24.4,60.3,101.0,3.95,184.5,2.249,394.0,4.149,15.68,2257.9,7.93,32595.05,176047.06,-143452.01,13.0,10.7
167,2022,Rabi,Groundnut,Punjab,Small,1.62,Clay,6.6,High-Yield Variety,Sprinkler,219.1,22.1,60.9,84.5,2.55,264.6,1.339,372.0,3.542,5.74,1962.4,14.99,9576.06,79202.77,-69626.71,23.6,18.5
168,2021,Zaid,Rice,Chhattisgarh,Medium,2.11,Alluvial,5.89,High-Yield Variety,Sprinkler,87.3,27.7,31.7,124.3,3.6,199.5,1.996,316.0,3.983,8.4,1657.2,6.89,12960.73,86008.87,-73048.14,36.6,25.2
169,2021,Zaid,Groundnut,Odisha,Small,3.14,Clay,5.99,High-Yield Variety,Rainfed,51.3,33.7,48.1,125.7,2.57,161.5,1.493,252.0,2.412,7.57,1475.6,5.55,10550.49,131390.75,-120840.26,21.3,13.9
170,2024,Rabi,Wheat,Odisha,Large,1.91,Loamy,5.93,Traditional,Rainfed,313.7,22.8,62.5,163.0,3.04,210.2,1.762,282.0,,7.07,2047.3,7.15,13438.64,90695.9,-77257.26,33.4,21.0
171,2022,Rabi,Rice,Bihar,Medium,1.93,Loamy,6.59,High-Yield Variety,Drip,150.4,24.1,59.1,113.0,4.09,223.2,2.944,332.0,6.571,12.68,1950.2,7.17,22954.86,88898.42,-65943.56,18.9,19.3
172,2021,Rabi,Soybean,Bihar,Medium,0.85,Alluvial,7.13,High-Yield Variety,Drip,209.0,24.0,60.3,152.9,2.61,180.3,2.507,272.0,4.52,3.84,2047.3,2.0,7704.32,43986.79,-36282.47,25.2,18.9
173,2024,Kharif,Soybean,Assam,Medium,1.7,Loamy,5.97,High-Yield Variety,Borewell,815.0,28.4,88.5,125.2,4.07,561.1,0.688,270.0,3.86,6.56,1779.6,4.58,11138.7,96477.98,-85339.28,40.9,30.8
174,2023,Zaid,Soybean,Bihar,Large,2.95,Alluvial,6.62,Traditional,Rainfed,169.7,33.1,53.5,93.5,3.36,214.8,1.105,450.0,2.373,7.0,1584.7,3.52,10703.01,121362.03,-110659.02,35.7,27.9
175,2024,Zaid,Barley,West Bengal,Small,1.87,Sandy,7.0,Traditional,Canal,148.5,35.2,42.4,144.8,3.56,240.5,1.552,315.0,3.732,6.98,1722.0,3.11,11646.45,82262.75,-70616.3,34.2,23.5
176,2023,Rabi,Wheat,Uttar Pradesh,Medium,1.42,Clay,6.25,High-Yield Variety,Sprinkler,212.1,20.1,49.6,116.1,1.95,273.2,1.754,351.0,4.793,6.81,1849.8,9.45,11406.12,65782.65,-54376.53,4.8,4.8
177,2021,Rabi,Maize,Jharkhand,Medium,3.72,Sandy,6.86,Traditional,Canal,265.9,23.1,48.2,75.3,5.11,341.8,1.701,349.0,5.814,21.63,2208.4,10.96,42532.18,163743.51,-121211.33,32.9,26.5
178,2024,Rabi,Maize,Odisha,Medium,2.12,Sandy,6.6,Traditional,Rainfed,207.5,21.4,57.8,91.6,1.87,161.1,2.959,346.0,4.768,10.11,2069.2,3.92,20099.62,100325.04,-80225.42,31.9,28.8
179,2022,Kharif,Maize,Bihar,Medium,3.26,Sandy,7.5,Traditional,Drip,841.2,29.6,81.1,119.5,3.29,354.6,2.136,292.0,7.572,24.68,1996.3,3.37,47606.64,153483.26,-105876.62,37.1,37.0
180,2023,Kharif,Groundnut,Bihar,Small,2.58,Loamy,5.31,Traditional,Borewell,761.2,29.9,88.4,148.8,0.65,562.6,0.587,320.0,3.302,8.52,,9.96,13998.2,134449.94,-120451.74,55.4,41.0
181,2023,Rabi,Wheat,West Bengal,Medium,1.15,Loamy,5.7,Traditional,Canal,123.1,22.2,51.1,103.9,3.07,273.2,1.71,282.0,4.671,5.37,1752.0,3.05,9120.94,58603.19,-49482.25,25.3,26.2
182,2023,Kharif,Mustard,Jharkhand,Small,2.2,Black,7.25,Traditional,Rainfed,815.6,24.5,78.2,180.1,4.68,312.8,1.011,212.0,3.161,6.95,2049.6,6.01,13388.23,109570.92,-96182.69,35.1,38.4
183,2022,Kharif,Groundnut,Uttar Pradesh,Medium,3.36,Loamy,6.74,Traditional,,773.7,28.1,74.0,138.3,3.97,419.2,1.007,245.0,4.223,14.19,1846.1,0.5,26065.11,160260.16,-134195.05,59.4,40.9
184,2022,Kharif,Rice,Bihar,Small,2.9,Alluvial,6.78,Traditional,Drip,733.5,27.7,87.5,136.6,3.73,359.1,1.835,298.0,6.588,19.11,1855.7,10.09,31885.61,141295.98,-109410.37,44.6,27.2
185,2021,Kharif,Mustard,Punjab,Small,2.7,Black,5.51,High-Yield Variety,Canal,787.6,28.6,78.4,107.7,4.16,482.1,0.593,261.0,2.857,7.71,1935.3,7.62,13783.54,136670.61,-122887.07,54.5,52.9
186,2022,Zaid,Sugarcane,Assam,Large,3.63,Loamy,6.45,High-Yield Variety,Sprinkler,103.0,30.7,41.0,117.5,4.74,208.1,12.657,258.0,26.342,95.62,1818.4,12.04,152931.82,153664.02,-732.2,31.5,31.0
187,2022,Kharif,Soybean,Assam,Large,2.78,Loamy,6.08,Traditional,Rainfed,817.3,28.2,74.1,96.1,3.34,278.0,1.063,362.0,2.954,8.21,1741.1,9.52,12932.93,140197.5,-127264.57,41.6,42.3
188,2024,Rabi,Soybean,Punjab,Small,2.59,Alluvial,6.24,High-Yield Variety,Rainfed,261.5,23.3,45.3,128.9,4.4,185.0,1.631,295.0,3.019,7.82,2312.8,9.77,16318.76,122868.43,-106549.67,23.8,16.0
189,2023,Rabi,Sugarcane,Punjab,Small,4.75,Loamy,6.9,Traditional,Canal,265.9,20.9,61.9,90.8,3.34,393.3,7.919,404.0,31.148,147.95,2192.4,13.61,280209.52,202383.14,77826.38,33.1,23.3
190,2022,Zaid,Mustard,Bihar,Medium,1.28,Sandy,6.61,High-Yield Variety,Sprinkler,150.8,32.5,43.2,131.5,2.31,278.3,0.923,286.0,2.568,3.29,1422.4,4.04,4490.66,55514.29,-51023.63,32.0,26.3
191,2022,Kharif,Maize,Chhattisgarh,Large,1.81,Black,5.83,High-Yield Variety,Drip,805.3,30.1,80.4,127.5,3.55,345.2,1.946,380.0,,12.16,1950.0,8.7,21648.57,100213.09,-78564.52,33.9,36.8
192,2021,Zaid,Barley,Uttar Pradesh,Small,2.47,Black,6.81,High-Yield Variety,,93.3,36.9,47.4,116.1,2.46,164.8,1.713,233.0,2.823,6.97,1836.2,9.24,11615.88,102299.61,-90683.73,30.4,30.6
193,2022,Zaid,Barley,Jharkhand,Small,1.73,Loamy,6.12,High-Yield Variety,Rainfed,52.6,33.6,34.3,118.4,3.98,127.7,1.853,272.0,2.367,4.09,1703.5,8.13,6400.71,72717.8,-66317.09,17.1,18.1
194,2021,Rabi,Mustard,Punjab,Medium,3.19,Sandy,6.84,Traditional,Drip,183.3,16.2,58.0,75.5,4.42,216.0,1.308,289.0,2.826,9.01,1979.1,4.04,17110.64,143311.32,-126200.68,24.8,26.6
195,2023,Rabi,Maize,Assam,Small,1.12,Loamy,6.35,High-Yield Variety,Drip,213.1,24.0,57.1,142.7,3.85,159.1,3.768,146.0,5.996,6.72,1848.7,8.24,11400.24,55762.14,-44361.9,27.4,28.1
196,2021,Kharif,Sugarcane,Assam,Small,4.28,Alluvial,,High-Yield Variety,Drip,846.2,30.7,82.1,156.8,6.09,366.3,10.874,280.0,39.832,170.48,1972.1,8.84,306495.23,210578.84,95916.39,44.7,41.7
197,2022,Kharif,Sugarcane,Uttar Pradesh,Small,1.36,Sandy,6.12,Traditional,Borewell,864.3,26.9,81.8,137.8,5.37,607.6,5.58,368.0,33.906,46.11,1612.4,10.64,66440.2,71695.01,-5254.81,48.5,50.8
198,2021,Rabi,Sugarcane,Uttar Pradesh,Small,2.71,Sandy,6.72,High-Yield Variety,,168.3,21.8,53.6,144.9,3.5,176.7,13.984,254.0,24.708,66.96,,7.78,133863.94,119658.9,14205.04,19.0,18.8
199,2021,Zaid,Barley,Punjab,Medium,2.31,Alluvial,7.09,High-Yield Variety,Drip,69.2,32.9,39.5,116.7,0.83,148.5,2.687,221.0,3.989,9.22,1670.3,5.66,14528.82,100349.02,-85820.2,27.4,25.4
200,2021,Rabi,Groundnut,Bihar,Small,1.53,Clay,7.08,High-Yield Variety,Canal,260.5,21.6,63.8,80.4,1.76,340.3,1.203,364.0,4.093,6.26,2202.1,6.65,12869.17,77416.26,-64547.09,4.1,2.5
201,2021,Zaid,Sugarcane,Uttar Pradesh,Small,5.18,Black,6.51,High-Yield Variety,Sprinkler,127.8,36.6,52.8,144.2,3.79,229.6,11.161,219.0,25.628,132.75,2196.3,6.73,271934.38,200272.03,71662.35,23.2,14.6
202,2024,Kharif,Groundnut,Assam,Small,0.92,Loamy,7.23,High-Yield Variety,Rainfed,718.4,28.2,87.5,132.9,4.98,293.8,1.323,313.0,3.885,3.57,2036.8,10.22,6528.19,52168.25,-45640.06,29.0,31.2
203,2024,Kharif,Maize,Bihar,Small,2.25,Loamy,6.73,High-Yield Variety,Drip,770.0,27.2,83.9,184.5,5.27,356.1,2.081,269.0,7.409,16.67,1847.0,8.47,28182.27,114716.23,-86533.96,39.0,32.5
204,2021,Rabi,Mustard,Uttar Pradesh,Small,0.51,Clay,6.21,Traditional,,207.9,22.0,65.8,139.0,2.46,283.1,1.111,316.0,3.145,1.6,1888.6,7.37,2799.11,31394.3,-28595.19,25.0,16.2
205,2024,Zaid,Rice,Uttar Pradesh,Small,4.23,Black,7.76,High-Yield Variety,Drip,127.7,35.0,49.9,124.5,3.77,146.7,3.65,284.0,5.354,22.65,1632.3,7.95,34034.57,177777.83,-143743.26,21.8,17.0
206,2021,Rabi,Maize,Odisha,Medium,1.69,Black,7.32,High-Yield Variety,Canal,202.9,18.5,51.9,117.5,1.75,309.2,2.025,298.0,6.26,10.58,1851.9,12.21,17200.02,72281.97,-55081.95,35.6,30.2
207,2024,Kharif,Maize,Assam,Large,2.2,Sandy,7.08,High-Yield Variety,Rainfed,781.0,26.6,83.8,105.9,0.96,263.1,1.976,348.0,5.198,11.44,1696.1,9.48,17564.29,109864.93,-92300.64,27.4,27.1
208,2024,Kharif,Sugarcane,Punjab,Small,2.88,Sandy,6.58,High-Yield Variety,Rainfed,708.1,31.4,78.0,133.9,7.0,271.2,10.043,255.0,27.241,78.45,1826.5,7.95,131898.83,141036.98,-9138.15,37.1,27.9
209,2021,Rabi,Groundnut,Odisha,Medium,0.91,Clay,7.58,High-Yield Variety,Canal,208.2,20.6,58.3,127.2,3.19,324.8,1.107,304.0,3.594,3.27,2113.6,6.04,6493.93,42858.26,-36364.33,18.6,14.3
210,2023,Kharif,Sugarcane,Uttar Pradesh,Small,1.66,Alluvial,7.76,High-Yield Variety,Drip,743.0,26.6,72.0,168.6,4.39,325.1,12.357,331.0,,66.69,1611.0,7.75,99112.7,88495.04,10617.66,61.6,63.0
211,2023,Kharif,Soybean,Bihar,Medium,2.46,Black,6.63,High-Yield Variety,Canal,870.7,30.8,69.8,138.2,3.9,492.3,0.964,331.0,4.747,11.68,1655.9,7.96,17802.61,123811.41,-106008.8,39.4,25.0
212,2021,Rabi,Sugarcane,West Bengal,Large,1.24,Clay,6.83,High-Yield Variety,Rainfed,290.7,22.2,55.5,169.7,3.68,204.9,11.776,320.0,24.127,29.92,1841.7,3.65,53092.77,48725.6,4367.17,31.9,20.1
213,2023,Zaid,Wheat,Jharkhand,Small,2.18,Black,7.37,High-Yield Variety,Sprinkler,69.8,34.1,45.2,22.7,3.23,245.7,1.806,327.0,4.437,9.67,1722.8,5.89,15678.83,96558.4,-80879.57,19.0,12.0
214,2022,Kharif,Mustard,Uttar Pradesh,Medium,0.88,Black,6.54,High-Yield Variety,Rainfed,735.2,26.9,81.2,132.1,2.98,269.7,0.768,326.0,2.072,1.82,1866.5,9.35,3079.48,53533.86,-50454.38,42.9,47.2
215,2023,Kharif,Rice,Bihar,Small,1.91,Alluvial,6.38,High-Yield Variety,Sprinkler,834.4,29.9,79.9,193.5,4.35,439.5,1.377,334.0,6.053,11.56,1568.9,10.2,16287.51,98047.91,-81760.4,39.6,33.2
216,2023,Kharif,Soybean,Odisha,Medium,1.12,Alluvial,6.27,Traditional,Sprinkler,854.2,29.1,71.8,114.7,3.47,434.4,0.872,227.0,3.786,4.24,1732.7,6.42,6875.2,72166.21,-65291.01,38.5,24.0
217,2023,Rabi,Maize,West Bengal,Large,2.39,Sandy,6.57,Traditional,Rainfed,247.5,18.1,66.7,97.0,2.42,144.0,3.485,223.0,5.019,12.0,2057.8,4.46,23593.12,103028.57,-79435.45,7.7,5.7
218,2021,Kharif,Barley,Jharkhand,Small,2.16,Black,6.4,Traditional,Canal,819.4,24.8,73.5,141.1,2.75,541.9,0.908,336.0,4.921,10.63,1654.2,5.85,16556.09,114309.98,-97753.89,39.9,33.2
219,2024,Zaid,Rice,West Bengal,Small,1.35,Alluvial,6.7,High-Yield Variety,Rainfed,75.4,38.4,46.2,144.1,2.56,145.2,2.295,356.0,3.331,4.5,1434.5,3.1,6255.53,60225.6,-53970.07,37.8,30.2
220,2021,Rabi,Soybean,Uttar Pradesh,Small,2.06,Alluvial,5.93,Traditional,Canal,207.9,21.7,56.5,110.5,1.08,332.1,1.09,422.0,3.619,7.46,2036.2,6.91,14140.64,97896.81,-83756.17,25.8,25.0
221,2022,Kharif,Rice,Punjab,Medium,1.56,Sandy,6.51,High-Yield Variety,Canal,795.0,28.9,71.9,183.9,4.2,477.5,1.212,244.0,5.786,9.03,1863.3,6.44,15742.66,91149.24,-75406.58,48.6,37.9
222,2021,Kharif,Wheat,Chhattisgarh,Small,2.14,Loamy,6.68,Traditional,Canal,843.0,28.0,80.5,94.8,4.8,569.6,1.041,263.0,5.929,12.69,1784.6,4.59,21608.0,112534.53,-90926.53,40.7,37.3
223,2024,Kharif,Soybean,Uttar Pradesh,Large,0.69,Black,6.86,High-Yield Variety,Canal,721.7,29.6,73.6,115.0,5.01,531.0,0.864,267.0,4.586,3.16,1663.6,5.41,4972.37,40068.9,-35096.53,45.9,49.1
224,2022,Kharif,Wheat,Punjab,Small,1.1,Loamy,6.91,High-Yield Variety,Drip,760.9,29.5,84.1,159.0,2.76,337.4,1.649,279.0,5.562,6.12,1724.4,5.6,9962.14,59976.02,-50013.88,37.7,32.2
225,2021,Kharif,Groundnut,Bihar,Large,1.97,Black,7.01,Traditional,Drip,699.8,31.6,78.6,,3.82,324.6,1.424,298.0,4.623,9.11,1949.5,0.5,17671.17,106014.16,-88342.99,53.8,35.0
226,2024,Rabi,Soybean,Chhattisgarh,Small,1.99,Clay,6.46,High-Yield Variety,Rainfed,240.4,21.7,57.4,122.0,3.82,172.1,1.559,277.0,2.684,5.34,1976.2,7.07,9806.34,92569.56,-82763.22,21.6,20.2
227,2021,Rabi,Soybean,Assam,Large,7.39,Sandy,6.58,High-Yield Variety,Drip,206.8,19.9,63.9,106.3,4.77,171.3,2.606,356.0,4.463,32.98,2205.0,8.59,66473.21,313694.55,-247221.34,29.4,18.1
228,2021,Rabi,Mustard,West Bengal,Small,1.83,Sandy,6.78,Traditional,Drip,211.3,21.8,64.8,115.7,3.21,203.3,1.702,333.0,3.461,6.33,1918.7,1.11,12010.98,82059.98,-70049.0,24.7,19.3
229,2024,Kharif,Maize,Odisha,Medium,3.25,Black,6.46,High-Yield Variety,Canal,902.0,30.0,59.7,148.8,4.67,592.4,1.03,352.0,6.104,19.84,1904.5,10.77,33716.28,161847.22,-128130.94,45.8,42.3
230,2023,Kharif,Sugarcane,Assam,Small,2.39,Clay,6.78,High-Yield Variety,Borewell,828.2,30.9,82.2,134.1,4.92,562.9,5.94,284.0,33.438,79.92,1741.2,8.45,127401.32,120158.92,7242.4,44.4,30.8
231,2021,Rabi,Maize,Odisha,Large,3.24,Loamy,5.93,Traditional,Borewell,150.5,22.5,61.1,112.9,4.5,341.2,1.649,334.0,5.626,18.23,1796.6,8.29,30037.03,144755.41,-114718.38,26.8,25.1
232,2021,Kharif,Mustard,Jharkhand,Small,3.24,Clay,6.98,Traditional,Canal,684.1,29.7,75.8,113.5,3.77,482.2,0.665,251.0,3.205,10.38,1726.2,6.51,16751.91,164498.43,-147746.52,29.9,28.3
233,2024,Rabi,Rice,Chhattisgarh,Small,4.22,Loamy,7.03,High-Yield Variety,Canal,268.1,24.8,52.9,98.9,3.37,316.3,1.781,330.0,5.631,23.76,2085.6,2.32,48406.07,183543.61,-135137.54,17.7,14.2
234,2021,Zaid,Soybean,Chhattisgarh,Large,2.78,Clay,6.62,Traditional,Rainfed,72.1,34.8,40.9,107.2,1.97,116.4,2.135,472.0,2.484,6.91,1686.6,6.79,10863.07,121285.18,-110422.11,35.8,22.5
235,2022,Rabi,Mustard,Bihar,Small,1.6,Clay,7.41,High-Yield Variety,Rainfed,338.7,21.4,54.7,145.8,5.98,202.0,1.391,179.0,2.81,4.5,2215.4,7.83,9188.48,72338.54,-63150.06,28.3,24.4
236,2023,Zaid,Rice,Assam,Medium,0.77,Loamy,6.81,High-Yield Variety,Drip,44.6,38.9,49.0,134.1,3.75,161.5,2.631,337.0,4.25,3.27,1738.3,6.97,5288.14,36656.85,-31368.71,23.5,21.1
237,2023,Kharif,Sugarcane,Odisha,Medium,0.81,Alluvial,6.14,High-Yield Variety,Drip,870.5,26.9,82.7,100.6,3.64,353.4,11.301,289.0,39.933,32.35,2096.3,3.51,65436.93,49465.22,15971.71,57.3,53.6
238,2024,Zaid,Barley,Uttar Pradesh,Small,2.02,Clay,5.59,Traditional,Rainfed,80.3,35.9,34.9,154.8,2.16,165.8,1.507,456.0,2.497,5.04,1535.8,6.67,7224.24,93246.5,-86022.26,35.1,34.0
239,2022,Kharif,Groundnut,West Bengal,Small,3.56,Loamy,6.43,High-Yield Variety,Canal,800.0,27.9,78.0,154.2,3.86,545.3,0.714,401.0,3.892,13.86,1823.1,6.32,23671.89,177646.46,-153974.57,41.4,35.5
240,2024,Zaid,Maize,Odisha,Small,1.12,Sandy,7.63,Traditional,Canal,41.9,36.9,49.7,112.8,3.06,252.0,1.86,411.0,4.687,5.25,1671.0,5.58,8283.23,60422.85,-52139.62,31.5,26.9
241,2023,Rabi,Rice,Uttar Pradesh,Small,1.23,Loamy,6.73,Traditional,Canal,273.5,21.6,58.3,187.7,3.02,264.7,2.406,363.0,6.368,7.83,1944.3,11.94,13406.9,68800.62,-55393.72,19.7,14.0
242,2024,Rabi,Sugarcane,Chhattisgarh,Small,2.95,Loamy,6.22,Traditional,Canal,312.8,21.3,59.7,134.3,4.99,399.8,7.694,342.0,30.758,90.74,2482.0,7.89,207437.25,130858.08,76579.17,20.3,14.4
243,2021,Zaid,Groundnut,Bihar,Small,1.72,Alluvial,6.5,High-Yield Variety,Borewell,199.3,28.8,53.2,103.5,2.67,346.0,0.795,447.0,2.75,4.73,1880.1,10.01,8002.6,84693.15,-76690.55,23.5,18.8
244,2021,Kharif,Maize,Odisha,Small,4.15,Sandy,6.52,High-Yield Variety,Canal,793.1,31.0,77.0,133.9,3.44,544.1,1.176,511.0,6.396,26.54,1863.7,3.95,47510.01,207895.45,-160385.44,43.6,31.4
245,2024,Zaid,Soybean,Uttar Pradesh,Medium,1.9,Clay,6.67,High-Yield Variety,Rainfed,14.3,33.9,50.5,127.8,3.48,179.9,1.228,183.0,2.209,4.2,1833.1,3.0,7467.91,81441.52,-73973.61,28.4,19.7
246,2024,Kharif,Rice,Chhattisgarh,Medium,1.33,Loamy,6.83,High-Yield Variety,Borewell,782.5,30.6,74.4,67.4,3.78,553.5,1.063,289.0,5.882,7.82,1868.1,8.66,13344.2,71423.26,-58079.06,34.0,36.7
247,2024,Rabi,Rice,Chhattisgarh,Large,1.13,Loamy,5.79,High-Yield Variety,Canal,217.8,20.7,67.5,170.3,4.14,281.7,1.916,366.0,5.399,6.1,1874.4,6.26,10718.47,63477.02,-52758.55,24.9,25.4
248,2021,Kharif,Barley,West Bengal,Small,1.65,Clay,6.73,High-Yield Variety,Drip,836.1,26.9,88.3,117.7,3.18,351.9,1.519,437.0,5.343,8.82,1697.4,6.05,14065.86,87954.44,-73888.58,49.1,30.4
249,2023,Zaid,Maize,Bihar,Medium,1.46,Clay,6.53,High-Yield Variety,Drip,118.6,31.3,54.6,144.0,1.41,219.0,2.291,255.0,5.017,7.33,1464.0,10.07,9650.16,68258.76,-58608.6,27.4,29.0
250,2024,Zaid,Sugarcane,Assam,Small,0.66,Clay,6.39,Traditional,Drip,65.7,33.3,50.3,88.5,4.25,184.6,15.158,393.0,27.98,18.47,1725.5,8.42,29187.11,42796.4,-13609.29,24.6,18.5
251,2022,Zaid,Barley,Bihar,Small,2.5,Black,6.12,Traditional,Drip,116.2,33.4,47.7,154.5,1.64,191.6,2.283,306.0,4.374,10.93,1759.3,7.04,17875.72,112829.13,-94953.41,35.0,24.6
252,2022,Rabi,Maize,Bihar,Small,0.69,Alluvial,6.35,Traditional,Rainfed,86.4,21.1,70.8,106.8,3.8,131.7,3.58,328.0,4.716,3.25,2117.8,7.83,6344.0,36117.65,-29773.65,13.8,12.3
253,2024,Rabi,Mustard,Chhattisgarh,Small,3.38,Black,5.94,Traditional,Borewell,209.6,21.5,61.4,121.6,1.69,356.4,0.642,423.0,2.289,7.74,2290.8,4.62,16911.23,150561.75,-133650.52,13.5,11.0
254,2023,Kharif,Rice,West Bengal,Large,1.86,Clay,6.99,Traditional,Rainfed,706.9,30.4,79.9,143.4,4.16,263.3,1.897,212.0,4.994,9.29,1802.2,4.72,15952.82,93021.73,-77068.91,47.4,32.6
255,2022,Kharif,Barley,Assam,Medium,2.21,Black,6.86,High-Yield Variety,Canal,799.0,30.7,74.5,147.3,4.21,531.0,0.859,313.0,4.561,10.08,1577.0,4.36,15203.7,111837.6,-96633.9,34.4,36.0
256,2023,Kharif,Maize,Assam,Small,1.56,Loamy,7.31,High-Yield Variety,Canal,754.9,27.1,74.9,164.8,3.42,543.0,1.192,247.0,6.472,10.1,1788.1,15.81,15204.67,80453.09,-65248.42,30.0,21.7
257,2023,Kharif,Rice,Bihar,Medium,8.45,Sandy,7.82,Traditional,Borewell,748.1,27.8,71.4,166.4,4.3,541.5,1.175,240.0,6.365,53.78,1692.7,3.9,87485.17,403557.47,-316072.3,31.8,34.5
258,2021,Kharif,Wheat,West Bengal,Large,2.96,Black,7.61,High-Yield Variety,Borewell,714.4,30.6,72.2,146.6,3.99,536.6,0.972,246.0,5.215,15.44,2084.9,5.63,30379.13,153236.79,-122857.66,29.7,32.2
259,2024,Kharif,Sugarcane,Bihar,Medium,1.22,Alluvial,6.67,High-Yield Variety,Borewell,720.9,28.5,84.4,146.1,4.17,503.7,6.781,314.0,34.153,41.67,1941.9,6.22,75889.69,74186.35,1703.34,47.0,37.3
260,2024,Zaid,Mustard,Punjab,Medium,4.83,Loamy,5.88,Traditional,Borewell,5.0,34.9,46.8,59.4,1.96,305.7,0.635,313.0,1.942,9.38,1715.7,3.78,15485.22,197711.04,-182225.82,30.9,19.0
261,2021,Rabi,Rice,Assam,Small,1.75,Clay,5.72,High-Yield Variety,Canal,275.5,22.7,56.9,99.7,4.48,399.9,1.254,253.0,5.015,8.78,1924.0,10.69,15087.69,79800.6,-64712.91,18.8,14.7
262,2022,Rabi,Soybean,West Bengal,Small,1.54,Alluvial,6.93,High-Yield Variety,Canal,130.7,23.1,55.6,214.4,1.36,300.7,1.222,613.0,3.673,5.66,2032.9,4.53,10984.69,80242.76,-69258.07,21.5,17.9
263,2021,Kharif,Soybean,Assam,Medium,1.33,Loamy,6.2,High-Yield Variety,Drip,835.2,29.4,71.5,169.0,5.43,348.1,1.221,271.0,4.251,5.65,,4.55,9588.15,79854.82,-70266.67,37.2,37.9
264,2022,Zaid,Sugarcane,Chhattisgarh,Medium,0.63,Loamy,6.71,Traditional,Rainfed,82.6,35.3,41.9,76.4,1.91,169.8,11.492,230.0,19.509,12.29,1754.7,4.65,20563.47,30959.86,-10396.39,39.7,40.2
265,2022,Kharif,Sugarcane,Punjab,Small,1.61,Black,7.38,High-Yield Variety,Borewell,818.3,28.0,72.6,184.2,3.26,631.1,5.349,260.0,33.757,54.35,1643.8,9.1,81209.44,86237.71,-5028.27,37.1,37.9
266,2023,Kharif,Barley,Bihar,Medium,4.55,Alluvial,5.93,Traditional,Canal,713.0,31.4,83.1,155.8,3.61,576.4,0.927,374.0,5.342,24.31,1914.2,6.99,43279.93,224248.51,-180968.58,44.6,44.7
267,2024,Kharif,Maize,Chhattisgarh,Small,2.38,Clay,6.68,Traditional,Sprinkler,731.1,30.0,75.2,123.3,4.8,419.4,1.553,254.0,6.514,15.5,,8.5,28251.83,116062.96,-87811.13,42.7,34.2
268,2023,Kharif,Rice,Punjab,Large,2.11,Clay,6.28,High-Yield Variety,Rainfed,725.9,26.6,81.1,168.8,3.74,259.3,1.935,374.0,5.019,10.59,1622.9,10.83,15323.98,113264.1,-97940.12,44.8,46.0
269,2024,Kharif,Barley,Odisha,Small,1.89,Black,6.44,High-Yield Variety,Sprinkler,816.1,27.1,90.7,123.2,3.95,374.3,1.434,254.0,5.366,10.14,1796.0,4.18,17450.15,97777.32,-80327.17,52.8,57.9
270,2023,Kharif,Rice,Punjab,Small,1.28,Black,6.67,Traditional,Canal,801.6,26.7,75.5,133.6,2.74,486.6,1.209,399.0,5.881,7.53,2013.4,5.05,14395.09,62970.49,-48575.4,32.0,28.5
271,2024,Zaid,Groundnut,Punjab,Small,1.84,Loamy,5.99,High-Yield Variety,Rainfed,136.6,31.0,49.6,110.1,4.76,128.1,1.771,308.0,2.268,4.17,1466.0,10.03,5499.76,79414.1,-73914.34,18.3,13.8
272,2022,Rabi,Groundnut,Assam,Small,5.38,Alluvial,7.57,High-Yield Variety,Rainfed,267.6,21.5,54.9,108.8,5.01,186.0,1.335,500.0,2.484,13.37,,10.53,23587.58,230324.98,-206737.4,11.5,8.4
273,2024,Rabi,Rice,Punjab,Large,1.17,Black,7.56,Traditional,Borewell,206.4,23.4,57.9,121.2,3.77,286.6,2.071,210.0,5.935,6.94,2003.0,5.65,13115.63,53307.29,-40191.66,21.8,17.6
274,2023,Kharif,Wheat,Jharkhand,Small,2.86,Sandy,5.74,High-Yield Variety,Canal,819.4,27.7,76.0,123.2,1.34,535.4,0.935,382.0,5.004,14.31,2044.5,13.25,25379.62,147463.28,-122083.66,47.1,37.8
275,2021,Rabi,Mustard,Assam,Large,0.89,Sandy,5.87,Traditional,Rainfed,240.0,20.8,60.0,127.2,4.23,166.2,1.45,282.0,2.409,2.14,2185.2,7.87,4308.34,47097.61,-42789.27,25.4,23.9
276,2022,Rabi,Soybean,Odisha,Small,1.91,Black,6.04,High-Yield Variety,Canal,360.7,17.6,53.9,176.0,1.93,341.7,1.251,280.0,4.275,8.17,2053.0,8.04,15424.93,85207.41,-69782.48,20.2,15.4
277,2023,Rabi,Sugarcane,Jharkhand,Medium,1.63,Black,6.78,Traditional,Canal,355.2,21.4,50.0,150.4,2.41,360.0,8.872,330.0,31.942,52.07,2125.7,4.55,105649.7,83940.34,21709.36,34.4,22.6
278,2023,Kharif,Barley,Jharkhand,Medium,0.63,Black,6.22,Traditional,Drip,766.3,28.7,88.6,129.6,3.78,301.9,1.596,346.0,4.819,3.04,1917.3,3.0,5654.02,43333.64,-37679.62,49.3,35.4
279,2022,Rabi,Maize,Assam,Large,2.47,Sandy,5.83,High-Yield Variety,Drip,157.5,19.7,61.1,116.6,4.78,157.6,4.205,360.0,6.628,16.37,,9.95,28231.67,108459.98,-80228.31,35.8,25.0
280,2022,Rabi,Rice,Jharkhand,Medium,1.78,Black,6.24,High-Yield Variety,Rainfed,,17.6,72.3,128.5,4.14,139.7,3.103,354.0,4.336,7.72,1986.7,3.72,14766.48,82026.19,-67259.71,10.4,9.9
281,2021,Kharif,Soybean,Chhattisgarh,Small,3.34,Alluvial,7.58,Traditional,Borewell,884.7,27.2,83.2,154.9,4.16,557.3,0.764,213.0,4.26,14.23,1797.9,6.61,23892.59,160500.21,-136607.62,33.9,21.4
282,2024,Rabi,Mustard,West Bengal,Medium,1.39,Loamy,7.29,Traditional,Drip,227.1,22.0,66.7,105.0,4.39,204.4,1.852,387.0,3.786,5.26,2064.0,4.99,10314.59,70885.56,-60570.97,17.2,10.8
283,2023,Rabi,Rice,Jharkhand,Small,1.49,Clay,5.99,High-Yield Variety,Canal,199.8,21.4,60.4,112.4,3.58,324.2,1.696,330.0,5.497,8.19,2075.0,5.1,16127.63,73560.61,-57432.98,26.5,16.3
284,2023,Rabi,Maize,Odisha,Large,0.94,Black,6.7,High-Yield Variety,Rainfed,89.6,19.4,48.6,95.0,3.21,132.4,2.55,247.0,3.374,3.17,,10.58,5683.2,43157.21,-37474.01,17.1,11.9
285,2022,Zaid,Wheat,Chhattisgarh,Small,2.5,Alluvial,6.08,High-Yield Variety,Rainfed,104.8,36.4,44.7,137.3,4.26,187.9,1.59,316.0,2.988,7.47,1790.4,8.17,12280.9,112269.28,-99988.38,23.9,25.2
286,2022,Kharif,Groundnut,Jharkhand,Medium,1.58,Black,6.05,High-Yield Variety,Drip,794.8,30.2,89.9,157.6,4.26,291.7,1.511,231.0,,6.96,1745.2,7.79,11200.12,82658.41,-71458.29,24.0,21.9
287,2023,Zaid,Barley,Assam,Small,2.25,Loamy,6.96,High-Yield Variety,Borewell,118.9,35.5,50.1,119.1,4.51,326.9,1.262,205.0,4.125,9.28,1749.5,7.17,15071.33,94911.44,-79840.11,16.4,11.3
288,2021,Zaid,Rice,Assam,Medium,1.95,Clay,7.28,Traditional,Borewell,64.3,31.9,47.8,80.9,2.72,321.1,1.149,365.0,3.69,7.2,1600.3,1.88,11305.98,81156.22,-69850.24,23.4,17.0
289,2024,Kharif,Barley,West Bengal,Small,0.69,Clay,7.17,High-Yield Variety,Borewell,796.8,26.8,86.2,143.2,4.46,559.7,0.87,392.0,4.87,3.36,,10.72,5226.9,54743.61,-49516.71,38.3,41.8
290,2023,Kharif,Soybean,Bihar,Small,2.47,Loamy,6.39,High-Yield Variety,Rainfed,742.0,27.5,76.6,160.1,5.14,304.7,1.249,374.0,3.807,9.4,1794.2,7.74,15560.0,123595.01,-108035.01,33.4,29.4
291,2024,Rabi,Barley,Jharkhand,Medium,2.76,Black,6.53,High-Yield Variety,Drip,197.5,19.4,72.2,124.9,2.78,171.4,2.996,236.0,5.135,14.17,2120.9,8.52,27491.85,122094.15,-94602.3,15.7,10.2
292,2024,Zaid,Wheat,Odisha,Small,2.22,Sandy,6.93,Traditional,Drip,115.6,36.3,38.3,142.2,3.08,173.9,2.567,183.0,4.464,9.91,1725.7,13.63,14770.51,93642.11,-78871.6,30.4,31.3
293,2024,Kharif,Wheat,Odisha,Small,1.53,Sandy,7.81,High-Yield Variety,Canal,764.6,30.5,79.2,131.7,4.0,535.7,1.083,313.0,5.802,8.88,1730.0,9.17,13953.31,83134.31,-69181.0,31.2,23.9
294,2021,Kharif,Groundnut,Bihar,Small,4.27,Sandy,5.77,Traditional,Borewell,662.0,27.9,85.3,112.4,4.44,522.5,0.724,338.0,3.786,16.17,1731.1,8.93,25492.75,208542.65,-183049.9,47.2,40.2
295,2024,Rabi,Groundnut,Jharkhand,Small,1.48,Sandy,6.95,High-Yield Variety,Borewell,273.3,21.4,46.4,115.0,3.47,289.8,1.146,435.0,3.32,4.91,2201.9,7.25,10027.41,74953.21,-64925.8,13.5,11.7
296,2022,Rabi,Soybean,Assam,Medium,3.26,Alluvial,7.22,Traditional,Drip,259.4,21.4,61.3,123.0,3.74,221.3,1.828,419.0,4.045,13.19,2065.0,8.55,24910.1,148472.84,-123562.74,24.7,22.4
297,2021,Rabi,Maize,Jharkhand,Small,2.79,Loamy,7.02,High-Yield Variety,Canal,139.5,23.9,61.5,133.5,2.62,272.5,2.142,254.0,5.837,16.28,1936.2,7.42,29183.04,122526.84,-93343.8,22.3,20.5
298,2023,Kharif,Rice,Punjab,Medium,3.16,Alluvial,6.45,High-Yield Variety,Drip,699.8,29.3,79.6,144.7,2.66,335.5,1.958,303.0,6.57,20.76,1902.2,6.47,36933.99,159218.47,-122284.48,25.1,17.1
299,2023,Zaid,Maize,Jharkhand,Small,1.22,Black,6.7,Traditional,Canal,106.5,32.5,39.8,127.8,2.66,215.8,2.001,221.0,4.318,5.27,1742.8,9.69,8294.68,56753.86,-48459.18,32.7,32.6
300,2024,Zaid,Groundnut,Punjab,Large,1.95,Alluvial,6.15,High-Yield Variety,Canal,95.7,29.8,54.3,99.3,4.02,280.6,0.927,375.0,2.6,5.07,,9.14,7933.8,84451.43,-76517.63,31.9,33.5
301,2023,Zaid,Soybean,Assam,Medium,1.14,Sandy,7.42,High-Yield Variety,Drip,135.1,32.6,42.4,117.9,3.49,173.4,2.183,382.0,3.786,4.32,1863.9,7.44,7453.19,52981.02,-45527.83,29.6,32.4
302,2023,Zaid,Wheat,Bihar,Small,3.4,Sandy,7.4,High-Yield Variety,Rainfed,83.3,33.5,49.0,155.2,4.92,181.4,1.786,196.0,3.241,11.02,1595.5,8.22,16136.34,141615.16,-125478.82,39.8,25.0
303,2023,Zaid,Wheat,Assam,Medium,4.97,Loamy,5.58,High-Yield Variety,Canal,103.4,32.8,39.4,89.4,4.6,321.2,1.037,300.0,3.33,16.55,2042.9,3.54,32611.36,199115.05,-166503.69,30.2,24.7
304,2023,Kharif,Rice,Odisha,Small,0.7,Sandy,6.93,High-Yield Variety,Rainfed,786.7,29.0,85.8,179.5,2.87,293.3,1.437,339.0,4.215,2.95,2003.2,4.97,5615.69,38370.14,-32754.45,47.8,41.2
305,2023,Kharif,Barley,Odisha,Medium,2.39,Clay,6.08,High-Yield Variety,Sprinkler,773.9,29.5,71.6,139.7,5.1,406.8,1.347,300.0,5.481,13.1,1638.6,9.73,19377.98,120782.41,-101404.43,24.7,16.6
306,2023,Rabi,Rice,Punjab,Small,4.27,Loamy,5.7,High-Yield Variety,Borewell,301.4,22.2,54.4,152.1,3.44,395.3,1.272,455.0,5.03,21.48,2038.3,5.6,41331.44,182685.86,-141354.42,2.0,1.5
307,2022,Zaid,Mustard,Assam,Medium,3.21,Sandy,6.15,High-Yield Variety,Sprinkler,118.4,35.1,43.2,149.0,4.1,239.0,0.958,337.0,2.291,7.35,1642.9,4.83,11491.34,139758.23,-128266.89,13.9,11.8
308,2021,Kharif,Sugarcane,Jharkhand,Medium,3.88,Loamy,6.7,Traditional,Rainfed,798.0,29.6,80.8,174.6,3.96,325.9,8.448,234.0,27.538,106.85,1737.3,3.17,179739.72,184800.63,-5060.91,52.0,53.6
309,2023,Rabi,Sugarcane,Jharkhand,Large,3.09,Loamy,7.24,High-Yield Variety,Rainfed,165.8,20.5,63.9,60.6,2.99,199.7,12.575,443.0,25.113,77.6,2010.1,5.27,147772.93,132570.34,15202.59,29.3,31.3
310,2021,Rabi,Maize,Assam,Small,2.65,Clay,5.65,High-Yield Variety,Rainfed,258.8,19.2,58.7,121.6,2.63,158.1,2.558,270.0,4.044,10.72,2125.8,9.42,20640.36,118052.1,-97411.74,32.6,28.7
311,2022,Kharif,Sugarcane,Bihar,Small,1.01,Sandy,6.93,High-Yield Variety,Canal,749.3,28.1,84.5,129.1,5.14,558.6,6.374,235.0,35.605,35.96,2011.3,7.78,66695.28,56177.34,10517.94,30.1,31.8
312,2022,Rabi,Soybean,Punjab,Large,0.8,Loamy,6.29,High-Yield Variety,Rainfed,188.4,20.4,52.4,111.5,2.58,174.8,1.827,384.0,3.194,2.56,2189.5,9.75,5058.33,43232.75,-38174.42,7.5,6.4
313,2023,Kharif,Soybean,Bihar,Small,4.15,Black,5.45,High-Yield Variety,Drip,796.6,28.7,77.8,116.7,5.01,342.9,1.307,311.0,4.483,18.6,1895.1,11.36,31243.96,202983.86,-171739.9,33.1,35.8
314,2022,Kharif,Mustard,West Bengal,Medium,2.59,Loamy,7.03,High-Yield Variety,Rainfed,756.2,26.1,75.4,88.4,3.06,297.1,1.015,307.0,3.015,7.81,2085.9,4.06,15628.96,133398.53,-117769.57,31.2,30.0
315,2023,Rabi,Sugarcane,Odisha,Small,2.79,Black,5.83,Traditional,Rainfed,238.8,22.3,54.2,102.9,3.54,161.7,14.9,290.0,24.091,67.21,1769.4,8.46,108860.31,128690.5,-19830.19,11.1,9.6
316,2023,Rabi,Sugarcane,Chhattisgarh,Small,0.87,Black,6.31,High-Yield Variety,Borewell,206.5,21.1,56.4,71.6,3.82,387.9,7.672,327.0,29.755,25.89,1962.0,4.83,48340.18,49971.08,-1630.9,14.2,15.5
317,2021,Rabi,Maize,Odisha,Medium,1.67,Black,6.55,High-Yield Variety,Rainfed,213.3,19.4,62.1,171.5,3.1,174.0,2.719,298.0,4.731,7.9,2063.4,6.54,15234.49,75178.73,-59944.24,19.8,13.3
318,2024,Zaid,Groundnut,West Bengal,Small,1.65,Sandy,7.03,High-Yield Variety,Rainfed,136.1,33.0,47.4,115.3,4.91,129.8,2.076,372.0,2.693,4.44,1540.9,10.3,6136.67,76732.03,-70595.36,30.2,23.0
319,2021,Kharif,Wheat,Uttar Pradesh,Medium,2.13,Clay,,High-Yield Variety,Sprinkler,671.3,27.5,87.5,,4.24,317.8,1.779,271.0,5.653,12.04,1873.1,7.97,20754.16,108162.48,-87408.32,68.9,48.7
320,2022,Kharif,Groundnut,West Bengal,Medium,0.99,Loamy,6.76,High-Yield Variety,Rainfed,648.1,29.5,85.7,44.6,3.2,283.1,1.08,352.0,3.057,3.03,1764.3,9.9,4816.84,62733.55,-57916.71,38.0,27.8
321,2024,Zaid,Groundnut,Odisha,Medium,3.59,Alluvial,5.95,High-Yield Variety,Borewell,27.0,31.4,42.3,152.1,4.21,329.2,0.887,284.0,2.919,10.48,1617.9,4.56,16182.03,145901.08,-129719.05,27.2,24.9
322,2024,Kharif,Groundnut,Jharkhand,Small,3.02,Sandy,6.45,High-Yield Variety,Borewell,773.0,27.4,87.8,147.4,2.59,588.2,0.667,346.0,3.923,11.85,1945.3,6.43,21568.41,146192.0,-124623.59,33.6,22.0
323,2022,Kharif,Barley,Odisha,Medium,1.11,Loamy,6.61,Traditional,Borewell,790.5,29.5,76.9,148.3,4.78,600.3,0.752,396.0,4.516,5.01,,6.32,8853.67,68819.91,-59966.24,34.0,21.1
324,2024,Kharif,Soybean,Bihar,Small,1.97,Sandy,6.45,High-Yield Variety,Drip,766.9,28.5,73.0,112.5,2.3,368.2,1.274,276.0,4.69,9.24,1754.4,13.11,14084.57,93998.14,-79913.57,34.6,29.9
325,2023,Zaid,Groundnut,Punjab,Large,0.63,Sandy,7.35,Traditional,Canal,26.7,33.5,37.9,122.8,2.28,229.0,1.3,445.0,2.977,1.88,1878.3,7.84,3254.29,33514.66,-30260.37,37.0,39.7
326,2022,Zaid,Rice,Jharkhand,Small,1.29,Sandy,7.18,Traditional,Drip,51.6,36.8,24.2,107.8,2.78,174.1,3.06,211.0,5.326,6.87,1517.4,11.26,9251.29,58396.44,-49145.15,28.2,27.4
327,2022,Kharif,Sugarcane,Assam,Small,3.44,Alluvial,6.82,High-Yield Variety,Rainfed,716.8,26.1,89.8,134.4,4.44,304.3,9.09,314.0,27.658,95.14,1905.3,3.52,174896.76,165617.44,9279.32,53.3,42.5
328,2022,Rabi,Mustard,West Bengal,Small,3.81,Black,,Traditional,Drip,136.8,25.2,64.3,79.3,4.28,158.5,1.913,434.0,3.033,11.56,1992.5,11.02,20494.23,163003.86,-142509.63,14.7,9.7
329,2022,Rabi,Wheat,Bihar,Medium,2.13,Loamy,6.25,High-Yield Variety,Borewell,188.1,21.9,55.3,105.7,1.96,368.5,1.119,351.0,4.125,8.79,2049.5,11.37,15967.45,94876.72,-78909.27,31.2,21.2
330,2021,Kharif,Rice,Bihar,Large,1.06,Black,5.55,High-Yield Variety,Sprinkler,,31.6,83.3,107.2,2.72,396.6,1.555,336.0,6.168,6.54,1796.1,3.15,11376.86,55935.38,-44558.52,39.7,41.7
331,2024,Zaid,Rice,Odisha,Medium,2.01,Sandy,6.89,High-Yield Variety,Borewell,136.6,37.4,48.8,155.0,3.12,317.4,1.292,246.0,4.102,8.24,2010.0,7.98,15239.82,83764.05,-68524.23,24.5,15.3
332,2022,Kharif,Wheat,Uttar Pradesh,Small,1.89,Black,6.93,High-Yield Variety,Rainfed,674.9,26.5,89.3,169.3,4.07,258.9,1.521,258.0,3.938,7.44,2100.0,7.29,14484.05,95638.45,-81154.4,50.1,44.2
333,2023,Rabi,Rice,West Bengal,Medium,2.37,Loamy,6.45,High-Yield Variety,Borewell,170.8,18.0,62.2,129.5,1.28,300.8,1.759,177.0,5.29,12.54,2104.1,8.6,24116.92,106353.06,-82236.14,29.5,24.3
334,2023,Rabi,Maize,Jharkhand,Small,3.6,Black,5.88,High-Yield Variety,Sprinkler,116.1,19.0,72.3,127.6,1.32,255.9,2.315,340.0,5.926,21.33,2113.3,4.7,42961.01,156708.38,-113747.37,23.4,15.1
335,2022,Kharif,Soybean,Odisha,Small,2.43,Sandy,6.69,Traditional,Borewell,803.6,27.5,84.3,135.4,3.72,569.9,0.744,323.0,4.24,10.3,1985.9,4.58,19519.15,124837.62,-105318.47,39.2,35.1
336,2023,Kharif,Wheat,Uttar Pradesh,Medium,3.44,Clay,6.69,High-Yield Variety,Canal,761.2,26.6,72.4,192.8,5.19,520.4,1.101,259.0,5.73,19.71,2074.9,8.0,37624.17,175048.49,-137424.32,40.8,25.0
337,2022,Rabi,Groundnut,Chhattisgarh,Medium,0.81,Clay,6.31,Traditional,Rainfed,207.8,22.9,55.0,,3.32,172.2,1.5,352.0,2.583,2.09,2037.8,6.61,3977.39,52521.39,-48544.0,17.3,11.7
338,2023,Kharif,Groundnut,Chhattisgarh,Medium,1.9,Alluvial,6.94,High-Yield Variety,Canal,761.3,30.0,84.1,140.3,2.25,559.9,0.653,436.0,3.658,6.95,1757.5,4.75,11634.52,99173.54,-87539.02,43.8,41.1
339,2024,Rabi,Rice,Chhattisgarh,Large,1.04,Clay,6.15,Traditional,Rainfed,185.6,23.7,64.5,129.0,3.91,207.1,2.201,336.0,4.559,4.74,1969.2,4.22,8939.97,46705.39,-37765.42,2.1,1.9
340,2024,Zaid,Mustard,Bihar,Small,2.16,Black,6.7,High-Yield Variety,Sprinkler,158.6,29.7,45.3,84.4,4.03,170.4,1.287,321.0,2.193,4.74,1542.1,10.09,6572.19,88897.29,-82325.1,17.5,14.4
341,2021,Rabi,Maize,Uttar Pradesh,Medium,1.43,Black,6.52,High-Yield Variety,Sprinkler,239.0,20.7,67.5,174.6,3.23,263.8,2.354,145.0,6.208,8.88,2153.8,4.94,18181.56,59622.07,-41440.51,21.6,13.3
342,2022,Kharif,Barley,West Bengal,Large,1.44,Alluvial,7.15,High-Yield Variety,Canal,766.4,31.5,81.8,119.1,4.82,553.3,0.929,170.0,5.138,7.4,1821.5,9.03,12262.11,72484.16,-60222.05,25.2,15.6
343,2022,Rabi,Sugarcane,Jharkhand,Small,2.76,Loamy,6.19,Traditional,Rainfed,241.9,21.0,59.4,88.1,2.86,191.6,12.937,324.0,24.79,68.42,2000.4,9.1,124416.54,119625.86,4790.68,12.5,12.6
344,2023,Rabi,Mustard,Assam,Small,1.42,Black,6.19,High-Yield Variety,Sprinkler,162.9,19.1,55.3,133.2,1.75,237.4,1.353,280.0,3.212,4.56,,5.43,9083.94,61963.42,-52879.48,21.9,17.8
345,2021,Zaid,Barley,Jharkhand,Medium,4.28,Sandy,6.92,Traditional,Canal,54.5,35.1,41.0,133.0,3.25,319.6,1.067,314.0,3.41,14.6,1887.1,5.75,25967.15,184886.31,-158919.16,27.5,22.4
346,2021,Kharif,Sugarcane,Jharkhand,Small,1.37,Clay,6.28,High-Yield Variety,Canal,849.0,31.3,77.2,113.9,4.63,567.9,6.262,295.0,35.56,48.72,1562.3,14.95,64735.94,80647.01,-15911.07,49.8,31.7
347,2023,Rabi,Mustard,Odisha,Medium,1.5,Clay,6.91,High-Yield Variety,Rainfed,225.3,20.3,51.4,113.6,2.92,182.8,1.339,178.0,2.448,3.67,,9.79,8058.13,64421.29,-56363.16,9.3,9.9
348,2023,Rabi,Soybean,Jharkhand,Small,2.46,Sandy,6.7,Traditional,Borewell,229.9,21.7,64.9,139.6,2.62,314.8,1.097,367.0,3.454,8.5,1948.0,5.97,15570.06,111818.42,-96248.36,21.4,15.6
349,2021,Kharif,Soybean,Uttar Pradesh,Medium,1.41,Loamy,6.48,Traditional,Drip,710.7,30.0,77.7,86.5,3.66,322.4,1.604,236.0,5.173,7.29,1704.5,5.31,11766.1,71975.59,-60209.49,46.8,48.4
350,2023,Zaid,Wheat,Uttar Pradesh,Medium,1.83,Clay,5.96,Traditional,Canal,131.3,33.3,37.4,148.3,2.74,327.8,1.094,369.0,3.585,6.56,1673.4,3.27,10618.56,82089.05,-71470.49,31.2,19.6
351,2024,Zaid,Maize,Uttar Pradesh,Small,2.87,Alluvial,6.46,High-Yield Variety,Rainfed,30.3,33.9,43.7,144.7,2.64,168.8,2.457,151.0,4.146,11.9,1674.3,7.02,18524.33,119439.05,-100914.72,29.8,25.9
352,2023,Rabi,Wheat,Bihar,Small,2.61,Alluvial,6.84,High-Yield Variety,Sprinkler,134.2,21.9,50.7,109.0,2.52,250.0,2.068,325.0,5.169,13.49,1982.5,6.29,25060.74,111857.04,-86796.3,33.6,24.7
353,2023,Kharif,Rice,Chhattisgarh,Large,4.97,Loamy,6.48,Traditional,Rainfed,833.6,34.4,80.6,116.7,4.14,284.2,1.655,330.0,4.703,23.37,1891.4,4.91,42034.48,236101.17,-194066.69,43.5,40.8
354,2023,Rabi,Barley,Odisha,Medium,2.21,Loamy,6.51,High-Yield Variety,Borewell,244.1,23.6,55.1,87.8,4.1,325.7,1.144,386.0,3.725,8.23,1900.5,10.16,14052.44,95146.53,-81094.09,12.2,12.5
355,2023,Rabi,Rice,Assam,Medium,1.21,Clay,6.87,Traditional,Canal,61.3,19.4,53.0,116.9,4.17,270.0,2.104,225.0,5.682,6.87,1955.5,7.14,12475.31,57175.89,-44700.58,35.1,33.4
356,2021,Kharif,Rice,Assam,Medium,4.33,Sandy,6.12,High-Yield Variety,Canal,671.4,26.7,85.0,156.1,3.42,454.4,1.325,266.0,6.022,26.07,1822.4,6.22,44553.63,210641.12,-166087.49,36.3,32.7
357,2024,Kharif,Wheat,Assam,Medium,4.24,Clay,6.18,High-Yield Variety,Sprinkler,800.2,27.4,85.8,158.7,3.47,408.1,1.307,379.0,5.332,22.61,1887.1,6.43,39923.38,207285.35,-167361.97,34.7,31.2
358,2021,Zaid,Mustard,Punjab,Medium,2.17,Clay,6.55,High-Yield Variety,Canal,77.4,34.9,48.0,164.2,1.86,267.3,0.942,285.0,2.519,5.47,1718.0,5.83,8849.31,97127.48,-88278.17,20.8,15.4
359,2022,Kharif,Barley,Punjab,Medium,3.14,Alluvial,6.76,Traditional,Canal,754.6,29.3,78.3,125.2,2.39,510.6,0.948,321.0,4.842,15.2,1956.0,4.94,28261.39,160889.22,-132627.83,37.8,24.7
360,2022,Zaid,Soybean,Bihar,Large,1.79,Clay,6.47,High-Yield Variety,Rainfed,57.2,38.0,49.1,119.6,4.89,156.8,1.215,207.0,1.905,3.41,1786.3,6.25,5710.99,85325.37,-79614.38,31.4,20.2
361,2022,Zaid,Mustard,Chhattisgarh,Small,4.35,Sandy,5.77,High-Yield Variety,Sprinkler,8.4,34.3,44.1,90.5,2.83,183.2,1.166,419.0,2.136,9.29,1637.3,3.75,14640.2,181983.43,-167343.23,32.1,27.8
362,2022,Kharif,Rice,Assam,Small,4.49,Black,7.18,Traditional,Canal,753.5,28.1,87.7,179.6,3.83,509.3,1.172,323.0,5.97,26.8,1594.5,3.81,41105.07,219185.63,-178080.56,43.1,37.1
363,2023,Kharif,Mustard,Jharkhand,Small,2.04,Black,6.68,High-Yield Variety,Rainfed,776.7,27.6,80.2,185.8,3.24,285.1,0.835,366.0,2.382,4.86,1814.3,8.93,8030.27,111917.33,-103887.06,46.6,35.8
364,2022,Kharif,Wheat,Assam,Small,2.51,Clay,7.19,High-Yield Variety,Canal,773.0,28.3,87.0,133.0,5.34,507.6,1.177,335.0,5.975,15.0,1661.7,7.3,23105.84,131827.23,-108721.39,45.9,38.0
365,2021,Rabi,Soybean,Odisha,Large,3.03,Sandy,6.68,High-Yield Variety,Sprinkler,193.5,20.0,50.4,113.5,1.98,243.3,1.675,285.0,4.074,12.34,2107.6,8.39,23826.38,136264.59,-112438.21,14.7,15.3
366,2021,Kharif,Soybean,Punjab,Medium,4.19,Loamy,7.11,Traditional,Rainfed,680.4,28.9,72.0,185.8,3.89,249.7,1.328,346.0,3.317,13.9,1555.9,5.29,20482.64,201434.92,-180952.28,53.3,54.4
367,2023,Kharif,Barley,Assam,Small,0.98,Alluvial,7.07,High-Yield Variety,Borewell,783.6,28.6,68.3,86.4,1.71,424.7,1.09,383.0,4.629,4.54,1930.3,9.35,7944.2,55670.62,-47726.42,40.8,41.1
368,2021,Rabi,Wheat,Assam,Small,1.12,Clay,5.65,High-Yield Variety,Rainfed,167.9,21.6,59.2,176.2,4.33,129.4,2.933,300.0,3.795,4.25,1970.8,7.94,7710.78,60662.81,-52952.03,20.3,13.6
369,2024,Kharif,Mustard,Assam,Small,2.69,Clay,7.15,Traditional,Canal,830.1,28.9,75.1,151.0,5.28,529.5,0.638,251.0,3.378,9.09,1967.3,8.31,16397.35,144580.39,-128183.04,50.2,33.7
370,2024,Rabi,Soybean,Odisha,Small,2.37,Alluvial,6.94,High-Yield Variety,Rainfed,,17.1,61.3,93.9,3.37,191.0,1.556,365.0,2.972,7.04,1534.9,6.08,10148.9,104461.13,-94312.23,16.3,13.9
371,2023,Rabi,Wheat,Assam,Small,1.29,Sandy,6.49,Traditional,Borewell,217.7,20.9,57.2,140.0,1.56,306.9,1.402,376.0,4.303,5.55,,6.13,12252.53,55266.07,-43013.54,17.3,10.7
372,2023,Rabi,Mustard,Punjab,Small,5.19,Loamy,6.93,High-Yield Variety,Rainfed,149.6,23.5,55.9,150.3,2.76,153.0,1.589,335.0,2.43,12.61,2205.1,7.43,25740.52,223738.17,-197997.65,13.6,10.3
373,2021,Kharif,Sugarcane,Punjab,Small,2.43,Clay,6.48,Traditional,Canal,850.1,28.7,66.0,140.9,2.62,588.1,6.152,330.0,36.183,87.93,1773.1,10.15,140090.02,126169.02,13921.0,36.3,38.1
374,2024,Zaid,Groundnut,Uttar Pradesh,Small,1.94,Alluvial,6.48,High-Yield Variety,Borewell,119.8,38.7,46.5,103.1,3.91,323.0,0.761,283.0,2.456,4.77,1960.0,8.18,8584.24,81324.7,-72740.46,29.0,28.5
375,2024,Kharif,Soybean,Punjab,Medium,1.24,Loamy,5.96,High-Yield Variety,Canal,737.6,33.4,71.4,159.8,3.0,524.7,0.854,405.0,,5.55,1742.6,7.46,8950.09,69968.49,-61018.4,31.1,30.1
376,2023,Kharif,Groundnut,Assam,Medium,1.65,Loamy,,Traditional,Borewell,861.9,28.1,83.0,137.2,4.91,565.0,0.683,240.0,3.861,6.37,1693.9,5.55,10191.69,89749.55,-79557.86,43.5,41.8
377,2024,Zaid,Maize,Jharkhand,Small,1.4,Sandy,5.99,High-Yield Variety,Rainfed,83.0,34.4,50.2,97.5,2.44,146.3,2.25,462.0,3.292,4.61,1852.5,8.69,7797.92,66257.0,-58459.08,32.7,21.9
378,2022,Zaid,Wheat,Odisha,Medium,3.0,Sandy,6.34,Traditional,Rainfed,66.6,31.5,38.7,135.4,3.7,153.3,1.737,263.0,2.663,7.99,1688.3,5.98,12682.63,123154.63,-110472.0,34.2,23.4
379,2024,Kharif,Mustard,Jharkhand,Small,2.66,Clay,6.52,High-Yield Variety,Sprinkler,834.8,29.8,89.2,146.8,1.72,382.0,0.9,260.0,3.438,9.15,1834.7,4.64,16008.59,136295.89,-120287.3,30.1,27.6
380,2021,Zaid,Maize,Punjab,Small,2.38,Sandy,7.37,Traditional,Borewell,109.4,36.9,40.1,150.1,3.44,271.8,1.792,371.0,4.87,11.59,1627.5,12.33,16536.68,104300.56,-87763.88,26.3,27.9
381,2023,Rabi,Maize,Punjab,Small,1.4,Black,5.72,Traditional,Rainfed,331.9,21.3,57.7,142.4,3.95,179.8,2.392,194.0,4.301,6.02,1877.6,4.27,10821.05,63907.99,-53086.94,14.4,15.7
382,2021,Zaid,Groundnut,Punjab,Small,5.42,Clay,6.27,Traditional,Drip,83.1,35.9,47.6,78.6,4.24,204.7,1.765,215.0,3.613,19.58,1673.1,12.95,28516.91,224052.88,-195535.97,35.0,30.3
383,2021,Kharif,Wheat,Chhattisgarh,Small,3.79,Loamy,6.1,Traditional,Drip,822.4,24.6,79.1,125.3,4.36,336.0,1.738,275.0,5.841,22.14,1895.7,5.49,39667.02,178190.97,-138523.95,39.6,43.1
384,2021,Zaid,Maize,West Bengal,Medium,1.0,Alluvial,,High-Yield Variety,Canal,194.8,34.3,54.0,114.5,3.29,213.2,1.702,185.0,3.629,3.63,1654.5,5.35,5684.32,51556.72,-45872.4,18.8,19.2
385,2021,Kharif,Mustard,Chhattisgarh,Large,2.65,Black,7.69,High-Yield Variety,Rainfed,739.5,30.4,80.8,141.6,1.33,282.8,1.068,281.0,3.021,8.0,1925.3,5.36,14577.41,127387.73,-112810.32,36.6,38.2
386,2022,Kharif,Wheat,Punjab,Medium,1.91,Clay,6.82,High-Yield Variety,Rainfed,716.7,26.1,79.8,127.2,3.07,253.2,1.785,348.0,4.52,8.63,1780.9,6.49,14372.2,97764.59,-83392.39,20.0,16.0
387,2024,Rabi,Rice,Bihar,Large,2.16,Loamy,6.1,High-Yield Variety,Sprinkler,297.8,17.1,65.9,127.7,4.34,306.8,1.651,278.0,5.065,10.94,2041.9,5.43,21126.02,94839.46,-73713.44,13.2,10.8
388,2023,Zaid,Wheat,Bihar,Small,1.19,Loamy,7.31,Traditional,Rainfed,132.7,32.8,41.1,141.8,1.41,171.5,2.046,456.0,3.509,4.18,1661.3,10.68,6202.39,64776.94,-58574.55,35.5,30.4
389,2023,Rabi,Mustard,Punjab,Large,3.46,Alluvial,6.51,High-Yield Variety,Canal,190.4,21.7,53.0,90.5,2.68,317.5,0.875,343.0,2.777,9.61,2149.0,7.65,19071.75,149677.37,-130605.62,21.6,16.3
390,2024,Kharif,Rice,Punjab,Small,2.23,Sandy,5.73,High-Yield Variety,Rainfed,837.4,30.0,78.6,134.1,2.7,289.2,1.489,312.0,4.305,9.6,2148.1,12.49,18046.28,125057.41,-107011.13,54.7,51.8
391,2022,Kharif,Sugarcane,Uttar Pradesh,Medium,1.9,Black,6.48,High-Yield Variety,Borewell,808.8,25.6,71.6,132.3,3.48,558.3,6.165,292.0,34.425,65.41,1591.2,7.0,96797.29,100172.02,-3374.73,42.6,44.9
392,2022,Kharif,Barley,Assam,Medium,1.55,Sandy,7.73,Traditional,Canal,746.5,31.9,88.2,97.1,4.55,601.8,0.933,365.0,5.613,8.7,1991.4,9.92,15606.84,88696.31,-73089.47,46.9,29.6
393,2021,Rabi,Wheat,Chhattisgarh,Medium,1.4,Sandy,6.47,Traditional,Rainfed,204.1,18.9,61.5,156.3,2.1,202.8,1.765,284.0,3.579,5.01,1960.9,4.5,9382.18,73683.1,-64300.92,25.1,25.1
394,2023,Rabi,Soybean,Jharkhand,Large,3.58,Alluvial,7.03,High-Yield Variety,Rainfed,290.0,18.5,63.9,110.9,4.26,154.8,2.001,245.0,3.096,11.09,1953.6,4.59,20671.71,158643.77,-137972.06,18.9,19.0
395,2023,Rabi,Groundnut,Punjab,Small,2.11,Clay,7.56,High-Yield Variety,Sprinkler,186.4,23.0,57.3,118.6,3.51,261.9,1.622,210.0,4.249,8.97,1894.4,8.61,15529.55,98872.55,-83343.0,25.7,20.5
396,2022,Rabi,Sugarcane,West Bengal,Small,1.58,Alluvial,7.68,Traditional,Borewell,158.5,22.2,60.2,83.3,4.9,419.5,7.281,303.0,30.545,48.26,2202.4,6.44,99440.84,75671.58,23769.26,23.9,15.3
397,2021,Kharif,Barley,West Bengal,Small,4.6,Sandy,6.35,High-Yield Variety,Borewell,735.5,24.3,93.7,117.8,2.9,583.0,0.755,291.0,4.401,20.24,1920.0,8.69,35483.12,221200.18,-185717.06,47.7,45.4
398,2021,Kharif,Maize,Odisha,Small,3.74,Black,6.74,Traditional,Rainfed,751.4,29.2,78.9,158.1,4.21,285.6,1.764,141.0,5.038,18.84,1860.7,7.44,32447.81,182263.5,-149815.69,49.1,50.0
399,2021,Kharif,Wheat,Chhattisgarh,Small,2.97,Black,7.21,Traditional,Borewell,874.9,26.9,72.1,52.2,2.2,567.7,0.946,284.0,5.371,15.95,2110.6,6.85,31357.83,150393.76,-119035.93,49.0,30.9
400,2022,Rabi,Mustard,Bihar,Medium,1.8,Clay,,High-Yield Variety,Canal,223.9,24.0,47.8,149.0,3.68,383.6,0.759,344.0,2.911,5.24,1984.7,8.17,9549.83,89310.81,-79760.98,18.8,20.5
401,2023,Kharif,Sugarcane,Bihar,Small,2.1,Black,6.26,Traditional,Borewell,682.0,30.6,75.2,162.7,3.84,571.0,5.96,393.0,34.034,71.47,1914.5,5.43,129405.18,109453.41,19951.77,13.4,14.6
402,2024,Zaid,Sugarcane,Jharkhand,Medium,1.06,Loamy,7.0,Traditional,Borewell,117.2,33.6,45.5,113.0,3.44,304.9,7.922,298.0,24.15,25.6,,5.66,43758.62,54039.92,-10281.3,34.1,33.7
403,2022,Zaid,Maize,West Bengal,Large,2.4,Alluvial,6.65,High-Yield Variety,Rainfed,91.4,37.7,36.4,74.4,2.8,128.3,2.881,311.0,3.696,8.87,1646.0,2.52,14231.96,103806.17,-89574.21,17.7,18.9
404,2023,Kharif,Mustard,Chhattisgarh,Large,2.17,Loamy,6.76,High-Yield Variety,Drip,799.8,29.1,82.3,176.0,2.86,361.7,1.028,295.0,3.717,8.07,1786.4,9.03,13114.57,111041.9,-97927.33,31.7,28.1
405,2021,Rabi,Soybean,Jharkhand,Small,1.9,Loamy,5.83,High-Yield Variety,Borewell,150.2,19.2,49.5,147.3,2.1,314.2,1.148,299.0,3.606,6.85,2132.3,8.69,13336.55,90372.0,-77035.45,29.3,25.4
406,2023,Kharif,Soybean,West Bengal,Large,2.03,Alluvial,6.9,High-Yield Variety,Rainfed,845.1,29.5,74.6,122.4,3.94,303.6,1.094,359.0,3.322,6.74,1495.5,8.81,9191.45,105413.48,-96222.03,33.9,26.8
407,2022,Zaid,Mustard,Uttar Pradesh,Medium,4.65,Loamy,6.54,High-Yield Variety,Borewell,186.4,33.2,40.3,121.5,4.45,291.8,0.781,308.0,2.28,10.6,1746.7,3.14,17933.9,191815.68,-173881.78,16.3,17.8
408,2021,Kharif,Wheat,West Bengal,Medium,0.99,Alluvial,6.01,Traditional,Canal,756.2,26.6,91.4,119.3,2.09,539.3,1.032,383.0,5.564,5.51,2083.8,4.42,10974.49,61486.43,-50511.94,41.3,41.1
409,2023,Zaid,Mustard,Uttar Pradesh,Small,3.39,Alluvial,7.23,High-Yield Variety,Sprinkler,91.9,32.5,48.6,159.7,4.6,181.0,1.872,313.0,3.389,11.49,1678.3,5.07,18306.3,144296.91,-125990.61,33.8,26.1
410,2022,Kharif,Mustard,Bihar,Large,1.57,Loamy,6.83,High-Yield Variety,Borewell,876.0,28.9,82.0,140.2,4.62,590.5,0.535,314.0,3.16,4.96,1802.4,8.47,8182.56,87559.24,-79376.68,34.3,20.6
411,2024,Kharif,Mustard,Odisha,Large,1.82,Sandy,5.46,Traditional,Canal,790.3,28.9,79.5,149.2,2.04,500.2,0.634,213.0,3.17,5.77,1875.7,6.37,10133.53,89198.67,-79065.14,55.1,48.8
412,2021,Kharif,Sugarcane,Chhattisgarh,Medium,0.87,Black,7.42,High-Yield Variety,Canal,838.9,31.0,83.2,165.4,4.66,556.7,6.47,277.0,36.022,31.34,2072.8,7.88,59843.04,59290.04,553.0,43.1,27.8
413,2024,Kharif,Mustard,Chhattisgarh,Medium,3.09,Black,5.47,Traditional,Drip,829.2,29.2,80.3,,3.95,332.0,1.144,232.0,3.8,11.74,1972.1,2.92,22477.0,145942.32,-123465.32,56.6,51.3
414,2023,Rabi,Maize,West Bengal,Small,2.12,Clay,6.59,High-Yield Variety,Drip,203.9,16.2,57.2,167.8,3.4,241.0,2.768,389.0,6.669,14.14,2019.3,7.21,26493.52,95444.46,-68950.94,19.3,17.1
415,2023,Kharif,Soybean,Assam,Small,2.2,Alluvial,6.05,High-Yield Variety,Drip,742.4,25.6,72.1,148.1,2.91,325.3,1.397,257.0,4.545,10.0,1964.9,6.89,18295.14,108207.32,-89912.18,37.9,30.9
416,2024,Rabi,Barley,Jharkhand,Medium,4.54,Loamy,6.31,High-Yield Variety,Canal,137.9,16.0,57.5,98.8,1.67,261.0,1.397,373.0,3.645,16.55,2101.5,6.21,32621.19,193106.08,-160484.89,2.0,1.5
417,2022,Zaid,Rice,West Bengal,Medium,1.25,Loamy,6.7,High-Yield Variety,Rainfed,83.4,33.3,40.7,167.0,1.0,154.5,2.474,291.0,3.823,4.78,1648.5,7.23,7309.96,63348.83,-56038.87,29.9,31.8
418,2024,Rabi,Soybean,West Bengal,Small,2.89,Clay,5.72,High-Yield Variety,Sprinkler,272.9,18.5,66.2,129.4,4.32,208.5,1.978,342.0,4.124,11.92,2063.2,7.97,22634.35,130430.18,-107795.83,2.0,1.5
419,2023,Kharif,Rice,Odisha,Large,2.51,Alluvial,5.61,Traditional,Sprinkler,879.8,32.0,75.7,95.6,2.96,393.7,1.553,334.0,6.116,15.35,1863.1,2.19,27972.27,125839.42,-97867.15,43.9,27.4
420,2023,Zaid,Groundnut,West Bengal,Small,1.79,Clay,6.0,Traditional,Rainfed,132.9,32.3,47.6,104.3,1.68,200.8,1.159,414.0,2.327,4.16,,10.99,6954.2,85909.49,-78955.29,20.7,14.4
421,2023,Rabi,Wheat,Assam,Small,3.44,Clay,6.29,High-Yield Variety,Rainfed,163.3,17.4,56.0,83.9,1.02,152.9,2.23,315.0,3.409,11.73,2056.9,5.64,22766.27,143827.89,-121061.62,20.7,15.5
422,2021,Kharif,Wheat,West Bengal,Large,2.34,Alluvial,6.48,High-Yield Variety,Canal,714.2,28.9,79.5,,5.5,462.3,1.221,392.0,5.645,13.21,2023.0,7.14,24816.64,121264.48,-96447.84,38.3,32.5
423,2024,Zaid,Mustard,Chhattisgarh,Small,5.88,Black,6.58,High-Yield Variety,Rainfed,145.3,30.6,39.7,54.2,0.26,166.9,1.526,276.0,2.547,14.97,1551.8,8.69,21212.5,237400.65,-216188.15,43.8,29.5
424,2021,Rabi,Soybean,Jharkhand,Large,2.63,Black,6.57,Traditional,Rainfed,187.2,25.9,55.8,161.2,3.5,190.9,1.319,287.0,2.517,6.62,2213.4,4.49,13993.83,117214.47,-103220.64,9.1,6.1
425,2023,Rabi,Soybean,Bihar,Medium,1.97,Black,6.97,High-Yield Variety,Rainfed,188.1,20.7,44.0,117.6,5.29,156.6,2.326,219.0,3.641,7.17,2189.9,2.74,15271.59,88430.06,-73158.47,18.4,14.5
426,2021,Rabi,Mustard,Chhattisgarh,Small,1.05,Clay,6.89,Traditional,Drip,259.4,20.8,70.9,224.3,2.68,168.0,1.837,311.0,3.087,3.24,1994.2,9.9,5821.99,57002.22,-51180.23,35.4,28.9
427,2022,Kharif,Groundnut,Odisha,Large,3.02,Sandy,5.72,Traditional,Borewell,683.4,28.2,82.1,154.4,4.06,549.7,0.674,438.0,3.705,11.19,1862.0,6.95,19387.91,160123.96,-140736.05,49.0,39.2
428,2021,Kharif,Sugarcane,West Bengal,Large,4.43,Black,6.25,Traditional,Borewell,822.8,29.0,81.4,128.4,4.7,591.4,5.64,388.0,33.356,147.77,2154.8,4.32,304670.48,219109.07,85561.41,49.5,42.3
429,2023,Zaid,Mustard,Punjab,Medium,2.91,Alluvial,5.92,High-Yield Variety,Canal,5.0,32.3,45.8,121.5,1.31,267.4,0.92,372.0,2.46,7.16,1491.3,8.63,9755.96,122160.54,-112404.58,28.7,28.4
430,2022,Rabi,Maize,Jharkhand,Small,1.49,Alluvial,7.1,High-Yield Variety,Drip,106.2,21.8,60.7,60.6,2.87,184.6,3.827,359.0,7.063,10.52,2151.8,8.79,20647.78,73207.62,-52559.84,27.0,17.3
431,2024,Rabi,Wheat,Jharkhand,Small,3.47,Sandy,6.79,High-Yield Variety,Drip,241.0,20.1,54.2,152.1,2.31,241.8,2.618,365.0,6.33,21.96,1908.5,8.52,38340.55,156106.72,-117766.17,11.4,9.5
432,2021,Zaid,Maize,West Bengal,Large,2.02,Loamy,6.6,High-Yield Variety,Rainfed,24.9,36.6,42.1,97.6,5.23,183.9,2.374,309.0,4.367,8.82,1700.5,5.89,14114.6,90877.74,-76763.14,15.9,9.6
433,2021,Rabi,Rice,West Bengal,Small,3.36,Black,6.14,Traditional,Sprinkler,183.1,21.7,60.6,150.7,3.89,209.3,2.504,138.0,5.241,17.61,2064.0,3.9,34927.55,144190.04,-109262.49,29.3,30.9
434,2023,Zaid,Soybean,Punjab,Small,3.67,Clay,6.05,High-Yield Variety,Canal,150.7,30.7,41.7,140.3,2.74,298.6,1.046,379.0,3.123,11.46,1993.8,7.53,21128.16,161424.96,-140296.8,21.5,17.1
435,2021,Zaid,Barley,Bihar,Small,2.12,Loamy,6.75,High-Yield Variety,Rainfed,63.7,33.0,55.8,89.6,2.13,150.7,1.282,334.0,1.931,4.09,1974.7,12.17,7093.95,93276.79,-86182.84,25.6,20.1
436,2023,Rabi,Mustard,Odisha,Small,2.72,Clay,7.56,High-Yield Variety,Borewell,192.8,16.9,64.5,106.8,3.7,426.4,0.655,175.0,2.793,7.6,2136.1,6.65,15155.22,119595.91,-104440.69,16.2,17.3
437,2023,Kharif,Soybean,Assam,Small,1.78,Loamy,6.5,High-Yield Variety,Canal,781.2,29.0,82.9,147.1,3.01,562.1,0.825,396.0,4.637,8.25,1902.7,6.47,14682.58,91017.91,-76335.33,40.9,39.0
438,2024,Kharif,Sugarcane,Odisha,Small,2.03,Alluvial,6.65,High-Yield Variety,Canal,793.9,27.9,87.8,154.2,2.53,554.4,6.46,380.0,35.814,72.7,1835.3,14.55,114008.02,109383.67,4624.35,18.9,16.5
439,2022,Kharif,Barley,Assam,Medium,1.51,Clay,7.03,Traditional,Canal,850.1,26.1,68.3,127.5,3.66,508.4,1.055,227.0,5.364,8.1,1682.3,4.65,12993.52,79926.21,-66932.69,36.6,30.6
440,2022,Kharif,Mustard,Uttar Pradesh,Small,1.46,Clay,6.2,High-Yield Variety,Rainfed,777.5,28.7,78.3,112.3,3.61,320.5,0.867,285.0,2.778,4.06,1737.2,5.82,6642.76,73052.89,-66410.13,62.8,38.6
441,2022,Kharif,Wheat,Jharkhand,Small,2.58,Alluvial,6.43,Traditional,Canal,811.3,28.4,87.4,119.7,2.67,574.9,0.908,294.0,5.222,13.47,1861.5,6.33,23486.23,122806.78,-99320.55,37.5,23.1
442,2021,Kharif,Barley,Uttar Pradesh,Medium,4.33,Clay,5.67,Traditional,Drip,718.4,25.0,70.6,170.8,4.02,272.7,1.899,388.0,5.177,22.42,1627.6,7.48,33762.43,213615.15,-179852.72,25.4,26.4
443,2022,Kharif,Rice,Odisha,Small,1.13,Black,6.98,Traditional,Sprinkler,765.1,26.2,78.6,145.2,5.01,373.5,1.777,388.0,6.636,7.5,,8.69,11035.83,66799.0,-55763.17,38.1,36.9
444,2021,Zaid,Barley,Uttar Pradesh,Small,2.07,Alluvial,6.44,Traditional,Rainfed,44.1,29.7,40.1,95.8,3.5,151.8,1.459,411.0,2.213,4.58,1668.3,6.48,7145.98,89487.91,-82341.93,34.9,25.3
445,2023,Kharif,Sugarcane,Assam,Large,2.49,Alluvial,6.4,High-Yield Variety,Rainfed,764.8,30.4,74.0,166.6,4.31,290.9,9.595,405.0,27.912,69.5,2019.7,12.4,122965.29,131991.69,-9026.4,26.4,26.5
446,2022,Kharif,Wheat,Bihar,Small,4.32,Black,,Traditional,Canal,775.7,27.6,71.3,120.9,4.93,509.9,0.963,367.0,4.909,21.21,1871.9,4.61,37871.26,210680.61,-172809.35,47.3,34.9
447,2022,Rabi,Maize,Jharkhand,Medium,2.91,Loamy,6.92,High-Yield Variety,Borewell,242.5,24.1,56.7,136.5,0.43,420.8,1.385,308.0,5.83,16.97,,4.51,32521.95,134908.56,-102386.61,6.6,5.0
448,2022,Kharif,Rice,Odisha,Large,3.67,Loamy,6.89,High-Yield Variety,Rainfed,724.9,27.6,82.7,113.0,1.69,261.6,1.618,324.0,4.231,15.53,1824.8,4.89,26953.49,180517.07,-153563.58,31.9,28.1
449,2024,Rabi,Wheat,Uttar Pradesh,Small,1.85,Loamy,7.47,Traditional,Rainfed,272.7,21.0,51.8,136.3,2.52,236.4,1.921,277.0,4.541,8.4,1937.1,7.32,15080.47,85016.09,-69935.62,19.0,14.5
450,2022,Kharif,Barley,Assam,Medium,3.86,Alluvial,6.51,High-Yield Variety,Borewell,759.4,27.9,76.5,114.1,4.74,575.8,0.809,141.0,4.656,17.97,1799.2,6.93,30090.85,185869.81,-155778.96,47.7,33.4
451,2024,Kharif,Rice,Uttar Pradesh,Large,1.2,Black,6.53,Traditional,Rainfed,752.1,32.3,78.6,126.1,3.64,274.5,1.87,368.0,5.134,6.16,1872.5,11.66,10189.32,67382.9,-57193.58,56.4,59.3
452,2023,Rabi,Sugarcane,Punjab,Small,1.4,Black,6.54,High-Yield Variety,Sprinkler,,20.8,49.9,133.8,4.69,235.2,13.988,268.0,32.902,46.06,1879.7,5.89,81479.61,71447.07,10032.54,17.6,18.1
453,2024,Zaid,Wheat,Bihar,Small,1.59,Sandy,6.45,High-Yield Variety,Rainfed,98.5,36.3,44.7,92.6,4.29,148.9,2.033,184.0,3.026,4.81,2038.9,9.42,8883.24,73021.23,-64137.99,25.0,18.0
454,2022,Kharif,Wheat,West Bengal,Small,1.69,Clay,6.16,High-Yield Variety,Rainfed,809.2,29.7,79.9,79.8,3.78,316.9,1.408,320.0,4.464,7.54,1728.5,8.18,11967.02,82992.45,-71025.43,40.3,39.0
455,2023,Rabi,Groundnut,West Bengal,Small,3.32,Sandy,7.62,Traditional,Rainfed,97.8,20.8,60.1,156.5,3.8,113.7,3.184,278.0,3.62,12.02,2013.4,5.11,22963.98,139672.89,-116708.91,22.2,17.5
456,2024,Rabi,Soybean,Jharkhand,Small,2.37,Sandy,5.74,High-Yield Variety,Drip,261.7,21.6,70.4,80.1,3.43,210.8,1.886,366.0,3.975,9.42,1911.4,6.55,16825.51,103667.1,-86841.59,31.2,26.1
457,2024,Kharif,Sugarcane,Jharkhand,Large,0.63,Clay,6.89,Traditional,Canal,888.6,31.5,71.1,105.3,3.16,576.2,6.061,352.0,34.923,22.0,2063.6,6.6,42403.35,42706.23,-302.88,40.7,38.8
458,2024,Kharif,Rice,Chhattisgarh,Small,0.81,Black,5.98,High-Yield Variety,Borewell,712.7,26.4,80.1,128.4,4.63,546.6,0.96,326.0,5.245,4.25,2066.4,10.07,7897.57,43285.45,-35387.88,27.6,18.9
459,2024,Zaid,Soybean,West Bengal,Large,1.65,Sandy,7.32,Traditional,Drip,61.1,33.2,45.2,88.1,3.06,160.8,2.735,333.0,4.398,7.26,1808.8,2.46,12808.69,69237.79,-56429.1,28.8,27.2
460,2024,Zaid,Groundnut,Chhattisgarh,Small,3.3,Black,6.82,Traditional,,111.2,38.5,37.3,104.5,3.73,179.2,1.448,255.0,2.594,8.56,1768.9,11.06,13467.01,139490.26,-126023.25,44.6,35.9
461,2024,Kharif,Maize,Uttar Pradesh,Small,1.87,Sandy,6.97,High-Yield Variety,Borewell,748.6,29.6,78.4,104.5,2.92,528.3,1.206,283.0,6.372,11.92,2021.1,10.8,21488.74,105310.42,-83821.68,45.9,30.3
462,2021,Rabi,Wheat,Jharkhand,Small,1.06,Sandy,7.2,High-Yield Variety,Drip,214.4,23.0,67.6,115.7,1.98,236.5,2.52,237.0,5.959,6.32,1995.8,4.77,12012.46,52848.37,-40835.91,27.8,28.3
463,2023,Zaid,Rice,Punjab,Small,0.87,Loamy,7.02,High-Yield Variety,Borewell,108.6,31.1,43.9,118.4,4.58,282.7,1.425,294.0,,3.51,1750.0,10.07,5523.53,46018.94,-40495.41,15.6,12.9
464,2021,Kharif,Rice,Chhattisgarh,Small,0.94,Loamy,6.01,High-Yield Variety,Sprinkler,828.2,28.8,65.6,126.1,2.79,418.4,1.481,184.0,6.198,5.83,1603.4,4.74,8904.89,53966.51,-45061.62,35.6,33.8
465,2022,Rabi,Wheat,Punjab,Medium,2.79,Sandy,6.3,High-Yield Variety,Borewell,136.6,20.2,50.4,136.0,0.83,390.8,1.205,395.0,4.708,13.14,2236.9,6.23,27562.71,130992.95,-103430.24,26.5,21.5
466,2021,Zaid,Wheat,Assam,Medium,1.35,Black,6.23,Traditional,Rainfed,31.9,34.0,45.1,137.8,2.33,134.3,2.389,294.0,3.209,4.33,1646.8,9.9,6424.7,62834.36,-56409.66,18.7,11.6
467,2024,Zaid,Sugarcane,Uttar Pradesh,Small,3.86,Sandy,6.23,High-Yield Variety,Canal,39.6,31.0,52.9,88.0,3.02,249.9,9.95,419.0,24.867,95.99,1726.1,6.81,154397.63,161054.76,-6657.13,26.2,25.2
468,2022,Rabi,Sugarcane,Bihar,Small,2.85,Sandy,7.79,Traditional,Borewell,228.5,19.8,57.1,95.0,1.69,481.7,6.338,271.0,30.528,87.0,1967.6,3.91,164495.15,129472.18,35022.97,13.1,12.7
469,2024,Zaid,Rice,Assam,Large,4.45,Alluvial,5.36,High-Yield Variety,Canal,108.6,32.8,38.7,45.8,3.7,245.4,1.464,190.0,3.594,15.99,1574.6,5.07,23901.58,172682.64,-148781.06,26.9,21.7
470,2024,Kharif,Maize,West Bengal,Small,3.15,Sandy,7.62,High-Yield Variety,Sprinkler,836.4,29.8,75.9,136.5,2.21,431.4,1.635,339.0,7.055,22.22,2029.2,9.15,40964.68,155868.85,-114904.17,41.1,44.6
471,2024,Kharif,Soybean,Uttar Pradesh,Medium,1.42,Clay,6.6,Traditional,Rainfed,734.1,28.6,80.1,,5.0,276.7,1.177,224.0,3.258,4.63,1991.7,4.44,8812.27,73835.35,-65023.08,36.3,28.9
472,2021,Rabi,Barley,West Bengal,Large,1.4,Sandy,5.93,High-Yield Variety,Sprinkler,220.2,20.3,57.9,183.2,1.99,288.2,1.608,189.0,4.635,6.49,1895.8,9.84,11093.24,70037.21,-58943.97,21.6,16.5
473,2024,Rabi,Wheat,Chhattisgarh,Small,2.14,Alluvial,6.42,High-Yield Variety,Canal,235.9,22.9,55.9,169.6,1.18,261.6,1.812,260.0,4.739,10.14,2098.7,7.24,19740.58,91786.07,-72045.49,8.6,6.6
474,2024,Rabi,Soybean,Punjab,Large,2.76,Loamy,6.51,Traditional,Rainfed,225.4,21.1,59.0,98.2,2.3,210.4,1.648,408.0,3.468,9.57,1867.5,4.76,17021.64,126546.56,-109524.92,26.9,20.0
475,2022,Zaid,Soybean,Uttar Pradesh,Large,1.3,Loamy,6.18,Traditional,Drip,167.6,35.1,42.1,181.6,4.47,209.3,1.382,291.0,2.892,3.76,1787.2,8.81,6127.41,57580.4,-51452.99,44.1,31.0
476,2023,Rabi,Barley,Chhattisgarh,Small,2.99,Black,5.97,High-Yield Variety,Borewell,188.2,22.0,64.2,120.1,3.11,283.9,1.542,262.0,4.377,13.09,2312.4,6.13,28414.5,128824.58,-100410.08,21.3,20.7
477,2023,Kharif,Groundnut,Chhattisgarh,Small,1.27,Clay,6.27,Traditional,Canal,818.8,32.0,88.2,134.8,3.68,528.1,0.71,336.0,3.749,4.76,1877.8,8.82,8150.28,75499.09,-67348.81,43.5,41.3
478,2022,Rabi,Sugarcane,Assam,Small,4.93,Clay,6.67,High-Yield Variety,Sprinkler,209.0,23.4,61.3,177.9,1.9,264.3,12.535,320.0,33.137,163.36,2131.8,6.31,326274.3,211210.52,115063.78,6.0,5.6
479,2024,Kharif,Sugarcane,Assam,Small,1.1,Clay,5.48,High-Yield Variety,Sprinkler,716.1,30.2,73.7,114.7,4.03,398.3,9.303,330.0,37.059,40.76,1555.1,10.61,56664.88,53696.95,2967.93,57.7,39.7
480,2022,Kharif,Maize,Odisha,Large,1.66,Alluvial,6.55,High-Yield Variety,Borewell,759.7,28.9,74.7,75.0,3.14,525.8,1.163,300.0,6.114,10.15,1680.0,5.12,16178.79,84718.91,-68540.12,50.2,38.4
481,2022,Zaid,Soybean,Uttar Pradesh,Small,2.28,Clay,6.73,Traditional,Canal,90.5,32.2,39.9,101.6,1.69,279.6,1.192,313.0,3.332,7.6,1747.6,5.26,12583.73,98649.42,-86065.69,34.1,29.0
482,2023,Rabi,Barley,West Bengal,Large,2.82,Black,6.82,Traditional,Drip,167.7,20.7,54.8,82.3,5.5,212.0,2.433,445.0,5.159,14.55,1909.0,3.69,26751.89,123168.51,-96416.62,15.3,16.2
483,2021,Kharif,Groundnut,Chhattisgarh,Large,4.21,Loamy,6.78,High-Yield Variety,Canal,929.8,27.3,83.6,125.0,3.04,613.7,0.575,271.0,3.532,14.87,1638.9,3.65,23482.55,208011.55,-184529.0,54.6,38.2
484,2024,Rabi,Wheat,Bihar,Small,1.35,Sandy,6.61,High-Yield Variety,Sprinkler,145.8,19.7,50.2,152.5,2.31,241.6,2.243,232.0,5.418,7.31,2013.7,3.54,14199.16,65020.98,-50821.82,26.2,19.1
485,2021,Kharif,Groundnut,Jharkhand,Small,1.02,Alluvial,6.62,High-Yield Variety,Sprinkler,879.5,26.6,76.8,153.0,2.66,435.6,1.059,426.0,4.612,4.7,1724.0,5.94,7621.72,60033.63,-52411.91,44.5,44.8
486,2024,Kharif,Sugarcane,Odisha,Medium,3.92,Clay,7.64,Traditional,Canal,811.6,30.7,80.4,175.9,4.08,557.6,6.431,382.0,35.864,140.59,1861.5,6.02,245945.47,189891.74,56053.73,46.0,43.5
487,2023,Kharif,Wheat,Assam,Small,0.87,Black,7.09,High-Yield Variety,Rainfed,673.6,27.7,64.7,95.0,3.82,245.1,1.839,321.0,4.508,3.92,2032.7,6.46,7453.57,51674.99,-44221.42,46.4,35.2
488,2022,Kharif,Maize,Punjab,Medium,3.27,Alluvial,6.61,Traditional,Canal,784.3,29.7,78.6,168.1,2.23,511.7,1.36,294.0,6.958,22.75,1814.8,7.79,38070.05,163106.06,-125036.01,45.6,43.6
489,2021,Rabi,Soybean,Odisha,Small,2.2,Loamy,5.67,High-Yield Variety,Sprinkler,307.7,22.4,54.2,113.7,4.03,266.1,1.612,334.0,4.291,9.44,1706.3,10.12,14477.33,106621.12,-92143.79,20.2,20.0
490,2022,Rabi,Rice,Uttar Pradesh,Small,2.24,Clay,5.74,High-Yield Variety,Borewell,208.5,22.3,57.3,134.6,4.39,381.0,1.317,330.0,5.017,11.24,1960.6,9.47,19950.61,102696.26,-82745.65,22.0,15.7
491,2024,Zaid,Mustard,Assam,Medium,7.2,Black,6.35,High-Yield Variety,Drip,55.0,32.8,49.7,105.3,1.99,154.4,1.186,379.0,1.832,13.19,1692.8,5.98,20991.69,289294.7,-268303.01,25.5,22.3
492,2024,Rabi,Barley,Jharkhand,Medium,2.1,Black,6.77,High-Yield Variety,Canal,217.7,21.7,57.4,137.3,2.42,297.6,1.374,298.0,4.091,8.59,2105.4,3.82,17394.01,92891.98,-75497.97,27.9,30.6
493,2021,Rabi,Groundnut,West Bengal,Medium,1.7,Sandy,6.15,High-Yield Variety,Borewell,239.8,21.2,72.0,53.1,2.96,426.3,0.862,314.0,3.675,6.25,2017.3,6.73,11759.09,83542.77,-71783.68,15.8,15.7
494,2021,Rabi,Sugarcane,Assam,Large,3.49,Sandy,6.85,Traditional,Rainfed,248.2,20.6,47.3,103.1,3.15,153.0,16.44,250.0,25.149,87.77,2153.1,7.11,175548.74,139051.77,36496.97,28.0,20.6
495,2021,Rabi,Soybean,Assam,Medium,1.34,Sandy,6.21,High-Yield Variety,Drip,217.5,20.1,50.5,101.8,4.78,179.4,2.108,232.0,3.783,5.07,1979.0,8.84,9146.7,58384.2,-49237.5,24.4,24.5
496,2021,Zaid,Mustard,Chhattisgarh,Medium,2.67,Loamy,6.21,Traditional,Drip,174.4,36.7,46.4,49.6,3.24,217.1,0.932,324.0,2.023,5.4,1651.3,3.29,8624.01,121325.12,-112701.11,33.6,36.4
497,2023,Rabi,Mustard,West Bengal,Small,3.38,Alluvial,6.23,Traditional,Canal,224.4,23.9,58.2,132.1,3.31,279.1,1.091,436.0,3.045,10.29,,3.85,19569.43,154079.29,-134509.86,20.6,18.5
498,2022,Kharif,Mustard,Odisha,Medium,3.03,Loamy,7.15,High-Yield Variety,Canal,715.2,31.7,80.1,109.8,3.11,515.3,0.604,291.0,3.112,9.43,1861.1,7.8,16180.36,146290.95,-130110.59,38.0,29.1
499,2022,Rabi,Wheat,Uttar Pradesh,Small,4.21,Black,6.81,High-Yield Variety,Borewell,131.4,20.0,52.2,90.1,2.8,345.4,1.257,290.0,4.343,18.28,2169.8,10.28,35584.72,176572.52,-140987.8,25.2,15.3
500,2022,Rabi,Mustard,Jharkhand,Medium,3.03,Clay,7.08,Traditional,Rainfed,296.3,15.7,59.4,149.9,2.41,185.5,1.306,198.0,2.423,7.34,2260.5,2.04,16253.27,130655.53,-114402.26,36.5,33.0
501,2024,Kharif,Groundnut,Bihar,Medium,4.11,Sandy,5.98,High-Yield Variety,Canal,676.8,31.8,80.8,78.4,4.56,492.4,0.845,353.0,4.159,17.09,1949.9,10.39,29860.38,208012.33,-178151.95,27.8,25.7
502,2021,Kharif,Wheat,Chhattisgarh,Medium,1.94,Alluvial,6.96,Traditional,Rainfed,838.8,28.1,82.5,63.3,3.68,265.1,1.723,291.0,4.568,8.86,2079.6,7.21,17096.56,98172.38,-81075.82,54.2,43.9
503,2024,Kharif,Barley,West Bengal,Medium,2.09,Black,6.38,Traditional,Drip,804.3,32.5,71.5,165.8,6.22,322.4,1.584,252.0,5.108,10.67,1863.1,5.77,18731.42,109105.75,-90374.33,32.4,21.9
504,2021,Rabi,Maize,West Bengal,Small,2.37,Loamy,6.85,Traditional,Sprinkler,218.2,20.1,51.3,107.2,2.06,251.9,2.433,316.0,6.13,14.53,2144.3,8.82,28406.73,98823.91,-70417.18,29.1,25.1
505,2024,Rabi,Sugarcane,Assam,Medium,1.94,Black,6.76,Traditional,Borewell,,19.9,56.7,124.1,3.22,408.4,7.358,267.0,30.053,58.3,1779.4,6.25,97253.53,88376.08,8877.45,29.8,22.2
506,2024,Rabi,Barley,Odisha,Small,1.54,Sandy,,Traditional,Canal,237.5,21.7,47.8,149.3,1.88,312.5,1.376,383.0,4.299,6.62,2059.2,11.62,12048.03,74670.49,-62622.46,20.5,19.9
507,2024,Kharif,Maize,Bihar,Medium,1.45,Alluvial,5.8,Traditional,Canal,839.1,29.6,72.6,131.3,4.87,580.1,1.039,359.0,6.028,8.74,2005.6,8.14,16102.56,80198.78,-64096.22,41.2,37.5
508,2023,Kharif,Wheat,West Bengal,Large,4.53,Sandy,6.64,High-Yield Variety,Sprinkler,817.3,28.3,73.4,150.3,2.41,466.9,1.152,472.0,5.377,24.36,1629.9,5.16,37654.96,224253.58,-186598.62,40.7,33.3
509,2024,Rabi,Maize,Chhattisgarh,Medium,2.85,Black,6.22,High-Yield Variety,Rainfed,256.4,22.0,62.1,143.6,2.38,208.9,2.035,187.0,4.251,12.12,2140.4,8.35,23774.56,117915.41,-94140.85,8.7,7.3
510,2024,Rabi,Rice,Punjab,Medium,1.72,Loamy,6.99,Traditional,Canal,255.2,21.9,55.2,125.0,3.61,369.9,1.47,363.0,5.437,9.35,1995.2,8.66,17040.16,75885.58,-58845.42,38.8,30.2
511,2022,Kharif,Mustard,Jharkhand,Medium,0.96,Loamy,6.61,High-Yield Variety,Borewell,765.8,26.9,73.6,157.2,5.54,511.8,0.635,267.0,3.249,3.12,2036.3,5.57,5999.46,55674.68,-49675.22,43.7,44.5
512,2021,Rabi,Barley,Odisha,Small,2.14,Sandy,6.42,High-Yield Variety,Sprinkler,341.2,22.5,52.4,127.6,3.18,292.0,1.557,227.0,4.545,9.73,2097.7,10.33,18301.22,90543.49,-72242.27,22.6,17.0
513,2022,Zaid,Barley,Bihar,Small,1.03,Sandy,5.87,High-Yield Variety,Borewell,25.3,34.2,41.6,77.2,1.82,313.2,0.954,424.0,2.988,3.08,2016.5,8.15,5704.88,56650.72,-50945.84,19.5,11.8
514,2023,Rabi,Maize,Assam,Medium,2.07,Clay,6.32,High-Yield Variety,Borewell,181.3,24.3,55.9,98.2,2.52,282.0,1.924,345.0,5.427,11.23,1925.5,7.63,19974.05,99168.24,-79194.19,2.0,1.6
515,2024,Rabi,Barley,Chhattisgarh,Medium,2.13,Black,6.29,Traditional,Drip,245.0,20.3,63.1,113.6,3.84,225.0,2.135,384.0,4.804,10.23,2047.5,5.76,19739.02,92761.43,-73022.41,20.8,21.5
516,2024,Rabi,Maize,West Bengal,Small,2.31,Black,6.63,High-Yield Variety,Sprinkler,116.1,22.7,56.0,127.2,4.57,263.5,2.379,373.0,6.268,14.48,1939.7,6.78,26183.06,102086.44,-75903.38,28.5,21.6
517,2021,Rabi,Rice,Jharkhand,Large,2.18,Alluvial,6.3,High-Yield Variety,Sprinkler,127.7,26.0,58.6,149.5,3.6,214.6,2.456,304.0,5.271,11.49,2127.8,9.49,22127.11,94794.4,-72667.29,21.1,20.4
518,2022,Rabi,Mustard,Chhattisgarh,Small,3.25,Clay,7.08,Traditional,Borewell,287.0,23.1,63.6,107.1,3.89,353.1,0.738,278.0,2.606,8.47,2123.6,2.11,17606.57,153703.13,-136096.56,18.0,16.2
519,2022,Zaid,Groundnut,Jharkhand,Small,3.02,Alluvial,7.08,High-Yield Variety,Sprinkler,133.2,33.0,48.7,124.0,4.68,176.5,1.963,185.0,3.465,10.46,1500.4,3.79,15098.63,119565.75,-104467.12,29.8,23.8
520,2021,Kharif,Groundnut,Bihar,Medium,1.9,Sandy,6.0,High-Yield Variety,Canal,687.7,28.8,79.5,163.2,5.16,508.7,0.807,278.0,4.103,7.8,1904.7,4.98,14117.09,93054.5,-78937.41,26.4,21.0
521,2023,Zaid,Wheat,Punjab,Medium,3.77,Alluvial,6.67,Traditional,Canal,110.9,33.0,46.6,126.0,3.49,298.1,1.16,300.0,3.457,13.03,1701.2,4.61,21145.08,165299.55,-144154.47,34.7,37.6
522,2024,Zaid,Sugarcane,Assam,Large,1.46,Alluvial,5.93,High-Yield Variety,Canal,61.6,33.7,34.0,138.7,5.27,267.9,9.34,314.0,25.025,36.54,1757.3,5.63,60596.8,68575.63,-7978.83,33.6,22.2
523,2022,Rabi,Soybean,Uttar Pradesh,Small,1.27,Sandy,6.68,High-Yield Variety,Borewell,218.2,22.1,64.8,81.3,3.75,405.4,0.844,413.0,3.421,4.34,2020.3,9.81,7907.73,60424.98,-52517.25,12.6,12.4
524,2021,Kharif,Barley,Assam,Small,2.57,Clay,6.33,Traditional,Canal,683.3,27.0,76.7,182.6,3.46,440.9,1.06,270.0,4.673,12.01,1735.7,7.49,19285.12,128294.95,-109009.83,28.4,23.5
525,2022,Rabi,Maize,Bihar,Small,3.03,Loamy,7.03,High-Yield Variety,Canal,272.1,19.3,64.9,106.0,4.65,330.4,1.497,311.0,4.948,14.99,1906.8,9.67,25818.24,127981.58,-102163.34,8.0,7.7
526,2022,Rabi,Barley,Assam,Small,3.78,Clay,7.07,High-Yield Variety,Drip,194.0,22.0,52.4,111.7,2.31,217.7,2.379,259.0,5.179,19.58,1958.7,6.15,35993.7,166254.57,-130260.87,33.9,32.0
527,2022,Kharif,Maize,Assam,Small,1.74,Clay,6.78,Traditional,Borewell,860.8,29.8,70.3,142.7,2.95,564.5,1.098,293.0,6.196,10.78,1632.3,3.55,16971.46,92076.77,-75105.31,38.4,40.2
528,2021,Kharif,Rice,Chhattisgarh,Medium,1.38,Black,6.67,High-Yield Variety,Rainfed,811.2,28.4,75.4,135.8,4.06,307.7,1.619,300.0,4.983,6.88,2105.2,2.91,14062.38,74182.7,-60120.32,25.6,27.0
529,2022,Rabi,Rice,West Bengal,Large,2.31,Black,7.16,High-Yield Variety,Canal,222.6,19.7,57.7,99.4,2.98,316.5,1.613,452.0,5.105,11.79,2070.7,2.78,23734.3,103665.78,-79931.48,8.4,7.4
530,2021,Kharif,Soybean,Uttar Pradesh,Medium,1.77,Loamy,6.17,High-Yield Variety,Canal,862.6,33.1,72.6,139.5,3.67,526.9,0.712,394.0,3.752,6.64,1801.7,3.18,11582.64,86869.85,-75287.21,29.1,30.0
531,2021,Kharif,Sugarcane,Uttar Pradesh,Small,2.69,Sandy,7.11,High-Yield Variety,Drip,762.1,24.1,76.5,146.4,3.84,345.4,11.617,417.0,40.128,107.95,1807.5,9.05,177457.43,136840.62,40616.81,25.2,22.6
532,2021,Rabi,Rice,Odisha,Small,2.89,Clay,6.87,Traditional,Rainfed,216.5,16.2,61.6,132.8,2.6,193.1,2.407,197.0,4.649,13.44,2121.3,6.93,26534.72,129494.97,-102960.25,22.0,24.1
533,2021,Zaid,Soybean,Chhattisgarh,Large,6.33,Alluvial,7.36,High-Yield Variety,Borewell,173.2,31.6,49.9,119.5,1.09,320.9,1.09,349.0,3.497,22.14,1828.7,6.82,37727.54,258120.69,-220393.15,21.0,19.7
534,2023,Zaid,Wheat,Assam,Medium,2.1,Sandy,5.58,High-Yield Variety,Drip,227.4,30.8,38.2,101.2,3.9,173.1,2.428,387.0,4.204,8.83,1654.3,8.59,13353.01,99952.8,-86599.79,32.1,28.0
535,2023,Kharif,Barley,Jharkhand,Medium,5.55,Alluvial,7.0,Traditional,Canal,,26.4,73.4,154.3,2.25,551.9,0.881,323.0,4.865,27.0,1782.2,6.58,44954.28,268305.5,-223351.22,39.5,33.5
536,2024,Kharif,Wheat,Jharkhand,Small,3.16,Sandy,6.22,Traditional,Drip,720.1,27.3,83.4,81.9,4.32,357.2,1.693,283.0,6.048,19.11,1789.6,9.16,31067.75,155583.56,-124515.81,56.0,39.7
537,2024,Kharif,Rice,Uttar Pradesh,Small,5.34,Black,6.44,High-Yield Variety,Borewell,744.1,27.5,68.5,108.2,3.39,491.0,1.212,307.0,5.951,31.78,2094.0,8.0,61225.4,254335.13,-193109.73,37.5,30.7
538,2022,Rabi,Maize,Jharkhand,Medium,1.1,Clay,5.8,High-Yield Variety,Drip,205.2,20.9,55.0,133.0,3.55,224.6,2.922,294.0,6.562,7.22,1819.4,5.56,12405.68,55191.88,-42786.2,4.9,3.1
539,2021,Kharif,Rice,Bihar,Medium,0.94,Sandy,6.24,Traditional,Drip,745.6,29.2,67.5,151.2,1.91,308.3,2.049,357.0,6.316,5.94,1860.6,8.8,10080.15,56303.78,-46223.63,43.5,31.8
540,2024,Rabi,Sugarcane,Punjab,Small,2.47,Black,5.93,Traditional,Canal,270.4,22.4,45.4,117.9,2.92,374.1,8.375,368.0,31.328,77.38,2114.4,6.08,153657.73,118623.58,35034.15,15.7,15.1
541,2021,Kharif,Wheat,Jharkhand,Medium,0.82,Loamy,6.5,Traditional,Rainfed,719.5,27.8,70.6,113.9,3.19,289.7,1.487,449.0,4.309,3.53,1965.2,3.51,6694.0,51391.79,-44697.79,56.2,61.8
542,2023,Rabi,Maize,Odisha,Medium,3.05,Black,7.0,High-Yield Variety,Borewell,207.6,19.5,56.5,154.4,2.5,379.2,1.391,313.0,5.274,16.09,2008.0,7.6,29851.91,136722.86,-106870.95,21.2,19.7
543,2021,Zaid,Soybean,Assam,Small,2.65,Black,6.91,High-Yield Variety,Canal,99.8,33.7,44.2,123.9,4.73,365.6,0.88,343.0,3.218,8.53,1930.6,8.56,15058.78,111834.26,-96775.48,29.9,19.1
544,2024,Kharif,Wheat,Punjab,Medium,3.96,Loamy,6.49,Traditional,Sprinkler,826.0,30.6,78.0,122.2,2.47,486.0,1.191,277.0,5.791,22.93,1692.9,8.41,35554.1,188128.98,-152574.88,47.6,51.7
545,2023,Kharif,Mustard,Uttar Pradesh,Large,1.19,Alluvial,6.37,High-Yield Variety,Borewell,876.4,26.1,83.5,75.1,3.17,652.5,0.529,279.0,3.454,4.11,1865.1,9.67,6924.07,66445.99,-59521.92,47.4,33.0
546,2021,Rabi,Maize,Uttar Pradesh,Medium,1.82,Sandy,6.43,High-Yield Variety,Rainfed,200.2,23.3,53.0,125.2,2.24,154.9,2.817,317.0,4.365,7.94,2265.2,4.47,17182.04,87664.58,-70482.54,6.6,5.1
547,2023,Zaid,Wheat,Odisha,Small,2.22,Sandy,7.03,Traditional,Sprinkler,,35.6,49.4,124.4,3.14,213.4,1.732,344.0,3.695,8.2,1741.5,8.94,13003.16,87753.22,-74750.06,27.5,23.3
548,2022,Zaid,Soybean,Chhattisgarh,Medium,1.99,Black,6.89,High-Yield Variety,Rainfed,78.0,33.0,54.3,95.2,3.35,150.0,1.847,228.0,2.77,5.51,2099.9,7.2,10737.96,91481.11,-80743.15,19.2,20.4
549,2023,Kharif,Soybean,Assam,Medium,3.13,Sandy,6.75,Traditional,Rainfed,767.4,24.2,76.4,117.9,4.66,272.8,1.181,384.0,3.222,10.08,1902.1,7.74,17689.67,151305.76,-133616.09,37.7,28.7
550,2022,Kharif,Wheat,Assam,Small,3.55,Loamy,,Traditional,Canal,727.0,25.6,78.6,94.3,4.5,522.2,1.069,288.0,5.582,19.82,1884.9,10.11,33581.27,180266.75,-146685.48,35.3,36.5
551,2021,Kharif,Soybean,Jharkhand,Medium,1.2,Loamy,6.45,Traditional,Canal,815.3,28.3,84.1,143.3,3.67,485.0,0.806,322.0,3.911,4.69,1902.2,8.83,8133.49,61061.04,-52927.55,53.4,41.6
552,2022,Kharif,Soybean,Chhattisgarh,Small,4.26,Black,6.12,High-Yield Variety,Rainfed,750.3,30.0,82.9,138.7,3.85,333.4,1.02,457.0,3.401,14.49,1932.5,4.36,26781.33,207801.34,-181020.01,39.1,42.6
553,2023,Kharif,Mustard,Chhattisgarh,Small,0.99,Loamy,,High-Yield Variety,Canal,765.9,30.0,81.2,132.4,3.06,533.7,0.569,374.0,3.039,3.01,1831.2,3.0,5346.49,59406.34,-54059.85,47.0,51.5
554,2021,Zaid,Mustard,Bihar,Small,2.19,Sandy,6.73,High-Yield Variety,Canal,113.0,34.7,41.8,85.0,3.5,331.8,0.601,228.0,1.995,4.37,1841.0,6.85,7494.47,97492.92,-89998.45,14.1,12.0
555,2021,Kharif,Rice,Assam,Large,5.36,Clay,7.12,High-Yield Variety,Borewell,817.9,29.9,76.9,168.7,2.75,582.4,1.136,388.0,6.618,35.47,1570.0,5.68,52525.0,260512.68,-207987.68,36.2,36.9
556,2023,Kharif,Mustard,Jharkhand,Small,1.71,Alluvial,6.02,High-Yield Variety,Drip,812.3,28.7,71.9,143.8,2.46,364.7,1.118,229.0,4.079,6.97,1802.8,7.03,11682.15,89157.04,-77474.89,29.1,27.1
557,2021,Kharif,Mustard,West Bengal,Large,2.03,Alluvial,6.9,High-Yield Variety,Drip,673.6,29.6,78.3,129.2,4.49,302.4,1.38,267.0,4.175,8.47,1731.2,5.58,13844.48,110080.57,-96236.09,30.3,23.6
558,2022,Kharif,Groundnut,Assam,Large,3.48,Loamy,6.77,Traditional,Sprinkler,718.8,30.1,83.3,119.3,4.38,469.8,0.831,311.0,3.906,13.59,1892.2,6.89,23943.97,168523.0,-144579.03,40.2,34.6
559,2021,Zaid,Wheat,Assam,Small,1.52,Clay,6.43,High-Yield Variety,Drip,109.6,33.6,42.9,98.5,3.23,198.6,2.072,287.0,4.115,6.25,1783.1,8.89,10154.16,67800.98,-57646.82,24.1,19.0
560,2021,Kharif,Barley,Odisha,Small,1.56,Sandy,,High-Yield Variety,Sprinkler,796.1,29.0,73.5,119.6,2.67,399.6,1.324,198.0,5.29,8.25,1758.3,9.41,13140.45,80552.23,-67411.78,40.9,42.6
561,2023,Zaid,Wheat,Assam,Small,2.53,Sandy,6.44,High-Yield Variety,Borewell,150.6,33.8,38.3,112.1,1.46,282.2,1.243,291.0,3.507,8.87,1667.4,13.52,12790.76,105159.53,-92368.77,41.3,44.1
562,2021,Zaid,Maize,Chhattisgarh,Medium,4.15,Sandy,6.23,Traditional,Borewell,220.8,33.4,42.0,146.5,4.22,365.9,1.049,264.0,3.837,15.92,1451.5,0.52,22987.73,167512.44,-144524.71,36.7,34.9
563,2021,Kharif,Soybean,Bihar,Medium,1.5,Black,5.9,Traditional,Borewell,819.7,29.0,82.5,189.8,5.15,616.1,0.605,483.0,3.727,5.59,1573.4,8.05,8087.07,84553.79,-76466.72,63.0,53.4
564,2024,Rabi,Sugarcane,West Bengal,Small,1.79,Loamy,6.34,High-Yield Variety,Rainfed,275.4,24.9,50.5,99.8,3.78,171.7,14.255,285.0,24.477,43.81,1970.7,7.38,79963.2,81094.32,-1131.12,34.7,29.7
565,2022,Rabi,Maize,Uttar Pradesh,Large,2.97,Black,6.65,Traditional,Canal,172.4,20.2,57.3,107.4,2.73,328.0,1.768,388.0,5.798,17.22,2099.5,11.82,31878.65,139028.49,-107149.84,36.2,28.4
566,2024,Kharif,Soybean,Bihar,Medium,0.92,Alluvial,6.65,High-Yield Variety,Rainfed,763.0,27.4,74.6,163.0,3.3,323.8,1.172,237.0,3.794,3.49,1981.0,7.7,6381.4,41503.48,-35122.08,27.0,28.3
567,2024,Rabi,Soybean,Chhattisgarh,Medium,1.47,Black,6.68,High-Yield Variety,Canal,291.7,20.7,55.7,90.7,4.36,365.6,0.89,361.0,3.255,4.79,2084.4,3.38,9646.35,69252.37,-59606.02,18.8,20.6
568,2021,Kharif,Sugarcane,Punjab,Medium,2.67,Alluvial,6.53,High-Yield Variety,Borewell,768.6,30.3,85.3,137.9,4.52,564.9,5.984,364.0,33.802,90.25,1913.1,2.79,167840.21,137696.45,30143.76,47.5,40.6
569,2023,Zaid,Soybean,Assam,Medium,1.58,Loamy,6.71,High-Yield Variety,Borewell,116.2,31.2,37.0,107.1,5.84,355.6,0.583,326.0,2.072,3.27,1723.2,4.06,5406.1,72127.64,-66721.54,34.7,32.9
570,2023,Zaid,Barley,Odisha,Large,2.86,Alluvial,7.06,High-Yield Variety,Drip,142.8,37.7,44.4,89.9,3.54,154.8,2.46,353.0,3.809,10.89,1689.3,11.89,16209.6,112210.8,-96001.2,18.5,13.6
571,2024,Kharif,Barley,Punjab,Small,2.85,Loamy,6.44,High-Yield Variety,Canal,779.5,29.6,86.0,90.0,2.7,485.3,0.925,395.0,4.489,12.79,1820.7,9.56,21061.04,135140.86,-114079.82,32.2,32.3
572,2023,Kharif,Sugarcane,Assam,Medium,5.48,Sandy,6.31,High-Yield Variety,Rainfed,791.1,29.3,82.0,109.7,3.8,295.4,9.473,270.0,27.984,153.35,1869.1,6.4,268285.17,262909.8,5375.37,38.6,30.5
573,2023,Kharif,Soybean,Jharkhand,Small,2.9,Alluvial,5.95,High-Yield Variety,Sprinkler,809.2,24.2,79.7,177.0,5.02,428.7,1.067,347.0,4.574,13.27,1734.7,9.67,20793.74,147588.27,-126794.53,65.4,56.1
574,2024,Zaid,Sugarcane,West Bengal,Large,2.76,Clay,6.44,High-Yield Variety,Borewell,138.2,33.7,45.1,67.9,3.04,267.4,8.737,447.0,23.359,64.47,1921.8,5.88,116617.81,118325.29,-1707.48,22.0,14.2
575,2024,Rabi,Barley,Chhattisgarh,Small,5.56,Loamy,6.78,High-Yield Variety,Drip,257.3,19.7,57.9,136.6,4.6,263.6,2.077,297.0,5.474,30.44,1960.5,11.56,52778.06,239218.13,-186440.07,16.2,11.8
576,2023,Kharif,Sugarcane,Assam,Small,2.5,Clay,6.91,Traditional,Borewell,728.0,26.6,87.3,93.3,3.26,566.7,6.024,306.0,34.139,85.35,1902.0,6.43,151900.45,127661.76,24238.69,43.1,31.3
577,2023,Rabi,Wheat,Uttar Pradesh,Small,4.52,Sandy,6.93,High-Yield Variety,Canal,191.7,23.4,62.3,132.3,2.9,275.9,1.836,297.0,5.067,22.9,2220.3,8.57,46487.7,197674.12,-151186.42,15.0,9.3
578,2024,Kharif,Rice,Assam,Medium,0.56,Black,7.36,High-Yield Variety,Canal,848.4,28.4,78.4,119.7,2.05,524.1,1.295,306.0,,3.8,1838.0,9.5,6320.68,36071.49,-29750.81,31.4,32.8
579,2021,Kharif,Barley,Jharkhand,Medium,7.1,Black,6.83,High-Yield Variety,Drip,652.8,28.7,68.9,136.8,3.66,317.9,1.806,338.0,5.741,40.76,1872.6,6.56,71318.17,340935.87,-269617.7,40.1,31.7
580,2023,Rabi,Sugarcane,Uttar Pradesh,Large,1.67,Sandy,7.63,High-Yield Variety,Canal,358.0,17.0,64.0,119.6,3.28,399.2,8.121,232.0,32.416,54.14,2212.1,6.53,111947.28,72427.85,39519.43,17.2,12.8
581,2023,Kharif,Barley,Uttar Pradesh,Small,3.09,Alluvial,6.61,High-Yield Variety,Rainfed,851.1,24.3,69.1,114.8,3.33,291.4,1.454,299.0,4.237,13.09,1822.8,8.46,21840.65,150496.69,-128656.04,42.2,46.0
582,2022,Kharif,Groundnut,Assam,Small,1.87,Alluvial,6.55,High-Yield Variety,Canal,814.5,26.5,76.0,154.3,4.0,505.1,0.786,265.0,3.968,7.42,1539.7,6.37,10696.75,100668.78,-89972.03,40.9,29.0
583,2022,Zaid,Maize,Assam,Small,2.44,Black,7.62,High-Yield Variety,Sprinkler,88.0,34.8,42.1,111.8,3.22,171.8,3.23,401.0,5.55,13.54,1765.8,11.04,21268.8,107642.46,-86373.66,25.6,19.8
584,2021,Kharif,Wheat,West Bengal,Small,3.97,Sandy,8.03,Traditional,Borewell,763.2,30.0,84.0,129.1,4.87,643.4,0.891,355.0,5.732,22.75,1734.5,5.48,37298.19,200529.16,-163230.97,35.8,30.8
585,2024,Kharif,Barley,West Bengal,Small,6.56,Loamy,6.69,Traditional,Canal,,24.2,74.0,160.1,3.58,515.0,0.946,439.0,4.873,31.97,1982.7,6.22,59440.97,322070.98,-262630.01,41.1,35.8
586,2024,Zaid,Groundnut,Bihar,Small,5.48,Loamy,5.93,High-Yield Variety,Rainfed,102.1,31.2,43.9,112.2,5.54,160.0,1.297,270.0,2.075,11.37,1579.0,9.61,16228.71,221075.9,-204847.19,23.2,16.4
587,2022,Kharif,Maize,Uttar Pradesh,Small,5.72,Sandy,6.61,Traditional,Borewell,724.4,32.2,80.3,124.5,3.98,540.5,1.145,261.0,6.188,35.4,1983.2,5.34,66456.31,276362.84,-209906.53,51.3,48.8
588,2022,Kharif,Wheat,Jharkhand,Medium,1.81,Black,5.27,Traditional,Rainfed,807.1,27.2,80.1,192.3,3.87,324.9,1.248,193.0,4.057,7.34,1925.5,4.91,13439.28,89721.85,-76282.57,42.5,44.0
589,2021,Kharif,Mustard,Bihar,Small,1.23,Clay,6.72,High-Yield Variety,Drip,731.3,27.6,72.8,161.5,5.32,352.3,1.153,339.0,4.064,5.0,1871.8,9.78,8444.2,66216.2,-57772.0,31.9,29.9
590,2022,Kharif,Maize,Jharkhand,Medium,0.83,Alluvial,6.41,Traditional,Canal,822.3,28.3,89.0,114.5,5.78,602.1,1.025,384.0,6.169,5.12,2027.4,8.42,9506.1,55985.82,-46479.72,38.3,34.6
591,2023,Rabi,Wheat,Chhattisgarh,Small,2.65,Clay,7.12,High-Yield Variety,Canal,,21.6,58.5,122.0,2.55,231.5,2.288,258.0,5.296,14.03,1960.9,7.35,25487.9,119321.61,-93833.71,25.2,26.7
592,2022,Zaid,Maize,West Bengal,Medium,2.44,Clay,6.54,High-Yield Variety,Canal,144.6,35.1,49.4,120.1,4.29,368.6,1.28,285.0,4.717,11.51,1654.6,6.09,17884.33,101579.4,-83695.07,34.3,27.6
593,2024,Rabi,Groundnut,Assam,Medium,3.03,Clay,6.83,Traditional,Rainfed,309.6,21.7,57.7,92.4,2.87,175.2,1.734,266.0,3.038,9.21,2030.1,5.63,17644.3,140594.45,-122950.15,13.6,11.5
594,2024,Zaid,Wheat,Uttar Pradesh,Large,5.34,Loamy,6.68,High-Yield Variety,Rainfed,,33.8,39.5,132.4,2.81,129.8,2.402,306.0,3.118,16.65,1629.1,8.94,24699.48,216411.3,-191711.82,28.1,27.6
595,2022,Rabi,Wheat,Punjab,Small,3.77,Alluvial,6.62,Traditional,Canal,206.4,20.2,67.7,168.7,3.96,341.9,1.194,296.0,4.081,15.39,1975.7,6.29,28492.05,167846.55,-139354.5,28.1,24.1
596,2022,Kharif,Mustard,Chhattisgarh,Small,0.95,Black,5.94,Traditional,Canal,854.4,29.4,81.8,157.7,5.18,645.2,0.605,351.0,3.9,3.71,2085.6,6.34,7246.93,62567.35,-55320.42,39.8,24.7
597,2024,Kharif,Mustard,West Bengal,Small,3.25,Sandy,6.04,Traditional,Rainfed,821.2,26.9,73.2,157.7,3.66,250.7,0.727,386.0,,5.92,1973.7,10.72,10431.48,159001.98,-148570.5,43.7,29.4
598,2024,Kharif,Wheat,Uttar Pradesh,Small,0.66,Black,6.51,Traditional,Borewell,837.2,28.2,70.9,117.6,3.88,574.0,0.949,257.0,5.448,3.6,1929.0,9.71,6270.23,44487.14,-38216.91,34.4,25.3
599,2024,Kharif,Wheat,Uttar Pradesh,Small,2.94,Alluvial,6.07,High-Yield Variety,Sprinkler,706.3,27.1,76.0,121.6,4.55,355.4,1.676,329.0,5.957,17.51,1782.3,9.17,28346.63,141735.74,-113389.11,40.8,33.9
600,2023,Kharif,Rice,Uttar Pradesh,Small,4.52,Alluvial,6.67,High-Yield Variety,Drip,777.8,29.3,70.5,138.1,3.98,295.3,2.151,218.0,6.354,28.72,1981.0,12.06,50029.87,217968.35,-167938.48,42.9,38.3
601,2024,Rabi,Sugarcane,West Bengal,Small,1.49,Sandy,5.98,Traditional,Sprinkler,235.8,19.7,62.1,123.8,1.79,248.5,13.365,267.0,33.209,49.48,1948.7,6.91,89760.02,73371.41,16388.61,30.0,28.6
602,2021,Kharif,Sugarcane,Punjab,Small,1.41,Loamy,6.0,Traditional,Rainfed,822.9,28.7,79.9,145.2,3.23,284.0,9.782,300.0,27.779,39.17,1728.5,4.48,64669.08,76746.63,-12077.55,54.5,51.7
603,2021,Rabi,Mustard,Chhattisgarh,Medium,0.53,Sandy,5.92,Traditional,Borewell,267.1,22.9,53.1,161.8,4.71,359.1,0.742,272.0,2.665,1.41,1949.7,6.19,2578.78,32039.57,-29460.79,28.9,26.9
604,2022,Rabi,Rice,Punjab,Medium,2.29,Loamy,6.4,High-Yield Variety,Rainfed,147.7,19.4,70.9,76.1,3.19,140.2,2.564,285.0,3.596,8.23,2187.8,3.43,17387.45,96607.3,-79219.85,15.6,16.3
605,2021,Kharif,Sugarcane,Chhattisgarh,Small,1.24,Black,6.25,High-Yield Variety,Canal,695.7,27.6,66.8,108.8,3.61,540.1,6.648,470.0,35.903,44.52,1996.0,8.02,81730.5,65912.96,15817.54,36.0,21.6
606,2023,Kharif,Wheat,Odisha,Small,4.54,Black,6.79,Traditional,Drip,817.7,27.5,81.7,148.3,3.25,354.5,1.754,274.0,6.216,28.22,1857.2,3.52,50563.27,213384.08,-162820.81,36.1,25.8
607,2024,Kharif,Mustard,Odisha,Medium,2.04,Loamy,6.77,High-Yield Variety,Canal,780.5,27.8,76.7,166.1,4.43,533.7,0.536,306.0,2.863,5.84,1861.6,10.32,9749.66,108464.15,-98714.49,43.3,45.7
608,2024,Zaid,Maize,Jharkhand,Medium,1.79,Sandy,6.6,High-Yield Variety,Canal,5.0,31.9,45.4,112.1,2.07,220.3,2.017,276.0,4.442,7.95,1968.2,3.93,15033.02,86845.55,-71812.53,29.0,20.7
609,2023,Kharif,Groundnut,Assam,Small,1.35,Sandy,5.54,High-Yield Variety,Rainfed,763.1,23.1,77.6,,2.88,285.9,1.161,363.0,3.317,4.48,2086.6,1.07,9247.73,68000.51,-58752.78,23.5,24.8
610,2023,Rabi,Rice,West Bengal,Medium,0.94,Sandy,6.96,High-Yield Variety,Rainfed,85.7,23.0,46.7,87.2,4.73,125.5,3.762,308.0,4.722,4.44,2310.3,5.27,9717.06,51871.42,-42154.36,23.4,21.1
611,2021,Rabi,Rice,Punjab,Medium,1.29,Clay,6.77,High-Yield Variety,Borewell,256.2,18.0,51.2,148.5,3.48,455.9,1.034,351.0,4.715,6.08,2032.8,8.29,11335.46,62588.51,-51253.05,20.9,19.9
612,2024,Kharif,Groundnut,Jharkhand,Small,5.18,Alluvial,6.46,Traditional,Canal,800.6,30.2,85.3,139.7,3.32,516.2,0.883,301.0,4.56,23.62,1929.9,7.78,42037.22,249432.01,-207394.79,44.5,41.1
613,2023,Rabi,Rice,Chhattisgarh,Medium,0.61,Black,6.37,Traditional,Rainfed,217.8,21.7,49.1,83.7,4.26,212.9,1.877,346.0,3.998,2.44,,6.8,4772.86,39093.69,-34320.83,21.0,12.6
614,2022,Zaid,Mustard,Uttar Pradesh,Small,0.56,Black,6.26,High-Yield Variety,Canal,185.3,38.4,54.5,122.5,2.0,393.5,0.491,298.0,1.932,1.08,1870.4,7.92,1860.04,29243.34,-27383.3,17.0,17.5
615,2022,Kharif,Sugarcane,Odisha,Small,2.76,Black,6.82,Traditional,Canal,884.4,29.8,83.8,135.5,3.06,560.5,6.477,391.0,36.302,100.19,1843.1,7.09,171560.97,142765.44,28795.53,37.3,30.3
616,2024,Rabi,Maize,Jharkhand,Large,3.55,Black,6.2,High-Yield Variety,Borewell,233.9,22.6,53.0,86.2,3.6,394.9,1.402,467.0,5.535,19.65,1948.3,2.38,37373.01,161181.17,-123808.16,20.5,20.1
617,2023,Rabi,Soybean,Odisha,Small,4.74,Clay,5.98,High-Yield Variety,Rainfed,184.1,20.6,57.6,148.7,3.15,168.3,1.715,367.0,2.885,13.67,1921.0,9.37,23801.11,204303.69,-180502.58,16.2,12.4
618,2022,Kharif,Groundnut,Chhattisgarh,Small,3.85,Clay,5.97,Traditional,Canal,692.5,28.7,80.3,161.6,2.13,429.7,1.03,252.0,4.424,17.03,1733.3,1.63,29035.78,182737.77,-153701.99,43.9,33.9
619,2023,Rabi,Rice,Jharkhand,Medium,2.17,Black,6.57,Traditional,Canal,210.6,23.4,54.7,111.3,3.5,288.2,1.889,360.0,5.443,11.81,2102.7,10.31,22271.81,100792.82,-78521.01,26.7,17.8
620,2024,Rabi,Maize,Punjab,Small,2.41,Loamy,6.76,High-Yield Variety,Canal,279.5,22.2,69.4,113.2,1.2,379.7,1.55,221.0,5.885,14.18,1821.4,6.6,24123.06,112582.6,-88459.54,26.0,24.2
621,2022,Kharif,Barley,Jharkhand,Small,2.23,Loamy,7.14,High-Yield Variety,Borewell,829.2,25.2,87.4,145.0,3.68,658.0,0.715,378.0,4.702,10.49,1934.7,8.2,18631.14,115302.6,-96671.46,46.2,38.1
622,2023,Rabi,Mustard,Bihar,Small,5.01,Sandy,6.59,High-Yield Variety,Sprinkler,191.9,21.5,60.0,143.7,1.98,241.4,0.959,337.0,2.316,11.6,1997.7,10.35,20775.5,217379.95,-196604.45,10.0,6.8
623,2023,Rabi,Sugarcane,West Bengal,Small,1.47,Loamy,6.25,High-Yield Variety,Borewell,215.6,18.7,54.7,160.6,2.52,388.8,7.591,298.0,29.513,43.38,2097.9,7.36,84310.67,70600.71,13709.96,14.0,12.0
624,2021,Kharif,Soybean,Odisha,Large,1.6,Alluvial,5.69,High-Yield Variety,Borewell,646.8,28.6,73.7,185.2,3.18,552.2,0.621,140.0,3.43,5.49,1599.8,8.4,8044.87,85620.93,-77576.06,35.5,34.1
625,2024,Zaid,Rice,Odisha,Medium,0.92,Black,6.46,High-Yield Variety,Borewell,142.4,32.3,55.2,103.9,3.18,399.6,0.943,298.0,3.768,3.47,1673.1,10.52,5194.99,47314.79,-42119.8,30.7,19.6
626,2021,Zaid,Groundnut,Jharkhand,Small,3.24,Black,6.8,High-Yield Variety,Canal,90.6,34.9,46.6,133.6,3.41,277.6,1.149,319.0,3.189,10.33,1673.3,6.3,16196.93,134848.25,-118651.32,32.0,32.2
627,2024,Rabi,Rice,Uttar Pradesh,Medium,4.01,Loamy,5.97,High-Yield Variety,Canal,196.6,18.7,61.7,188.3,4.33,302.0,1.721,235.0,5.199,20.85,1915.5,8.92,36374.59,169073.59,-132699.0,28.6,22.7
628,2022,Zaid,Wheat,Jharkhand,Medium,1.36,Alluvial,6.45,Traditional,Rainfed,23.0,34.5,46.6,130.3,2.99,140.4,2.3,214.0,3.23,4.39,1715.8,10.88,6712.86,62556.61,-55843.75,12.9,11.2
629,2023,Kharif,Sugarcane,West Bengal,Small,0.86,Loamy,7.19,High-Yield Variety,Canal,821.1,27.8,81.3,149.3,1.43,604.8,5.801,272.0,35.085,30.17,1799.1,9.89,48909.84,46083.86,2825.98,43.8,39.4
630,2021,Rabi,Mustard,Chhattisgarh,Small,4.29,Sandy,6.8,Traditional,Borewell,182.8,19.4,59.8,116.0,3.49,396.1,0.714,381.0,2.829,12.14,2019.3,6.13,23011.86,192733.78,-169721.92,10.5,11.4
631,2022,Kharif,Sugarcane,Odisha,Small,2.76,Loamy,5.98,High-Yield Variety,Drip,843.9,28.6,78.1,197.7,1.52,335.6,11.98,276.0,40.201,110.95,2035.3,10.47,202167.31,130281.88,71885.43,45.9,47.6
632,2022,Kharif,Wheat,Uttar Pradesh,Small,2.45,Black,7.22,High-Yield Variety,Canal,734.0,31.1,74.4,125.0,1.47,507.1,1.053,298.0,5.339,13.08,2033.9,5.49,25144.35,120449.59,-95305.24,25.0,19.0
633,2022,Zaid,Groundnut,Assam,Medium,3.97,Loamy,6.69,Traditional,Rainfed,47.0,32.6,45.3,150.7,4.05,167.4,1.357,416.0,2.272,9.02,1537.5,8.27,12720.38,170853.88,-158133.5,23.9,23.8
634,2023,Kharif,Groundnut,Punjab,Medium,1.89,Black,6.31,High-Yield Variety,Borewell,,29.3,80.8,120.3,4.48,556.4,0.601,416.0,3.345,6.32,1843.0,7.45,10780.16,94928.66,-84148.5,30.6,25.3
635,2022,Zaid,Barley,Punjab,Small,1.3,Alluvial,6.47,High-Yield Variety,Rainfed,173.6,35.0,41.7,192.6,3.36,186.4,1.198,378.0,2.233,2.9,1675.3,5.88,4572.56,64563.18,-59990.62,28.1,21.0
636,2024,Zaid,Barley,Odisha,Small,1.89,Loamy,6.81,Traditional,Canal,5.0,35.0,52.1,128.6,3.83,269.0,1.437,328.0,3.865,7.31,1460.7,7.27,9901.63,89296.94,-79395.31,23.5,20.8
637,2022,Rabi,Groundnut,Odisha,Large,3.72,Alluvial,,High-Yield Variety,Rainfed,335.1,15.5,65.4,118.0,2.63,172.9,1.748,212.0,3.022,11.24,1738.7,6.36,18299.85,160073.23,-141773.38,18.5,13.3
638,2024,Kharif,Mustard,West Bengal,Medium,5.75,Loamy,6.94,High-Yield Variety,Borewell,839.6,25.9,71.4,147.8,3.83,548.6,0.528,260.0,2.898,16.67,1950.6,6.9,30272.59,273066.27,-242793.68,28.3,19.5
639,2021,Zaid,Mustard,Uttar Pradesh,Small,1.38,Alluvial,6.51,Traditional,Sprinkler,100.9,34.8,37.2,76.8,2.48,251.9,0.92,228.0,2.317,3.2,1675.2,5.89,5044.7,65465.48,-60420.78,29.3,18.7
640,2023,Rabi,Sugarcane,Punjab,Small,2.06,Clay,7.54,High-Yield Variety,Canal,63.3,21.2,49.0,163.8,3.07,177.0,18.064,258.0,31.981,65.88,1853.8,11.49,108092.65,95693.86,12398.79,13.2,8.4
641,2021,Rabi,Groundnut,Uttar Pradesh,Small,1.34,Alluvial,6.44,Traditional,Borewell,148.9,22.5,63.6,157.9,4.6,357.1,0.962,346.0,3.433,4.6,2018.5,5.08,8813.72,66436.24,-57622.52,31.8,29.0
642,2021,Rabi,Wheat,Uttar Pradesh,Medium,3.66,Loamy,6.01,High-Yield Variety,Sprinkler,155.0,23.7,55.9,104.4,3.57,278.7,1.96,333.0,5.464,20.0,2150.2,6.26,40311.88,164296.06,-123984.18,24.3,26.2
643,2022,Zaid,Rice,Chhattisgarh,Small,0.99,Alluvial,6.95,High-Yield Variety,Canal,135.8,38.0,43.1,112.1,3.68,324.5,1.506,401.0,4.887,4.84,1717.1,4.03,7975.88,43963.51,-35987.63,11.5,8.8
644,2024,Zaid,Sugarcane,Odisha,Small,2.7,Loamy,7.06,High-Yield Variety,Borewell,87.2,31.5,37.9,132.8,4.1,304.8,7.694,338.0,23.45,63.31,1686.6,8.96,97205.34,124178.01,-26972.67,36.5,36.7
645,2023,Kharif,Soybean,Assam,Small,0.98,Black,5.97,Traditional,Borewell,716.1,31.5,76.7,151.1,5.63,568.9,0.736,294.0,4.185,4.1,1972.1,10.49,7237.44,48143.6,-40906.16,34.7,35.2
646,2023,Rabi,Maize,Bihar,Small,1.72,Sandy,,High-Yield Variety,Canal,277.4,20.5,53.6,142.3,4.32,399.1,1.465,455.0,5.845,10.05,2029.7,7.72,18822.61,76359.84,-57537.23,24.5,17.8
647,2023,Zaid,Mustard,Chhattisgarh,Large,1.53,Sandy,6.82,High-Yield Variety,Sprinkler,141.7,31.4,43.4,124.4,2.87,275.1,0.87,248.0,2.393,3.66,1475.1,8.0,4967.04,71741.69,-66774.65,28.5,18.9
648,2024,Kharif,Rice,Chhattisgarh,Small,1.25,Clay,6.28,High-Yield Variety,Sprinkler,691.2,23.4,66.9,100.5,4.14,382.3,1.545,244.0,5.907,7.38,1937.9,4.29,13688.17,68988.29,-55300.12,29.2,31.9
649,2022,Kharif,Barley,Punjab,Large,5.94,Sandy,6.75,Traditional,Drip,761.8,27.5,78.0,91.3,3.09,338.6,1.616,466.0,5.471,32.5,1683.3,10.24,49107.75,290933.53,-241825.78,39.7,26.6
650,2022,Kharif,Maize,Punjab,Medium,2.04,Alluvial,6.09,Traditional,Drip,750.3,30.3,86.1,214.8,3.32,279.3,2.541,344.0,7.097,14.48,1863.0,4.63,25726.62,102368.28,-76641.66,52.1,52.3
651,2024,Kharif,Maize,Odisha,Medium,2.25,Sandy,6.94,Traditional,Canal,689.4,31.6,61.8,111.0,3.79,506.8,1.343,334.0,6.809,15.32,1897.4,9.37,26342.44,109672.16,-83329.72,43.8,28.4
652,2021,Kharif,Sugarcane,Bihar,Small,4.7,Sandy,5.8,High-Yield Variety,Sprinkler,753.1,31.9,80.1,146.6,4.43,423.0,8.883,427.0,37.579,176.62,1768.5,6.2,293002.16,230466.88,62535.28,43.1,27.8
653,2024,Zaid,Mustard,Assam,Small,4.86,Black,6.25,High-Yield Variety,Rainfed,87.0,33.8,58.0,149.8,3.05,155.3,0.913,395.0,1.418,6.89,1601.7,5.4,10439.37,198359.92,-187920.55,28.6,26.1
654,2023,Kharif,Barley,West Bengal,Small,2.84,Black,6.7,High-Yield Variety,Canal,890.8,24.3,81.5,175.6,2.53,560.2,0.663,348.0,3.713,10.54,1872.9,12.16,17339.0,142980.34,-125641.34,44.1,42.8
655,2024,Rabi,Maize,Odisha,Medium,0.89,Clay,6.74,Traditional,Borewell,167.1,22.4,56.4,122.1,3.48,380.9,1.572,354.0,5.989,5.33,2260.9,4.03,11565.44,40775.24,-29209.8,21.0,17.3
656,2022,Zaid,Soybean,Bihar,Large,1.0,Black,6.24,High-Yield Variety,Canal,102.1,34.4,53.8,108.4,1.6,325.1,1.083,386.0,3.52,3.52,1461.7,6.12,4830.39,40028.4,-35198.01,24.8,19.3
657,2022,Zaid,Maize,West Bengal,Medium,4.59,Clay,6.36,Traditional,Rainfed,85.8,35.0,42.5,170.7,3.06,134.8,2.714,304.0,3.658,16.79,1732.1,3.22,28145.11,190921.21,-162776.1,34.5,37.7
658,2023,Zaid,Soybean,Jharkhand,Small,1.83,Black,6.02,High-Yield Variety,Rainfed,85.5,31.6,49.1,137.9,0.81,136.2,1.878,313.0,2.558,4.68,1890.2,5.99,8316.24,83748.02,-75431.78,25.4,17.3
659,2024,Rabi,Mustard,Bihar,Small,2.91,Alluvial,7.09,High-Yield Variety,Borewell,160.8,17.3,54.7,109.0,3.38,343.4,0.892,407.0,3.062,8.91,2029.9,4.18,17329.51,129281.82,-111952.31,10.6,11.4
660,2022,Kharif,Barley,Bihar,Small,3.07,Black,6.21,Traditional,Canal,717.3,25.1,86.8,137.3,4.39,510.1,0.911,419.0,4.648,14.27,1931.3,8.25,25284.54,156993.84,-131709.3,54.3,36.7
661,2023,Rabi,Sugarcane,Uttar Pradesh,Small,2.19,Clay,6.33,Traditional,Rainfed,149.5,25.3,52.2,20.0,2.66,179.8,13.683,317.0,24.603,53.88,1929.9,8.47,95172.49,99717.83,-4545.34,31.9,31.7
662,2021,Rabi,Groundnut,Jharkhand,Small,0.61,Sandy,6.91,High-Yield Variety,Rainfed,232.9,20.9,60.5,117.6,3.86,163.0,1.906,289.0,3.106,1.89,1949.9,6.08,3461.32,41383.79,-37922.47,30.8,22.3
663,2021,Kharif,Soybean,Jharkhand,Large,2.68,Clay,7.41,Traditional,Rainfed,742.3,28.1,77.0,176.5,3.75,314.5,1.263,293.0,3.972,10.65,2080.5,10.29,19877.1,128757.98,-108880.88,50.7,42.6
664,2023,Rabi,Mustard,West Bengal,Small,1.97,Black,6.55,High-Yield Variety,Canal,257.0,21.8,51.9,73.6,4.08,318.2,0.88,341.0,2.801,5.52,2270.4,9.97,11283.52,86483.08,-75199.56,10.6,10.1
665,2023,Rabi,Groundnut,Punjab,Small,2.34,Alluvial,6.98,High-Yield Variety,Drip,185.3,21.6,50.3,127.1,4.24,207.1,1.838,331.0,3.806,8.91,2087.2,9.11,16902.19,108632.56,-91730.37,22.7,22.3
666,2024,Kharif,Maize,Jharkhand,Small,2.12,Sandy,6.33,Traditional,Borewell,777.0,28.9,74.1,154.7,3.08,594.7,0.961,431.0,5.714,12.11,1690.2,16.44,17103.19,116868.88,-99765.69,50.2,37.4
667,2021,Kharif,Barley,Bihar,Medium,5.03,Black,6.89,High-Yield Variety,Canal,844.7,26.7,86.4,108.9,2.1,546.6,0.809,226.0,4.42,22.23,,7.19,39763.47,236960.11,-197196.64,36.4,37.2
668,2022,Rabi,Barley,Jharkhand,Medium,2.0,Sandy,5.76,High-Yield Variety,Sprinkler,249.0,20.4,62.7,91.0,3.35,283.3,1.533,215.0,4.343,8.69,2035.4,5.85,16652.4,91588.01,-74935.61,20.4,21.6
669,2021,Rabi,Rice,Punjab,Large,1.91,Loamy,7.19,Traditional,Borewell,273.9,17.6,54.4,134.8,3.14,405.6,1.297,340.0,5.262,10.05,,2.93,17438.46,90410.57,-72972.11,24.4,21.9
670,2021,Zaid,Barley,Chhattisgarh,Medium,0.57,Alluvial,6.77,High-Yield Variety,Canal,86.6,33.2,41.4,128.8,3.19,321.2,1.149,229.0,3.692,2.1,1823.6,7.57,3539.84,27412.38,-23872.54,31.7,30.6
671,2023,Rabi,Sugarcane,Uttar Pradesh,Medium,1.85,Clay,6.28,High-Yield Variety,Borewell,211.7,19.6,63.4,151.6,3.94,338.0,9.096,403.0,30.744,56.88,2104.9,3.44,115600.34,89675.61,25924.73,32.8,25.5
672,2024,Kharif,Wheat,Bihar,Large,1.82,Sandy,7.18,High-Yield Variety,Borewell,801.4,32.3,74.1,90.5,2.14,682.1,0.756,290.0,5.156,9.38,1932.5,6.52,16946.02,98088.23,-81142.21,33.3,30.7
673,2023,Rabi,Rice,Jharkhand,Medium,2.65,Loamy,5.24,High-Yield Variety,Borewell,,22.5,59.7,146.8,3.73,345.7,1.457,269.0,5.036,13.35,1963.3,7.52,24237.72,122362.05,-98124.33,15.0,14.0
674,2024,Kharif,Soybean,West Bengal,Medium,3.17,Black,6.45,High-Yield Variety,Drip,670.8,31.1,70.8,119.1,3.62,319.4,1.381,328.0,4.413,13.99,2091.9,4.99,27804.37,153404.87,-125600.5,33.2,33.1
675,2023,Rabi,Maize,Jharkhand,Small,4.12,Clay,6.29,High-Yield Variety,Canal,97.6,22.2,56.8,129.6,4.02,285.3,2.015,215.0,5.748,23.68,1990.6,6.92,43873.89,176788.12,-132914.23,39.7,37.8
676,2023,Zaid,Wheat,Odisha,Small,2.79,Sandy,6.64,High-Yield Variety,Canal,180.1,34.1,30.4,185.1,4.96,323.3,1.072,250.0,3.464,9.66,1477.4,5.83,13440.62,126153.62,-112713.0,38.5,28.7
677,2023,Kharif,Sugarcane,Chhattisgarh,Medium,2.78,Loamy,6.59,High-Yield Variety,Drip,825.2,27.8,61.6,92.0,3.96,395.6,10.132,261.0,40.079,111.42,1971.4,3.91,211066.52,140866.85,70199.67,42.3,28.2
678,2024,Rabi,Mustard,West Bengal,Small,2.19,Black,5.86,High-Yield Variety,Sprinkler,167.2,21.8,49.4,87.8,3.9,287.2,1.076,249.0,3.088,6.76,1743.0,6.06,11068.59,96319.19,-85250.6,29.7,25.1
679,2024,Kharif,Soybean,Chhattisgarh,Large,3.78,Sandy,5.61,Traditional,Canal,659.7,26.9,86.2,20.0,4.17,503.9,0.95,233.0,4.785,18.09,1975.2,10.96,31816.31,184827.73,-153011.42,38.3,25.6
680,2021,Kharif,Maize,Assam,Medium,3.78,Alluvial,7.06,Traditional,Drip,735.4,25.9,76.0,175.0,3.83,330.6,2.262,311.0,7.478,28.27,1828.8,3.05,50121.75,179012.7,-128890.95,44.0,40.5
681,2024,Kharif,Barley,Odisha,Medium,2.41,Black,6.56,Traditional,Rainfed,738.5,29.1,77.6,119.2,3.14,277.5,1.464,304.0,4.063,9.79,1729.5,3.26,16380.88,119388.81,-103007.93,34.1,31.3
682,2024,Zaid,Rice,Bihar,Medium,3.05,Clay,6.2,High-Yield Variety,Sprinkler,118.1,32.7,44.5,165.8,2.52,211.6,2.054,340.0,4.345,13.25,1804.9,8.9,21785.98,131469.83,-109683.85,29.8,23.2
683,2022,Zaid,Rice,Odisha,Medium,1.67,Loamy,6.45,Traditional,Sprinkler,207.4,34.3,44.6,111.4,3.92,303.1,1.206,211.0,3.656,6.11,2002.6,9.82,11034.21,78453.42,-67419.21,19.7,19.2
684,2021,Kharif,Mustard,Chhattisgarh,Medium,2.19,Clay,6.27,Traditional,Canal,714.5,27.3,81.0,138.8,2.81,481.6,0.601,308.0,2.893,6.33,1967.4,1.0,12329.88,122059.85,-109729.97,34.6,28.8
685,2021,Zaid,Groundnut,West Bengal,Large,2.27,Loamy,5.68,Traditional,Sprinkler,124.0,33.9,45.1,111.7,1.21,221.8,1.318,309.0,2.924,6.64,1639.5,7.38,10082.84,94245.24,-84162.4,47.3,39.8
686,2024,Rabi,Groundnut,West Bengal,Medium,3.77,Black,6.14,High-Yield Variety,Borewell,118.2,23.5,46.9,149.4,3.0,281.5,1.08,230.0,3.04,11.46,2244.9,5.26,24373.43,165311.91,-140938.48,20.0,19.6
687,2021,Zaid,Maize,Punjab,Small,2.72,Black,6.06,High-Yield Variety,Borewell,5.0,35.4,43.2,165.3,4.8,298.6,1.356,381.0,4.048,11.01,1751.3,11.85,16998.02,122430.39,-105432.37,31.6,20.9
688,2022,Kharif,Rice,Bihar,Small,1.82,Sandy,5.78,Traditional,Borewell,738.2,29.1,67.2,128.2,3.92,578.0,0.82,336.0,4.739,8.62,2004.8,2.6,16832.9,94661.71,-77828.81,37.6,25.2
689,2024,Rabi,Groundnut,Odisha,Medium,0.89,Clay,6.17,Traditional,Canal,201.7,24.1,54.1,181.8,2.73,315.7,0.905,338.0,2.856,2.54,2398.5,8.97,5545.94,48242.68,-42696.74,31.6,21.8
690,2021,Rabi,Rice,Assam,Large,1.65,Loamy,6.79,High-Yield Variety,Canal,188.9,20.4,56.1,122.6,5.0,268.1,1.971,310.0,5.284,8.72,2008.6,9.74,15809.15,85656.16,-69847.01,20.4,18.8
691,2023,Kharif,Mustard,Bihar,Small,6.34,Alluvial,7.92,Traditional,Borewell,759.2,26.4,74.7,136.3,3.45,505.1,0.601,457.0,3.034,19.23,1439.7,7.58,25586.31,303430.09,-277843.78,38.1,35.4
692,2022,Rabi,Groundnut,West Bengal,Large,1.66,Sandy,6.91,Traditional,Rainfed,229.6,17.9,61.3,138.2,3.03,191.9,1.71,288.0,3.282,5.45,1939.8,0.5,10518.78,76949.94,-66431.16,18.5,14.9
693,2022,Zaid,Barley,Punjab,Medium,2.84,Alluvial,7.11,High-Yield Variety,Borewell,77.8,29.3,51.7,118.6,1.67,361.4,0.93,290.0,3.361,9.54,1960.7,4.31,17898.22,118318.35,-100420.13,32.3,26.9
694,2022,Rabi,Sugarcane,West Bengal,Medium,6.78,Sandy,6.53,High-Yield Variety,Borewell,281.1,17.6,51.8,78.3,2.33,450.7,6.765,325.0,30.487,206.7,2236.7,10.92,411858.68,284549.06,127309.62,17.6,18.4
695,2024,Zaid,Wheat,West Bengal,Large,4.03,Black,6.42,High-Yield Variety,Canal,141.1,38.9,53.4,143.5,2.85,296.2,1.203,255.0,3.564,14.36,1880.5,11.7,23845.03,170426.95,-146581.92,25.9,18.4
696,2021,Kharif,Mustard,Jharkhand,Medium,1.62,Clay,6.56,Traditional,Canal,724.9,29.7,90.2,137.7,2.8,499.1,0.69,381.0,3.444,5.58,2058.0,7.3,10644.87,89354.67,-78709.8,39.2,30.9
697,2021,Kharif,Sugarcane,Assam,Small,5.02,Loamy,6.15,High-Yield Variety,Sprinkler,720.1,25.7,79.5,161.9,3.63,443.0,8.403,332.0,37.225,186.87,1922.9,9.06,326786.46,247563.27,79223.19,39.5,42.6
698,2024,Zaid,Soybean,Uttar Pradesh,Medium,2.01,Black,,Traditional,Drip,143.8,35.0,35.2,100.5,3.86,193.9,1.649,285.0,3.197,6.43,1618.2,5.25,9858.77,82510.71,-72651.94,39.1,26.3
699,2024,Rabi,Groundnut,Odisha,Medium,2.19,Black,7.01,Traditional,Canal,245.5,20.8,59.1,60.8,1.46,420.9,0.834,311.0,3.512,7.69,2207.1,10.09,15260.35,101112.16,-85851.81,27.0,22.0
700,2024,Kharif,Barley,Uttar Pradesh,Medium,0.78,Alluvial,6.82,High-Yield Variety,Rainfed,831.2,26.2,65.9,182.8,4.07,286.2,1.387,353.0,3.971,3.1,2085.6,8.23,5933.22,45433.82,-39500.6,35.2,29.3
701,2022,Rabi,Mustard,West Bengal,Small,1.42,Loamy,5.95,High-Yield Variety,Borewell,117.9,20.6,56.2,85.9,3.9,290.8,0.924,439.0,2.687,3.82,,11.92,7093.13,71962.89,-64869.76,6.2,5.4
702,2023,Kharif,Barley,Chhattisgarh,Large,2.9,Loamy,7.28,Traditional,Borewell,802.4,27.6,74.6,105.6,4.18,623.7,0.703,157.0,4.382,12.71,1823.9,9.65,20944.09,142827.45,-121883.36,45.7,42.2
703,2021,Rabi,Sugarcane,Assam,Small,2.92,Clay,6.15,Traditional,Drip,144.9,20.9,65.7,146.2,3.72,165.8,21.019,390.0,34.846,101.75,2178.6,5.56,209348.01,130079.18,79268.83,22.6,21.6
704,2024,Kharif,Wheat,Jharkhand,Small,0.99,Loamy,6.3,Traditional,Sprinkler,730.3,24.4,73.4,131.8,4.95,402.7,1.433,281.0,5.773,5.72,2121.2,6.84,11302.96,52789.56,-41486.6,46.4,41.4
705,2022,Zaid,Sugarcane,Assam,Large,1.0,Loamy,6.4,Traditional,Sprinkler,81.8,30.7,58.7,104.7,4.66,216.5,12.071,336.0,26.136,26.14,1908.8,8.52,45647.65,45498.88,148.77,29.3,23.9
706,2021,Zaid,Barley,Uttar Pradesh,Small,3.48,Clay,7.24,High-Yield Variety,Canal,72.3,31.2,43.6,137.9,2.35,258.2,1.556,202.0,4.019,13.99,1670.2,9.89,21054.72,141973.87,-120919.15,32.8,32.3
707,2023,Rabi,Barley,Assam,Medium,3.6,Sandy,6.33,Traditional,Rainfed,195.0,27.4,59.0,84.9,2.85,175.9,1.85,311.0,3.254,11.71,1743.7,5.88,19218.28,158728.68,-139510.4,31.8,29.8
708,2024,Kharif,Sugarcane,Bihar,Small,4.06,Clay,6.42,High-Yield Variety,Rainfed,848.6,25.8,74.7,132.8,1.19,297.4,9.437,348.0,28.069,113.96,2176.2,8.38,227231.71,203073.9,24157.81,30.5,21.2
709,2024,Kharif,Groundnut,Assam,Medium,2.45,Clay,6.48,High-Yield Variety,Rainfed,809.5,34.3,75.3,130.2,3.01,289.9,1.103,272.0,3.196,7.83,1801.6,6.56,13181.8,120138.55,-106956.75,31.5,29.2
710,2023,Rabi,Soybean,Bihar,Large,1.01,Sandy,6.51,High-Yield Variety,Canal,174.4,23.2,74.2,106.6,4.62,309.0,1.225,411.0,3.784,3.82,2045.9,8.82,7125.66,53918.5,-46792.84,25.8,15.8
711,2023,Kharif,Groundnut,Bihar,Small,2.43,Sandy,6.86,Traditional,Drip,779.9,22.5,74.3,166.0,4.9,340.9,1.43,256.0,4.876,11.85,1983.9,3.15,22767.96,125001.29,-102233.33,50.0,35.0
712,2023,Zaid,Barley,Punjab,Large,1.19,Loamy,6.42,Traditional,Canal,48.8,33.5,40.4,81.9,4.93,315.2,1.114,450.0,3.512,4.18,1662.8,6.08,6528.3,60227.66,-53699.36,25.2,18.3
713,2024,Rabi,Maize,Assam,Large,4.86,Black,6.69,High-Yield Variety,Canal,103.7,19.2,58.8,112.6,4.18,324.5,1.762,228.0,5.717,27.78,1880.5,6.26,48973.28,207899.24,-158925.96,33.9,23.3
714,2022,Kharif,Barley,Uttar Pradesh,Large,4.04,Sandy,6.65,High-Yield Variety,Borewell,742.5,27.6,69.9,178.9,4.84,587.9,0.825,276.0,4.85,19.59,1759.5,4.08,33063.32,206515.21,-173451.89,40.2,42.3
715,2021,Kharif,Barley,Chhattisgarh,Medium,2.39,Clay,5.67,Traditional,Rainfed,751.5,27.7,77.8,56.6,4.01,288.6,1.252,243.0,3.614,8.64,1835.2,5.68,14955.08,122768.54,-107813.46,57.4,60.8
716,2023,Kharif,Barley,Punjab,Small,4.86,Clay,6.18,High-Yield Variety,Drip,694.5,29.3,78.7,93.8,4.64,296.7,2.034,258.0,6.035,29.33,1858.2,10.36,48855.29,230984.36,-182129.07,43.8,40.5
717,2021,Rabi,Mustard,Assam,Small,2.55,Clay,7.37,High-Yield Variety,Canal,264.1,23.6,63.6,144.9,2.59,315.4,1.062,411.0,3.35,8.54,1918.5,9.97,14750.14,108208.26,-93458.12,17.1,15.5
718,2024,Rabi,Soybean,Assam,Small,1.34,Loamy,6.39,High-Yield Variety,Canal,215.0,22.1,51.0,175.9,1.72,406.3,0.809,305.0,3.288,4.41,2012.1,9.82,8002.05,70256.39,-62254.34,19.0,14.7
719,2022,Zaid,Sugarcane,Uttar Pradesh,Small,4.56,Sandy,7.34,High-Yield Variety,Borewell,148.4,35.6,36.8,173.8,3.18,288.5,8.326,277.0,24.02,109.53,1509.6,9.61,149452.67,185107.08,-35654.41,22.9,24.1
720,2024,Rabi,Sugarcane,Assam,Large,4.6,Alluvial,6.65,Traditional,Sprinkler,155.2,20.7,49.8,104.1,4.23,224.8,14.859,381.0,33.404,153.66,1906.0,7.09,272107.83,195731.85,76375.98,34.5,22.1
721,2023,Rabi,Groundnut,Odisha,Medium,1.29,Sandy,,High-Yield Variety,Rainfed,263.6,22.1,51.7,73.1,4.24,186.6,1.356,269.0,2.53,3.26,1857.1,0.5,6023.94,57330.95,-51307.01,7.5,7.9
722,2023,Rabi,Rice,West Bengal,Small,2.86,Black,7.61,Traditional,Sprinkler,321.1,19.8,54.6,74.5,3.94,230.9,2.309,264.0,5.332,15.25,2042.8,7.72,28747.1,126637.81,-97890.71,35.3,31.6
723,2021,Kharif,Groundnut,Assam,Medium,0.86,Alluvial,6.68,Traditional,Rainfed,861.2,31.3,81.7,127.9,3.92,292.3,1.129,339.0,3.3,2.84,1723.4,3.1,4742.78,49518.29,-44775.51,43.4,39.4
724,2023,Zaid,Wheat,Punjab,Medium,4.32,Alluvial,5.81,Traditional,Canal,60.7,32.6,44.1,132.0,3.67,311.5,1.229,344.0,3.829,16.54,1851.0,2.61,29814.38,182995.93,-153181.55,26.9,17.8
725,2022,Kharif,Sugarcane,Assam,Large,4.56,Black,6.72,High-Yield Variety,Rainfed,729.8,28.1,66.6,167.6,4.61,266.3,10.5,196.0,27.962,127.51,1849.6,5.22,223533.26,228004.62,-4471.36,36.9,23.6
726,2021,Rabi,Wheat,Punjab,Large,1.86,Clay,7.54,High-Yield Variety,Canal,245.8,21.9,66.9,139.4,2.1,367.6,1.4,296.0,5.145,9.57,2178.0,8.53,19065.5,84760.53,-65695.03,13.2,10.9
727,2023,Zaid,Wheat,Odisha,Small,2.78,Loamy,6.79,Traditional,Borewell,120.4,34.2,43.8,74.1,4.31,231.5,1.867,354.0,4.321,12.01,1697.3,6.8,18998.47,117273.39,-98274.92,28.1,17.9
728,2022,Rabi,Rice,Bihar,Large,2.58,Black,7.23,Traditional,Borewell,254.0,21.5,63.6,117.6,2.62,393.9,1.469,304.0,5.786,14.93,1918.2,5.21,27147.35,118267.81,-91120.46,20.2,17.1
729,2021,Rabi,Groundnut,Jharkhand,Small,1.27,Sandy,6.29,High-Yield Variety,Drip,165.2,20.4,55.0,167.7,2.54,192.7,1.937,329.0,3.731,4.74,2243.6,5.97,10000.07,64889.68,-54889.61,15.8,14.4
730,2022,Zaid,Maize,Chhattisgarh,Medium,1.47,Alluvial,6.44,Traditional,Rainfed,176.9,36.3,54.3,144.3,3.09,203.0,1.565,419.0,3.177,4.67,1921.0,6.96,8346.47,70855.48,-62509.01,34.3,34.5
731,2022,Kharif,Mustard,Uttar Pradesh,Small,2.45,Sandy,6.58,High-Yield Variety,Canal,906.8,31.1,71.3,146.2,5.17,638.6,0.505,326.0,3.223,7.9,1934.2,8.43,13991.53,133537.65,-119546.12,40.6,43.2
732,2024,Kharif,Sugarcane,Uttar Pradesh,Large,2.19,Clay,5.75,Traditional,Rainfed,795.4,27.3,76.5,150.6,2.94,257.4,10.603,414.0,27.288,59.76,2018.8,5.84,113595.6,109596.95,3998.65,43.1,41.8
733,2024,Rabi,Wheat,Uttar Pradesh,Medium,4.97,Alluvial,6.31,High-Yield Variety,Rainfed,274.7,19.9,48.6,131.6,2.8,176.5,2.281,316.0,4.026,20.01,2004.1,5.28,37984.43,215524.73,-177540.3,14.2,11.3
734,2023,Rabi,Groundnut,Jharkhand,Large,3.02,Clay,6.03,High-Yield Variety,Rainfed,191.2,17.1,54.6,107.0,3.22,183.4,1.787,288.0,3.279,9.9,2018.0,5.0,18978.05,135162.11,-116184.06,21.5,19.1
735,2023,Kharif,Maize,Odisha,Medium,1.59,Loamy,5.68,High-Yield Variety,Rainfed,685.2,26.1,72.6,164.2,3.88,279.9,1.383,338.0,3.872,6.16,2040.9,4.05,12063.11,86690.78,-74627.67,48.5,41.5
736,2021,Rabi,Barley,Odisha,Medium,1.66,Loamy,6.44,High-Yield Variety,Canal,282.2,17.2,57.9,167.3,4.93,298.5,1.189,231.0,3.548,5.89,1859.4,4.94,10411.1,75047.05,-64635.95,23.1,24.1
737,2022,Kharif,Wheat,Assam,Large,2.45,Sandy,6.57,Traditional,Borewell,755.0,29.8,84.5,133.5,5.4,525.7,0.881,181.0,4.63,11.34,1920.8,4.25,20856.13,120459.12,-99602.99,51.7,46.3
738,2023,Rabi,Soybean,Odisha,Small,2.08,Alluvial,6.22,Traditional,Canal,307.5,23.0,56.2,97.7,3.83,301.5,1.35,267.0,4.07,8.47,2040.6,7.0,16073.52,98209.96,-82136.44,49.1,47.7
739,2024,Kharif,Wheat,Odisha,Small,1.59,Clay,6.9,High-Yield Variety,Canal,796.3,26.1,72.9,108.7,3.75,520.4,1.069,249.0,5.563,8.85,,7.4,11804.9,79853.52,-68048.62,36.9,38.2
740,2021,Kharif,Sugarcane,Assam,Large,1.64,Black,7.24,High-Yield Variety,Rainfed,776.7,26.4,76.0,168.2,5.07,309.3,9.061,399.0,28.022,45.96,1842.7,4.09,81220.58,85760.69,-4540.11,29.1,25.0
741,2022,Kharif,Maize,Punjab,Large,0.53,Alluvial,5.04,Traditional,Borewell,766.5,27.5,81.8,173.4,1.8,571.8,1.04,246.0,5.944,3.15,1973.4,10.93,5536.92,40396.49,-34859.57,35.6,33.1
742,2024,Kharif,Wheat,West Bengal,Large,2.16,Clay,6.23,High-Yield Variety,,860.8,25.4,84.3,147.0,4.47,470.2,1.179,215.0,5.545,11.98,1755.9,5.67,19842.88,110377.96,-90535.08,39.2,29.9
743,2021,Kharif,Groundnut,Jharkhand,Small,1.22,Loamy,6.81,High-Yield Variety,Canal,786.4,28.5,68.8,122.3,3.18,483.8,0.715,222.0,3.46,4.22,1834.4,10.11,6958.27,65235.88,-58277.61,34.3,29.4
744,2024,Rabi,Wheat,West Bengal,Small,1.34,Sandy,6.63,High-Yield Variety,Canal,198.3,21.5,53.8,99.2,4.73,317.8,1.634,229.0,5.193,6.96,1971.5,5.86,12917.53,65645.44,-52727.91,25.2,19.7
745,2022,Kharif,Groundnut,Jharkhand,Small,2.31,Sandy,6.05,High-Yield Variety,Sprinkler,704.8,26.9,72.2,145.5,6.57,406.3,0.857,257.0,3.481,8.04,1760.9,7.64,13075.97,115610.01,-102534.04,33.8,32.8
746,2024,Kharif,Wheat,Jharkhand,Small,1.5,Loamy,5.75,Traditional,Sprinkler,778.3,24.2,64.6,142.1,2.6,422.0,1.392,349.0,5.874,8.81,1737.8,6.5,14314.77,78880.3,-64565.53,37.7,29.5
747,2024,Kharif,Mustard,Punjab,Large,2.05,Alluvial,6.66,Traditional,Drip,849.9,27.4,79.7,145.5,4.81,326.2,1.324,407.0,4.318,8.85,1838.4,3.72,15665.35,111823.47,-96158.12,38.6,32.8
748,2023,Rabi,Barley,Chhattisgarh,Small,1.89,Alluvial,7.26,Traditional,Canal,236.8,20.6,55.4,79.2,2.51,326.6,1.471,273.0,4.806,9.08,1772.1,3.15,15583.32,90504.95,-74921.63,26.6,17.5
749,2021,Kharif,Maize,Chhattisgarh,Small,1.96,Sandy,7.16,Traditional,Canal,788.3,31.2,68.0,169.5,5.83,558.4,1.255,237.0,7.005,13.73,2159.5,7.16,27526.86,101996.69,-74469.83,36.8,27.5
750,2021,Zaid,Sugarcane,Odisha,Medium,2.75,Black,6.31,Traditional,Borewell,163.9,36.4,47.7,96.2,4.87,413.3,5.656,406.0,23.38,64.3,1777.5,0.5,113719.65,118357.68,-4638.03,21.5,18.0
751,2024,Rabi,Mustard,Odisha,Small,4.17,Alluvial,6.45,Traditional,Rainfed,203.3,20.2,67.7,96.4,4.51,154.9,1.734,256.0,2.686,11.2,2134.6,7.35,22149.7,180615.73,-158466.03,32.1,25.9
752,2021,Kharif,Barley,West Bengal,Small,0.52,Loamy,7.01,High-Yield Variety,Canal,794.3,30.5,67.4,113.5,3.28,515.6,1.005,318.0,5.18,2.69,2056.7,7.76,5103.06,29923.26,-24820.2,47.8,40.0
753,2022,Rabi,Rice,Punjab,Medium,1.92,Black,7.07,High-Yield Variety,Canal,135.2,22.0,52.6,132.6,2.84,281.2,1.993,316.0,5.606,10.76,2306.8,3.77,23884.78,90153.87,-66269.09,20.9,17.7
754,2023,Rabi,Mustard,Uttar Pradesh,Small,1.67,Loamy,7.13,Traditional,Canal,232.9,22.4,54.0,132.8,4.7,390.0,0.888,316.0,3.464,5.79,2082.1,6.6,11259.12,83153.1,-71893.98,17.8,13.9
755,2022,Zaid,Maize,West Bengal,Medium,2.41,Alluvial,5.89,High-Yield Variety,Canal,90.0,34.6,39.9,85.1,3.61,228.6,1.894,399.0,4.33,10.44,1459.8,7.79,14053.1,100873.09,-86819.99,16.0,13.9
756,2023,Kharif,Sugarcane,Odisha,Large,1.2,Alluvial,6.99,High-Yield Variety,Sprinkler,765.7,32.8,69.7,123.9,3.16,425.4,8.888,381.0,37.807,45.37,2086.4,8.53,86590.08,70794.52,15795.56,41.1,44.0
757,2021,Kharif,Soybean,Jharkhand,Large,1.18,Loamy,6.82,Traditional,Borewell,880.7,27.7,83.5,118.5,3.6,608.9,0.741,181.0,4.51,5.32,1964.4,1.21,10323.47,62980.93,-52657.46,37.6,23.6
758,2023,Rabi,Wheat,Assam,Small,3.95,Clay,6.62,Traditional,Rainfed,185.0,24.2,65.0,93.4,2.99,153.3,2.298,345.0,3.522,13.91,2129.9,2.84,28786.85,172054.51,-143267.66,12.3,8.3
759,2024,Rabi,Mustard,Chhattisgarh,Small,1.13,Clay,6.43,Traditional,Rainfed,142.2,21.1,56.1,89.4,2.21,149.6,1.529,179.0,2.288,2.59,2099.0,8.26,4987.34,50105.51,-45118.17,15.1,13.7
760,2024,Kharif,Wheat,Jharkhand,Medium,0.8,Clay,6.31,High-Yield Variety,Drip,796.1,28.4,77.3,143.1,6.74,317.8,1.896,319.0,6.023,4.82,1715.3,3.71,7960.79,49793.94,-41833.15,46.7,43.1
761,2022,Kharif,Maize,Jharkhand,Medium,2.69,Sandy,6.63,Traditional,Rainfed,863.7,27.3,69.0,160.5,3.46,351.8,1.519,296.0,5.345,14.38,1862.0,5.31,25353.03,142335.67,-116982.64,37.3,28.3
762,2022,Kharif,Soybean,Chhattisgarh,Medium,2.78,Alluvial,7.0,High-Yield Variety,Drip,819.6,27.4,79.5,146.2,1.22,337.7,1.588,382.0,5.363,14.91,1888.0,4.65,26842.05,136574.68,-109732.63,42.8,46.3
763,2021,Zaid,Rice,Uttar Pradesh,Small,2.04,Loamy,7.09,Traditional,Canal,89.1,38.0,49.6,110.3,3.06,265.3,1.604,243.0,4.257,8.68,1658.1,8.94,13105.54,89015.55,-75910.01,30.7,25.0
764,2024,Zaid,Soybean,Odisha,Small,4.05,Clay,6.79,High-Yield Variety,Canal,77.8,31.8,41.8,89.4,3.11,186.0,1.457,299.0,2.71,10.98,1551.5,6.57,15915.69,166934.23,-151018.54,15.7,11.0
765,2022,Kharif,Wheat,West Bengal,Small,2.02,Clay,6.82,High-Yield Variety,Sprinkler,826.2,30.4,79.6,142.9,5.48,391.9,1.513,461.0,5.93,11.98,1777.2,7.45,19704.79,106304.57,-86599.78,42.5,41.3
766,2021,Zaid,Rice,Punjab,Small,2.99,Loamy,6.25,High-Yield Variety,Sprinkler,31.1,36.5,49.2,135.4,2.09,197.9,2.312,404.0,4.576,13.68,1745.6,6.19,22401.09,130068.75,-107667.66,23.4,14.5
767,2022,Rabi,Mustard,Punjab,Small,3.47,Alluvial,6.77,Traditional,Canal,180.2,26.7,61.3,121.9,2.59,321.8,0.866,207.0,2.786,9.67,2093.3,7.74,18676.16,150147.17,-131471.01,25.0,26.0
768,2023,Kharif,Mustard,Uttar Pradesh,Small,4.4,Sandy,6.84,High-Yield Variety,Drip,777.2,27.6,71.2,132.0,4.76,351.1,1.119,270.0,3.929,17.29,1693.5,9.89,26383.71,212469.16,-186085.45,38.3,32.1
769,2022,Kharif,Rice,Chhattisgarh,Large,2.54,Clay,6.99,Traditional,Drip,783.7,29.4,61.9,158.4,3.74,320.9,2.185,144.0,7.012,17.81,1942.0,10.23,31047.4,128892.79,-97845.39,49.5,35.4
770,2021,Zaid,Rice,Odisha,Small,1.82,Sandy,6.47,High-Yield Variety,Drip,62.0,31.6,46.6,76.0,4.52,217.1,2.427,273.0,5.269,9.59,1538.8,9.95,13287.7,88581.37,-75293.67,8.5,8.9
771,2022,Kharif,Sugarcane,Uttar Pradesh,Small,2.52,Loamy,6.74,Traditional,Rainfed,789.1,25.0,63.7,148.6,3.29,285.5,9.951,413.0,28.411,71.6,1712.4,7.55,113354.8,137079.97,-23725.17,30.4,25.4
772,2022,Rabi,Groundnut,Punjab,Small,1.28,Sandy,6.77,High-Yield Variety,Rainfed,174.7,21.2,62.3,134.3,2.47,167.2,1.793,374.0,2.998,3.84,2368.6,6.35,8517.86,60329.05,-51811.19,15.1,9.1
773,2023,Kharif,Wheat,Uttar Pradesh,Small,1.09,Clay,5.98,Traditional,Sprinkler,766.6,29.6,70.9,114.0,2.55,394.7,1.418,164.0,5.596,6.1,1492.5,7.62,8410.99,62189.77,-53778.78,33.0,28.8
774,2021,Rabi,Mustard,Jharkhand,Small,1.4,Alluvial,6.34,High-Yield Variety,Sprinkler,235.5,25.0,50.7,96.5,1.89,277.9,0.866,354.0,2.408,3.37,2165.1,7.01,6785.13,64470.51,-57685.38,19.5,17.0
775,2021,Rabi,Sugarcane,Bihar,Medium,0.98,Sandy,6.55,High-Yield Variety,Borewell,160.7,20.0,50.1,123.9,3.55,313.9,9.665,282.0,30.339,29.73,1984.9,6.74,55034.07,52186.78,2847.29,17.5,14.0
776,2022,Rabi,Wheat,Uttar Pradesh,Small,3.3,Loamy,6.97,High-Yield Variety,Canal,216.0,19.6,53.5,145.2,3.64,272.0,1.921,172.0,5.224,17.24,2021.7,7.87,32110.79,150982.55,-118871.76,18.0,15.6
777,2021,Kharif,Maize,Uttar Pradesh,Medium,2.1,Sandy,6.56,High-Yield Variety,Rainfed,818.1,29.7,75.8,71.7,3.92,256.7,2.022,317.0,5.191,10.9,1958.7,5.5,20176.05,112765.25,-92589.2,39.9,41.5
778,2021,Rabi,Barley,Assam,Medium,1.28,Sandy,6.04,High-Yield Variety,Drip,224.7,23.1,66.0,144.5,1.28,232.5,2.332,386.0,5.421,6.94,2114.2,5.89,13808.33,69555.91,-55747.58,15.9,9.9
779,2023,Kharif,Mustard,West Bengal,Small,3.38,Clay,7.29,Traditional,Borewell,876.8,29.0,71.9,170.5,3.86,690.7,0.582,313.0,4.02,13.59,1770.0,10.17,21608.97,171424.62,-149815.65,45.7,34.4
780,2021,Rabi,Groundnut,Odisha,Small,3.74,Loamy,6.08,High-Yield Variety,Borewell,,21.4,53.3,193.1,1.86,364.0,0.9,364.0,3.277,12.26,2244.9,8.4,25210.85,168703.76,-143492.91,21.5,16.6
781,2024,Rabi,Soybean,Jharkhand,Small,2.66,Alluvial,7.12,Traditional,Canal,243.1,20.4,53.7,138.3,5.22,379.3,1.035,263.0,3.926,10.44,2007.9,5.8,19747.73,112996.65,-93248.92,24.7,24.1
782,2022,Zaid,Sugarcane,Punjab,Small,2.26,Alluvial,6.39,High-Yield Variety,Rainfed,128.3,33.4,36.8,81.3,2.55,129.1,15.218,173.0,19.647,44.4,1698.1,7.05,70077.7,89674.45,-19596.75,27.5,29.0
783,2023,Rabi,Sugarcane,Bihar,Medium,1.14,Sandy,6.8,Traditional,Borewell,232.2,23.3,69.4,166.6,3.52,343.7,8.766,350.0,30.127,34.35,2117.4,6.94,67687.28,50654.43,17032.85,43.3,32.3
784,2023,Kharif,Groundnut,Punjab,Small,1.46,Loamy,6.09,Traditional,Canal,704.0,26.6,70.4,131.7,5.86,495.4,0.694,294.0,3.437,5.02,1752.5,13.02,7652.66,76081.36,-68428.7,45.0,33.0
785,2023,Rabi,Barley,Punjab,Large,1.47,Clay,6.71,Traditional,Rainfed,229.1,25.7,66.4,,1.76,207.5,1.655,407.0,3.434,5.05,2143.6,9.14,9835.6,70190.84,-60355.24,11.6,9.0
786,2023,Rabi,Mustard,Assam,Small,2.94,Black,6.59,High-Yield Variety,Canal,187.0,23.6,61.4,65.8,2.49,299.8,1.117,264.0,3.347,9.84,1889.7,7.7,17163.36,130034.84,-112871.48,18.6,13.4
787,2023,Kharif,Groundnut,Jharkhand,Small,2.57,Clay,7.04,Traditional,Canal,726.4,28.7,76.8,181.9,4.05,469.1,1.0,308.0,4.689,12.05,1896.7,7.13,21225.94,130317.04,-109091.1,43.5,29.7
788,2023,Kharif,Barley,Chhattisgarh,Large,3.59,Clay,6.57,High-Yield Variety,Rainfed,755.1,29.1,76.6,,2.86,290.1,1.429,326.0,4.145,14.88,1952.9,0.5,28914.19,175172.61,-146258.42,28.9,25.4
789,2022,Rabi,Mustard,Punjab,Large,5.43,Alluvial,6.79,High-Yield Variety,Rainfed,216.1,20.2,66.9,168.9,4.91,177.4,1.371,219.0,2.432,13.21,1875.4,8.26,22726.53,234890.56,-212164.03,3.4,3.7
790,2022,Zaid,Sugarcane,Chhattisgarh,Small,1.88,Sandy,6.31,High-Yield Variety,Rainfed,40.7,35.3,49.5,130.7,0.92,146.2,12.995,341.0,19.002,35.72,1653.8,5.49,55827.75,75397.57,-19569.82,24.9,16.3
791,2022,Rabi,Rice,Chhattisgarh,Small,2.29,Black,5.92,High-Yield Variety,Sprinkler,279.8,20.2,63.0,113.3,2.42,280.5,1.759,396.0,4.933,11.3,1923.2,7.47,20108.54,109780.87,-89672.33,6.6,5.5
792,2021,Rabi,Maize,Uttar Pradesh,Medium,1.96,Black,6.52,High-Yield Variety,Rainfed,246.6,20.1,58.5,174.1,5.81,165.1,2.665,285.0,4.402,8.63,2373.5,5.66,19324.25,90741.8,-71417.55,16.7,14.5
793,2022,Kharif,Mustard,Jharkhand,Medium,2.28,Sandy,6.31,Traditional,Drip,712.5,28.8,76.5,105.4,3.56,306.6,1.164,319.0,3.57,8.14,2022.0,3.09,15950.33,117767.78,-101817.45,41.2,40.5
794,2024,Rabi,Mustard,Punjab,Medium,3.88,Clay,6.41,Traditional,Borewell,174.9,16.1,53.7,119.1,4.73,324.3,0.749,289.0,2.428,9.42,2278.5,3.93,20620.32,171485.05,-150864.73,32.3,27.1
795,2023,Kharif,Rice,Uttar Pradesh,Medium,3.71,Black,7.6,High-Yield Variety,Canal,722.5,26.4,78.5,152.1,5.63,517.9,1.269,415.0,6.572,24.38,2081.1,7.72,46819.73,185897.49,-139077.76,40.0,28.1
796,2022,Kharif,Wheat,Odisha,Medium,2.08,Alluvial,6.7,High-Yield Variety,Canal,771.3,27.5,72.9,136.8,6.15,565.5,0.934,281.0,5.279,10.98,1768.9,5.85,18285.47,108492.56,-90207.09,48.5,45.9
797,2022,Zaid,Rice,Jharkhand,Large,1.94,Clay,7.29,Traditional,Canal,59.6,32.5,34.2,66.7,5.95,311.4,1.44,269.0,4.484,8.7,1754.0,5.93,14355.39,83420.27,-69064.88,34.3,34.1
798,2023,Kharif,Groundnut,Chhattisgarh,Small,1.27,Loamy,7.36,High-Yield Variety,Canal,795.7,31.1,83.1,132.5,4.21,535.2,0.726,344.0,3.886,4.93,1763.5,8.08,7991.75,64381.71,-56389.96,40.0,28.5
799,2021,Kharif,Rice,West Bengal,Small,2.83,Alluvial,6.1,High-Yield Variety,Canal,786.0,28.5,71.5,132.4,2.89,467.6,1.234,300.0,5.771,16.33,2081.3,4.25,32542.72,142616.38,-110073.66,37.9,35.3
800,2024,Zaid,Maize,Odisha,Small,3.69,Sandy,5.94,High-Yield Variety,Drip,64.6,33.9,39.6,150.0,3.64,157.4,3.183,256.0,5.011,18.49,1377.1,10.35,22828.14,146325.4,-123497.26,26.3,23.3
801,2022,Kharif,Soybean,Odisha,Small,3.71,Loamy,6.26,High-Yield Variety,Borewell,751.3,27.8,79.3,138.4,2.26,605.9,0.633,338.0,3.836,14.23,2060.0,6.99,27266.26,180576.48,-153310.22,45.1,42.5
802,2021,Rabi,Groundnut,Uttar Pradesh,Medium,2.46,Clay,5.85,Traditional,Rainfed,152.0,23.8,46.5,150.7,3.28,163.7,1.395,301.0,2.283,5.62,2086.0,3.58,11303.61,113854.68,-102551.07,29.6,24.7
803,2023,Rabi,Mustard,Jharkhand,Large,0.55,Black,6.69,High-Yield Variety,Canal,195.8,22.9,57.6,138.3,3.84,390.8,0.753,309.0,2.944,1.62,2180.6,3.18,3420.33,30697.7,-27277.37,22.5,20.3
804,2023,Kharif,Sugarcane,Odisha,Small,2.63,Sandy,6.27,High-Yield Variety,Canal,694.8,27.9,76.2,162.7,5.52,424.7,8.21,440.0,34.872,91.71,2095.8,4.24,184056.86,135869.64,48187.22,30.8,33.7
805,2022,Kharif,Mustard,Bihar,Large,3.01,Alluvial,6.22,High-Yield Variety,Rainfed,865.6,29.8,82.6,146.1,2.67,273.1,1.069,342.0,2.92,8.79,1789.7,5.47,14870.49,146349.97,-131479.48,27.6,19.1
806,2021,Rabi,Groundnut,Assam,Small,1.85,Alluvial,6.37,High-Yield Variety,Canal,187.9,19.4,64.3,172.0,0.79,354.4,0.944,243.0,3.344,6.19,2051.1,8.45,11623.3,79002.67,-67379.37,8.5,9.3
807,2023,Zaid,Mustard,Bihar,Small,2.58,Loamy,7.11,Traditional,Borewell,150.4,32.1,37.2,120.6,1.41,283.6,0.722,367.0,2.049,5.29,1815.0,4.99,9122.56,111968.48,-102845.92,29.9,31.9
808,2021,Kharif,Wheat,West Bengal,Small,2.84,Sandy,6.7,High-Yield Variety,Rainfed,825.2,28.8,79.2,161.0,3.01,289.9,1.428,240.0,4.138,11.75,1717.4,10.26,18109.45,141032.48,-122923.03,27.7,18.2
809,2022,Rabi,Wheat,Bihar,Small,1.43,Black,6.57,High-Yield Variety,Drip,33.2,24.1,52.6,140.4,2.09,173.2,2.977,365.0,5.158,7.38,1951.9,10.66,12869.58,71171.11,-58301.53,11.7,10.2
810,2021,Zaid,Rice,Uttar Pradesh,Small,0.87,Clay,7.24,High-Yield Variety,Rainfed,169.9,35.5,49.2,93.6,3.96,136.6,2.755,254.0,3.763,3.27,,11.97,4214.69,42609.02,-38394.33,33.6,32.1
811,2023,Rabi,Soybean,West Bengal,Medium,2.81,Black,7.13,High-Yield Variety,Borewell,164.8,21.7,53.9,104.0,1.84,405.7,0.769,414.0,3.118,8.76,2111.7,7.47,17115.56,126617.5,-109501.94,20.4,21.7
812,2022,Rabi,Rice,Punjab,Small,5.14,Loamy,5.95,Traditional,Drip,246.0,21.2,63.9,116.1,3.92,258.6,2.109,263.0,5.455,28.04,1800.9,2.21,49379.71,221373.61,-171993.9,21.3,18.6
813,2022,Rabi,Rice,Assam,Small,1.23,Loamy,7.27,High-Yield Variety,Rainfed,259.5,24.1,60.1,109.2,2.88,190.7,2.143,368.0,4.087,5.03,1910.5,5.69,9063.16,66234.98,-57171.82,8.6,9.1
814,2021,Kharif,Sugarcane,Jharkhand,Small,2.09,Alluvial,7.04,High-Yield Variety,Rainfed,768.0,30.2,79.1,101.6,5.29,289.9,9.782,320.0,28.36,59.27,1843.7,9.41,98992.89,109289.59,-10296.7,48.8,43.5
815,2022,Zaid,Barley,Chhattisgarh,Small,0.91,Sandy,6.41,High-Yield Variety,Sprinkler,102.7,32.4,47.5,128.1,2.85,240.7,1.5,190.0,3.611,3.29,1722.3,4.32,5421.41,40393.11,-34971.7,22.4,16.9
816,2024,Rabi,Maize,West Bengal,Small,2.6,Black,5.88,Traditional,Canal,146.6,24.4,52.7,179.2,2.61,268.3,2.028,284.0,5.441,14.15,2050.0,11.1,25786.76,116098.89,-90312.13,8.1,8.7
817,2021,Rabi,Soybean,Bihar,Small,2.02,Loamy,6.37,High-Yield Variety,Borewell,111.8,24.0,53.7,129.5,4.63,270.4,1.288,476.0,3.482,7.03,1917.2,2.25,13174.93,107950.15,-94775.22,26.2,22.9
818,2022,Rabi,Sugarcane,Chhattisgarh,Medium,1.85,Black,7.27,High-Yield Variety,Drip,191.6,19.2,52.7,161.0,3.65,177.9,20.342,326.0,36.199,66.97,2295.8,3.27,148731.25,85264.36,63466.89,29.8,22.0
819,2021,Kharif,Sugarcane,Chhattisgarh,Large,3.85,Alluvial,6.6,High-Yield Variety,Canal,692.7,30.2,80.7,148.9,4.58,499.1,7.05,411.0,35.19,135.48,1829.9,6.59,231577.23,189327.12,42250.11,38.7,27.0
820,2023,Kharif,Rice,Chhattisgarh,Large,0.91,Alluvial,7.45,Traditional,Sprinkler,630.3,29.4,79.5,169.0,4.28,364.1,1.667,252.0,6.071,5.53,1629.2,7.9,8297.36,49504.53,-41207.17,45.6,44.1
821,2022,Kharif,Groundnut,Punjab,Medium,4.25,Black,6.68,High-Yield Variety,,823.4,27.1,76.7,113.3,3.85,531.9,0.701,413.0,3.729,15.85,2133.3,7.61,31240.08,212141.26,-180901.18,40.1,43.3
822,2021,Kharif,Rice,Chhattisgarh,Small,2.15,Clay,7.62,High-Yield Variety,Sprinkler,750.0,30.8,75.3,142.5,4.74,414.4,1.571,327.0,6.511,14.0,1879.3,6.39,24629.85,114755.26,-90125.41,48.2,45.5
823,2022,Rabi,Maize,Chhattisgarh,Small,2.34,Clay,6.68,High-Yield Variety,,65.7,24.2,63.4,97.9,0.3,241.3,2.554,216.0,6.164,14.42,1976.1,14.46,24373.82,99287.23,-74913.41,25.4,19.4
824,2023,Rabi,Groundnut,Uttar Pradesh,Small,2.09,Sandy,6.8,Traditional,Drip,228.1,17.8,60.4,126.1,1.35,247.9,1.55,325.0,3.844,8.03,,10.78,14614.62,91751.14,-77136.52,19.5,15.2
825,2022,Zaid,Barley,Jharkhand,Large,4.28,Alluvial,5.65,Traditional,Borewell,,34.2,50.6,72.8,3.8,295.5,0.879,273.0,2.596,11.11,1507.3,7.63,15468.86,176634.9,-161166.04,36.4,34.6
826,2023,Zaid,Soybean,Punjab,Large,1.09,Loamy,6.68,Traditional,Rainfed,50.6,32.3,45.3,136.5,2.48,166.3,1.224,354.0,2.035,2.22,1604.3,6.18,3341.5,55621.26,-52279.76,31.0,21.4
827,2023,Rabi,Maize,Chhattisgarh,Small,2.88,Alluvial,7.12,High-Yield Variety,Borewell,191.7,24.8,63.3,188.2,2.37,246.5,2.31,252.0,5.693,16.4,1968.4,5.07,30646.07,132384.55,-101738.48,17.2,17.3
828,2023,Kharif,Soybean,West Bengal,Small,1.63,Black,7.18,Traditional,Canal,714.2,30.0,79.3,125.2,3.02,388.0,1.052,414.0,4.082,6.65,1883.5,2.43,12221.21,88014.48,-75793.27,45.0,36.1
829,2022,Rabi,Rice,Punjab,Medium,1.31,Loamy,5.95,Traditional,Sprinkler,198.2,19.5,62.8,116.2,4.02,218.8,2.623,344.0,,7.52,,8.53,13995.2,67036.39,-53041.19,24.7,18.8
830,2021,Zaid,Wheat,Chhattisgarh,Small,3.11,Black,5.66,High-Yield Variety,Borewell,171.5,32.8,49.3,142.4,2.25,358.6,0.905,266.0,3.245,10.09,1575.1,7.48,14703.69,134460.83,-119757.14,39.0,27.2
831,2024,Kharif,Groundnut,Jharkhand,Small,1.61,Alluvial,6.82,High-Yield Variety,Borewell,793.6,25.0,79.0,171.8,3.3,575.3,0.664,426.0,3.82,6.15,1543.6,7.23,8807.27,88192.46,-79385.19,43.0,32.7
832,2022,Rabi,Barley,Jharkhand,Small,1.72,Black,6.7,Traditional,Canal,143.0,21.4,49.7,101.0,1.86,324.1,1.25,266.0,4.05,6.97,2113.1,8.72,13444.18,78383.26,-64939.08,28.9,24.9
833,2024,Rabi,Groundnut,West Bengal,Small,1.87,Sandy,7.09,Traditional,Drip,180.4,21.1,70.7,112.1,2.8,215.8,1.921,218.0,4.145,7.75,2324.4,9.1,16374.41,82806.66,-66432.25,37.2,26.2
834,2022,Kharif,Mustard,Assam,Large,3.1,Sandy,5.91,High-Yield Variety,Canal,887.2,27.3,83.6,130.4,3.53,572.9,0.525,350.0,3.007,9.32,1885.3,6.6,16412.19,158388.07,-141975.88,47.7,51.5
835,2024,Kharif,Rice,Uttar Pradesh,Medium,2.26,Black,6.57,Traditional,Borewell,718.4,28.6,76.0,64.0,4.47,449.4,1.271,289.0,5.71,12.91,1809.5,8.86,21291.49,112315.51,-91024.02,45.9,45.9
836,2023,Kharif,Rice,Uttar Pradesh,Medium,1.61,Loamy,6.89,Traditional,Canal,824.7,29.7,83.8,112.9,3.6,568.4,1.145,351.0,6.508,10.48,2157.9,3.9,21732.55,87048.44,-65315.89,38.3,25.6
837,2022,Kharif,Sugarcane,West Bengal,Medium,1.98,Alluvial,7.1,Traditional,Rainfed,907.7,24.8,77.2,99.2,1.24,315.7,8.962,335.0,28.298,56.03,1636.2,7.87,84458.31,99756.66,-15298.35,50.8,55.6
838,2021,Zaid,Mustard,Chhattisgarh,Medium,2.95,Alluvial,6.13,High-Yield Variety,Canal,40.8,32.8,45.0,67.4,2.02,280.7,1.043,261.0,2.928,8.64,1495.4,6.49,12081.43,121904.7,-109823.27,20.5,17.5
839,2021,Kharif,Barley,Odisha,Large,1.16,Loamy,5.83,High-Yield Variety,Canal,749.0,27.0,82.7,125.6,2.89,496.4,0.948,263.0,4.707,5.46,2014.9,4.64,10490.43,62636.0,-52145.57,37.3,40.3
840,2021,Zaid,Maize,West Bengal,Large,2.35,Loamy,6.4,Traditional,Borewell,164.0,31.4,43.5,134.8,6.23,281.1,1.538,324.0,4.323,10.16,1840.3,5.43,17683.13,106594.26,-88911.13,29.9,32.3
841,2021,Zaid,Sugarcane,Assam,Small,1.77,Loamy,7.52,High-Yield Variety,Canal,33.0,33.6,50.9,180.0,4.09,246.9,10.052,204.0,24.823,43.94,1819.1,4.93,75993.04,79262.47,-3269.43,12.0,12.1
842,2022,Rabi,Groundnut,Jharkhand,Small,1.95,Alluvial,6.63,High-Yield Variety,Canal,303.4,23.9,62.6,133.2,3.18,298.5,1.512,201.0,4.512,8.8,2089.4,8.09,16898.98,81258.08,-64359.1,44.6,30.0
843,2021,Rabi,Barley,Uttar Pradesh,Small,3.28,Sandy,6.95,High-Yield Variety,Borewell,201.5,19.6,58.4,160.4,3.56,350.4,1.345,300.0,4.714,15.46,2186.0,4.34,32330.08,142136.66,-109806.58,24.1,18.1
844,2021,Rabi,Wheat,Chhattisgarh,Medium,4.43,Black,5.8,High-Yield Variety,Rainfed,145.2,20.9,60.5,112.9,2.7,161.3,2.229,399.0,3.596,15.93,2130.6,6.71,31661.96,193082.36,-161420.4,13.1,9.6
845,2023,Zaid,Maize,Chhattisgarh,Small,1.59,Loamy,6.69,High-Yield Variety,Canal,198.7,33.3,38.1,151.6,3.56,281.2,1.852,304.0,5.206,8.28,1386.5,5.07,10897.56,74929.11,-64031.55,23.1,15.3
846,2021,Rabi,Sugarcane,Odisha,Small,1.42,Clay,6.44,High-Yield Variety,Canal,225.6,21.4,59.9,80.3,0.85,309.9,10.105,247.0,31.32,44.48,2224.3,8.86,90176.24,68316.07,21860.17,17.1,11.6
847,2024,Kharif,Rice,Uttar Pradesh,Medium,1.87,Loamy,7.15,High-Yield Variety,Borewell,825.6,29.7,82.6,124.2,4.45,638.3,0.849,299.0,5.418,10.13,1920.0,5.26,18425.9,98156.79,-79730.89,23.2,22.4
848,2022,Rabi,Maize,Chhattisgarh,Medium,2.59,Black,6.71,Traditional,Canal,206.6,18.2,65.6,107.8,4.56,329.5,1.719,263.0,5.664,14.67,2148.5,6.54,29458.63,116868.51,-87409.88,29.2,26.3
849,2024,Kharif,Rice,Bihar,Small,5.38,Black,5.97,High-Yield Variety,Drip,859.9,29.9,77.1,151.5,1.41,378.0,1.653,192.0,6.247,33.61,1928.6,5.26,61406.09,261050.92,-199644.83,39.4,36.8
850,2022,Kharif,Soybean,Chhattisgarh,Small,4.08,Sandy,6.66,High-Yield Variety,Canal,888.3,29.4,91.2,217.1,4.83,557.2,0.717,393.0,3.997,16.31,1767.5,10.89,25689.48,203135.45,-177445.97,40.1,38.8
851,2023,Rabi,Rice,West Bengal,Medium,1.01,Sandy,7.22,Traditional,Rainfed,103.9,21.0,52.7,120.5,4.95,120.4,3.85,240.0,4.633,4.68,1934.8,8.69,8267.87,57176.89,-48909.02,27.1,21.3
852,2022,Kharif,Wheat,Assam,Medium,1.69,Clay,5.97,Traditional,Canal,760.7,32.8,74.5,131.1,3.93,519.5,0.942,181.0,4.893,8.27,1768.9,5.57,13813.49,86267.01,-72453.52,56.5,55.6
853,2022,Rabi,Wheat,Odisha,Small,4.35,Alluvial,6.59,High-Yield Variety,Borewell,167.9,21.5,61.2,98.0,3.51,346.1,1.21,264.0,4.189,18.22,2091.2,9.56,34459.23,189809.38,-155350.15,28.6,20.9
854,2021,Kharif,Maize,Bihar,Small,2.62,Sandy,7.0,High-Yield Variety,Sprinkler,778.5,27.9,70.6,158.3,5.63,388.9,1.831,381.0,7.122,18.66,1934.4,8.58,32997.31,127159.09,-94161.78,46.3,43.1
855,2023,Rabi,Maize,Uttar Pradesh,Medium,5.91,Sandy,7.45,High-Yield Variety,Drip,109.0,22.1,59.9,105.2,3.01,229.1,3.095,391.0,7.093,41.92,1983.0,0.5,82712.11,256292.18,-173580.07,16.0,10.0
856,2021,Kharif,Rice,Uttar Pradesh,Small,2.06,Black,7.6,Traditional,Borewell,806.5,25.4,70.6,130.0,3.91,614.4,0.99,356.0,6.082,12.53,2013.2,10.88,22481.71,108446.85,-85965.14,37.7,40.9
857,2022,Rabi,Groundnut,West Bengal,Small,2.2,Alluvial,,High-Yield Variety,Drip,185.5,18.8,68.7,119.7,2.03,208.7,1.966,212.0,4.104,9.03,1810.9,8.6,14945.87,98078.91,-83133.04,27.9,21.4
858,2022,Rabi,Mustard,Bihar,Small,3.5,Loamy,5.99,Traditional,Canal,219.7,24.9,66.9,105.9,3.58,398.8,0.792,357.0,3.16,11.06,1923.0,8.16,19531.54,158517.46,-138985.92,19.3,13.2
859,2022,Zaid,Mustard,Odisha,Large,3.11,Sandy,7.22,High-Yield Variety,Sprinkler,99.5,33.1,45.6,118.8,3.6,298.2,0.798,313.0,2.381,7.4,1880.9,6.05,13077.36,133713.64,-120636.28,29.3,18.4
860,2022,Kharif,Soybean,Punjab,Large,3.17,Alluvial,6.76,High-Yield Variety,Rainfed,692.8,27.0,73.1,,5.35,257.8,1.277,265.0,3.293,10.44,1926.5,6.25,18856.24,160457.51,-141601.27,46.2,30.3
861,2024,Kharif,Barley,Uttar Pradesh,Large,0.79,Alluvial,7.59,Traditional,Rainfed,738.1,26.4,87.4,149.7,4.76,254.3,1.724,401.0,4.384,3.46,1634.3,7.35,5238.89,50097.74,-44858.85,36.9,25.1
862,2021,Rabi,Mustard,Odisha,Medium,2.26,Clay,6.34,High-Yield Variety,Borewell,189.0,18.9,59.8,124.9,2.11,392.9,0.75,386.0,2.945,6.66,2318.7,9.97,13902.72,105552.75,-91650.03,16.6,11.1
863,2021,Zaid,Sugarcane,Bihar,Small,1.84,Clay,,High-Yield Variety,Rainfed,90.0,31.0,48.3,84.5,3.22,165.4,11.93,350.0,19.735,36.31,1804.5,14.88,55773.46,82318.99,-26545.53,34.4,32.9
864,2022,Zaid,Rice,Jharkhand,Medium,1.48,Sandy,6.21,High-Yield Variety,Drip,5.0,33.2,48.3,181.9,3.74,146.8,3.532,289.0,5.183,7.67,1421.8,5.25,10332.03,74711.83,-64379.8,22.1,14.6
865,2021,Rabi,Mustard,West Bengal,Medium,1.45,Loamy,7.01,High-Yield Variety,Canal,178.2,20.7,62.4,95.2,4.06,264.2,1.133,348.0,2.993,4.34,2256.4,4.56,9346.47,66125.76,-56779.29,21.2,19.8
866,2023,Kharif,Maize,Uttar Pradesh,Small,5.42,Clay,7.07,High-Yield Variety,Drip,755.3,32.6,74.5,148.6,3.66,329.8,2.249,253.0,7.418,40.21,1625.2,6.75,60936.89,253562.85,-192625.96,40.3,44.0
867,2021,Kharif,Maize,Odisha,Small,2.95,Sandy,6.25,High-Yield Variety,Canal,761.5,31.4,75.6,114.3,3.49,430.7,1.43,317.0,6.158,18.17,1887.7,11.19,30461.72,148613.43,-118151.71,33.8,22.9
868,2021,Kharif,Sugarcane,Odisha,Large,1.53,Alluvial,6.87,High-Yield Variety,Canal,601.6,28.6,73.2,151.8,5.28,477.8,7.629,367.0,36.454,55.77,1731.8,8.51,88361.38,85790.99,2570.39,39.8,39.9
869,2021,Zaid,Mustard,Odisha,Small,3.41,Clay,5.95,High-Yield Variety,Canal,114.8,40.1,51.0,102.3,2.13,307.0,0.639,337.0,1.962,6.69,1662.7,7.26,10315.66,146172.45,-135856.79,23.1,22.6
870,2024,Kharif,Wheat,Uttar Pradesh,Medium,2.3,Loamy,5.95,High-Yield Variety,Canal,670.2,26.1,88.9,160.5,4.26,506.9,0.894,393.0,4.533,10.43,1621.9,6.36,15839.64,117664.27,-101824.63,37.5,24.2
871,2024,Zaid,Soybean,Bihar,Medium,2.63,Loamy,5.75,High-Yield Variety,Drip,128.9,34.8,44.6,128.2,1.83,181.9,1.858,171.0,3.379,8.89,1822.3,7.18,15036.93,112466.12,-97429.19,41.5,27.5
872,2021,Kharif,Rice,Odisha,Medium,2.62,Alluvial,7.01,High-Yield Variety,Drip,753.2,29.3,71.2,160.5,3.09,367.6,2.054,286.0,7.55,19.78,1850.4,8.74,33403.33,132445.56,-99042.23,37.4,26.5
873,2022,Zaid,Wheat,West Bengal,Medium,1.77,Loamy,6.2,High-Yield Variety,Sprinkler,,34.8,50.5,,3.38,270.1,1.542,278.0,4.164,7.37,1760.2,8.5,11869.47,77031.4,-65161.93,30.6,32.6
874,2023,Kharif,Maize,Chhattisgarh,Medium,0.72,Black,5.35,High-Yield Variety,Sprinkler,768.1,27.0,72.8,147.6,3.59,434.4,1.464,233.0,6.361,4.58,1891.3,2.52,8443.71,40911.4,-32467.69,31.5,31.3
875,2021,Zaid,Soybean,Uttar Pradesh,Small,3.87,Clay,7.08,High-Yield Variety,Borewell,81.8,29.5,53.2,121.4,3.58,355.9,0.789,319.0,2.81,10.87,1739.9,6.04,17769.96,170815.37,-153045.41,23.3,21.8
876,2024,Rabi,Rice,Uttar Pradesh,Small,0.75,Loamy,7.46,Traditional,Borewell,,19.9,48.6,150.9,3.01,308.4,1.722,343.0,5.31,3.98,2243.2,6.71,8329.05,42640.63,-34311.58,40.4,28.4
877,2021,Zaid,Sugarcane,Chhattisgarh,Large,5.87,Loamy,6.85,High-Yield Variety,,72.5,34.6,42.6,130.7,4.76,154.8,12.511,229.0,19.37,113.7,1475.0,7.98,154322.29,234076.25,-79753.96,34.2,36.3
878,2024,Rabi,Sugarcane,Assam,Large,1.33,Black,6.73,High-Yield Variety,Sprinkler,167.8,22.9,60.8,84.2,2.92,246.5,13.762,408.0,33.918,45.11,1890.2,10.37,76421.32,67114.98,9306.34,30.1,23.3
879,2023,Kharif,Groundnut,Chhattisgarh,Small,3.53,Loamy,6.27,High-Yield Variety,Sprinkler,670.4,31.6,63.9,117.5,2.15,413.8,1.094,338.0,4.527,15.98,1518.7,8.72,22152.33,169123.88,-146971.55,46.3,46.4
880,2021,Kharif,Groundnut,Uttar Pradesh,Medium,2.7,Black,7.95,High-Yield Variety,Borewell,787.5,30.3,85.3,124.0,2.0,597.7,0.781,286.0,4.67,12.61,1708.7,5.79,20299.32,128348.06,-108048.74,34.6,33.0
881,2024,Rabi,Sugarcane,Punjab,Small,1.94,Alluvial,6.32,High-Yield Variety,Canal,214.8,18.8,63.2,113.3,4.13,315.1,10.128,302.0,31.916,61.92,1992.9,6.02,115968.87,92057.66,23911.21,12.1,10.2
882,2022,Kharif,Sugarcane,West Bengal,Large,2.18,Alluvial,6.48,Traditional,Canal,887.7,27.2,67.4,162.7,4.85,623.1,5.637,434.0,35.127,76.58,1798.5,8.88,125493.13,112866.69,12626.44,35.6,33.1
883,2024,Zaid,Groundnut,Chhattisgarh,Medium,1.04,Alluvial,6.01,Traditional,Borewell,245.1,34.6,38.5,158.1,2.42,399.1,0.799,351.0,3.189,3.32,1890.7,4.53,5992.6,53965.26,-47972.66,18.8,19.0
884,2024,Rabi,Mustard,Odisha,Large,3.0,Alluvial,7.49,Traditional,Rainfed,247.2,23.6,53.6,163.0,3.88,182.4,1.41,291.0,2.571,7.71,2215.7,12.32,14979.03,128067.23,-113088.2,24.8,17.8
885,2022,Rabi,Maize,Punjab,Small,1.33,Clay,5.88,Traditional,Rainfed,284.0,17.3,57.1,128.6,2.58,138.2,2.815,369.0,3.889,5.17,,4.3,9038.75,69682.57,-60643.82,27.2,25.0
886,2024,Zaid,Rice,Odisha,Small,3.33,Clay,7.03,Traditional,Rainfed,15.7,32.3,49.5,71.4,2.28,153.6,2.118,226.0,3.253,10.83,1851.3,4.27,19194.26,142277.47,-123083.21,36.4,27.4
887,2021,Rabi,Maize,Odisha,Small,4.26,Loamy,6.24,Traditional,Borewell,236.2,22.9,50.2,148.1,3.11,367.7,1.561,396.0,5.739,24.45,1814.9,8.06,40795.09,184066.24,-143271.15,32.8,26.7
888,2023,Kharif,Groundnut,West Bengal,Small,1.3,Alluvial,6.83,Traditional,Rainfed,,30.9,79.3,171.0,3.19,260.4,1.005,203.0,2.619,3.4,1430.1,3.14,4709.93,68410.94,-63701.01,55.4,41.1
889,2023,Rabi,Barley,Bihar,Small,2.72,Loamy,5.9,Traditional,Rainfed,321.8,21.3,60.2,105.6,2.47,223.7,1.486,265.0,3.324,9.04,2046.8,6.15,17365.26,115310.02,-97944.76,11.2,7.0
890,2021,Kharif,Barley,Bihar,Medium,2.69,Clay,6.2,High-Yield Variety,Drip,772.4,31.3,79.2,151.0,3.78,310.4,1.79,227.0,5.555,14.94,1634.3,6.65,22793.47,130130.73,-107337.26,30.2,29.9
891,2021,Rabi,Wheat,Bihar,Medium,1.04,Alluvial,7.58,High-Yield Variety,Canal,271.0,17.4,55.6,108.9,1.91,375.7,1.434,286.0,5.387,5.6,2009.0,5.64,10616.4,52755.87,-42139.47,12.5,8.5
892,2021,Kharif,Wheat,Odisha,Medium,1.92,Black,7.05,High-Yield Variety,Borewell,709.9,32.4,77.0,119.4,5.72,648.7,0.82,413.0,5.32,10.21,2043.8,5.62,19694.47,101360.84,-81666.37,35.5,23.9
893,2021,Rabi,Mustard,Odisha,Small,1.56,Clay,6.47,Traditional,Sprinkler,172.0,19.3,63.2,145.9,1.29,262.8,1.184,368.0,3.113,4.86,2143.6,6.75,9714.13,73203.95,-63489.82,25.7,25.0
894,2022,Rabi,Sugarcane,Punjab,Small,3.99,Loamy,6.1,Traditional,Borewell,168.0,21.4,68.0,125.8,4.06,356.8,8.416,278.0,30.027,119.81,1898.3,5.83,214177.18,175654.75,38522.43,26.9,18.0
895,2024,Rabi,Sugarcane,Chhattisgarh,Large,4.23,Alluvial,6.42,High-Yield Variety,Drip,221.4,22.7,52.8,110.1,1.95,251.2,14.081,127.0,35.372,149.62,1731.1,8.84,236110.7,176705.14,59405.56,29.4,18.0
896,2021,Rabi,Sugarcane,Punjab,Small,0.9,Sandy,6.34,High-Yield Variety,Drip,82.8,22.2,59.7,170.1,3.23,137.4,25.541,299.0,35.089,31.58,2080.4,10.5,58800.61,47299.36,11501.25,30.5,26.5
897,2024,Kharif,Wheat,Odisha,Small,2.0,Loamy,7.0,Traditional,Canal,844.6,25.2,77.9,111.4,5.53,584.1,0.878,173.0,5.129,10.26,1918.7,4.75,18751.8,109819.0,-91067.2,44.7,33.1
898,2024,Rabi,Groundnut,West Bengal,Large,1.91,Black,5.92,High-Yield Variety,Rainfed,264.2,20.8,64.8,150.1,3.45,180.0,1.695,443.0,3.052,5.83,2247.4,6.75,12218.21,90768.78,-78550.57,24.7,21.6
899,2024,Kharif,Wheat,Uttar Pradesh,Small,2.92,Clay,6.41,Traditional,Drip,718.8,28.8,75.0,164.7,3.94,250.5,2.291,293.0,5.74,16.76,1717.6,6.66,26869.22,144600.39,-117731.17,57.1,36.1
900,2021,Zaid,Barley,Punjab,Medium,4.17,Loamy,6.69,High-Yield Variety,Drip,148.1,32.7,48.9,135.1,3.06,195.7,1.911,334.0,3.74,15.59,1832.3,5.47,27001.63,175530.25,-148528.62,35.0,27.2
901,2021,Kharif,Maize,Punjab,Small,2.75,Clay,6.44,High-Yield Variety,Canal,692.6,26.2,77.8,101.0,3.75,481.5,1.287,332.0,6.198,17.04,1844.3,10.42,28151.28,140792.06,-112640.78,36.8,25.8
902,2023,Rabi,Sugarcane,Bihar,Medium,5.25,Sandy,7.15,Traditional,Canal,247.3,18.4,53.4,135.6,1.23,327.1,9.703,368.0,31.74,166.63,2047.7,5.37,322882.65,223429.85,99452.8,24.6,14.9
903,2021,Kharif,Maize,Chhattisgarh,Large,4.15,Alluvial,6.87,High-Yield Variety,Canal,778.8,28.8,73.5,134.9,3.54,507.8,1.374,396.0,6.977,28.96,1986.7,6.06,54048.02,200760.22,-146712.2,44.8,44.5
904,2022,Rabi,Mustard,West Bengal,Large,0.71,Black,6.72,Traditional,Drip,204.5,23.8,53.3,135.8,3.34,155.2,2.101,312.0,3.261,2.32,2162.5,7.07,4662.52,39820.48,-35157.96,30.3,25.7
905,2023,Kharif,Rice,Uttar Pradesh,Small,1.82,Alluvial,6.28,High-Yield Variety,Rainfed,863.2,26.0,80.1,111.3,2.67,309.2,1.628,313.0,5.035,9.16,1667.6,5.93,14369.49,93403.64,-79034.15,23.7,24.6
906,2021,Kharif,Wheat,Odisha,Medium,1.31,Alluvial,7.19,Traditional,Rainfed,839.5,25.5,87.7,102.9,3.32,296.2,1.62,245.0,4.799,6.29,1757.1,7.97,10170.69,64007.48,-53836.79,35.4,27.9
907,2023,Rabi,Soybean,Bihar,Small,1.41,Alluvial,6.79,High-Yield Variety,Canal,142.7,20.5,51.9,106.5,3.84,294.9,1.241,387.0,3.659,5.16,2019.4,5.14,9884.55,71771.12,-61886.57,13.0,12.2
908,2022,Rabi,Soybean,Bihar,Medium,2.07,Alluvial,6.36,High-Yield Variety,Rainfed,284.7,19.9,66.5,103.0,3.93,163.2,1.956,346.0,3.193,6.61,2111.3,5.52,13185.0,97985.26,-84800.26,13.1,10.6
909,2023,Rabi,Groundnut,West Bengal,Medium,3.13,Alluvial,5.6,High-Yield Variety,Borewell,207.8,19.5,60.9,122.2,2.77,373.6,0.851,393.0,3.177,9.95,1949.1,5.07,18409.84,139903.39,-121493.55,24.3,15.7
910,2023,Kharif,Maize,Punjab,Medium,1.86,Clay,6.75,High-Yield Variety,Canal,,26.4,94.0,208.4,4.27,507.1,1.266,234.0,6.417,11.94,1866.7,6.51,20838.66,91740.6,-70901.94,44.5,33.3
911,2022,Zaid,Soybean,Bihar,Medium,0.69,Sandy,6.52,High-Yield Variety,Drip,161.6,33.0,42.0,136.8,1.84,258.8,1.328,303.0,3.436,2.37,1534.7,9.36,3296.69,32185.38,-28888.69,29.5,26.2
912,2021,Zaid,Maize,Jharkhand,Medium,3.07,Sandy,5.48,Traditional,Drip,110.8,35.3,42.8,105.6,1.13,189.0,2.417,285.0,4.568,14.02,1484.8,3.29,20133.19,127125.06,-106991.87,28.8,23.0
913,2021,Rabi,Wheat,Bihar,Medium,2.9,Loamy,6.4,High-Yield Variety,Canal,328.8,20.7,61.4,190.8,1.89,399.3,1.128,319.0,4.504,13.06,1976.4,5.14,24484.25,129085.34,-104601.09,15.0,16.3
914,2023,Rabi,Soybean,Chhattisgarh,Small,3.83,Loamy,5.3,Traditional,Drip,125.4,24.6,61.1,107.0,2.23,169.6,2.332,355.0,3.955,15.15,1766.7,8.12,24593.63,162351.6,-137757.97,19.9,21.2
915,2021,Zaid,Soybean,Uttar Pradesh,Medium,1.49,Clay,6.27,High-Yield Variety,Borewell,149.4,37.2,54.2,109.3,3.67,264.3,0.894,440.0,2.364,3.52,1488.0,4.8,4986.24,73752.04,-68765.8,26.9,20.7
916,2022,Kharif,Soybean,Chhattisgarh,Medium,1.14,Loamy,6.66,High-Yield Variety,Sprinkler,779.4,32.5,72.9,117.0,3.31,427.1,1.047,168.0,4.471,5.1,2110.7,6.64,10049.21,54246.99,-44197.78,44.4,35.0
917,2023,Kharif,Wheat,West Bengal,Small,1.77,Sandy,7.25,Traditional,Drip,737.2,27.7,72.9,105.0,5.36,349.2,2.052,293.0,7.165,12.68,1693.1,10.71,19168.86,91173.34,-72004.48,16.1,17.4
918,2023,Rabi,Barley,Assam,Small,1.19,Black,5.68,Traditional,Canal,171.6,20.4,63.5,160.3,2.99,346.1,1.028,288.0,3.558,4.23,2208.0,10.0,8406.18,59741.74,-51335.56,25.9,18.5
919,2023,Rabi,Barley,West Bengal,Medium,4.47,Black,6.82,Traditional,Borewell,176.1,20.9,58.0,142.6,2.76,307.3,1.47,295.0,4.519,20.2,2172.5,1.22,43350.84,189020.33,-145669.49,23.8,24.8
920,2023,Kharif,Sugarcane,Jharkhand,Small,0.68,Black,6.79,Traditional,Sprinkler,758.8,29.0,69.3,172.9,3.92,373.7,10.015,313.0,37.423,25.45,1989.0,10.3,45409.52,44163.26,1246.26,16.6,16.6
921,2024,Kharif,Rice,Bihar,Small,2.78,Clay,6.9,High-Yield Variety,Drip,802.8,27.8,79.0,138.5,3.74,374.7,1.834,174.0,6.87,19.1,1579.3,4.85,28702.4,131469.17,-102766.77,43.0,30.4
922,2023,Kharif,Rice,Jharkhand,Medium,1.46,Alluvial,6.3,High-Yield Variety,Borewell,826.9,27.0,75.9,163.7,2.6,531.1,1.045,314.0,5.551,8.1,1844.5,4.22,14309.13,76080.16,-61771.03,30.3,30.4
923,2021,Rabi,Wheat,Chhattisgarh,Small,2.55,Black,5.83,High-Yield Variety,Borewell,165.1,21.4,54.1,152.1,1.77,346.3,1.079,261.0,3.735,9.53,1966.1,4.37,17917.88,116113.28,-98195.4,20.6,17.8
924,2023,Rabi,Mustard,Punjab,Medium,2.82,Black,7.0,High-Yield Variety,Rainfed,175.4,22.8,65.3,129.7,2.83,171.7,1.447,346.0,2.484,7.0,1999.2,7.17,12991.22,122394.31,-109403.09,12.4,11.6
925,2022,Rabi,Sugarcane,Uttar Pradesh,Medium,1.75,Clay,6.64,High-Yield Variety,Borewell,362.9,20.0,58.0,89.3,2.38,432.1,7.001,349.0,,52.93,1840.8,11.68,86058.68,86572.1,-513.42,20.8,12.9
926,2023,Kharif,Barley,Assam,Small,0.72,Loamy,6.44,Traditional,Canal,801.8,24.3,73.4,130.5,4.24,603.8,0.824,361.0,4.978,3.58,1489.9,7.78,4919.06,46264.62,-41345.56,59.5,41.2
927,2023,Zaid,Mustard,West Bengal,Medium,1.85,Loamy,6.88,High-Yield Variety,Borewell,80.1,32.1,43.8,116.8,2.36,309.7,0.667,413.0,2.066,3.82,1696.5,7.06,6023.34,85186.61,-79163.27,29.7,26.9
928,2022,Rabi,Soybean,Odisha,Medium,2.08,Black,6.07,Traditional,Canal,212.8,17.6,53.3,138.3,2.07,398.2,1.053,252.0,4.194,8.72,2232.0,6.21,18254.95,94083.96,-75829.01,17.4,16.6
929,2024,Rabi,Maize,Chhattisgarh,Small,3.35,Black,6.92,Traditional,Rainfed,145.1,21.8,64.5,98.4,4.01,137.8,3.266,352.0,4.499,15.07,2083.7,8.36,28775.23,144555.38,-115780.15,27.5,18.3
930,2024,Rabi,Barley,Uttar Pradesh,Small,3.33,Clay,5.92,High-Yield Variety,Sprinkler,263.7,19.0,57.0,88.4,2.36,296.1,1.456,254.0,4.311,14.35,2147.1,4.32,29480.95,139500.51,-110019.56,13.6,8.5
931,2023,Kharif,Wheat,Odisha,Medium,3.02,Loamy,6.44,High-Yield Variety,Drip,821.2,29.9,72.3,132.8,5.31,326.2,1.863,309.0,6.078,18.36,2190.4,6.32,37673.38,151670.79,-113997.41,49.5,32.8
932,2024,Rabi,Barley,Bihar,Small,1.7,Alluvial,6.33,High-Yield Variety,Borewell,171.9,23.0,55.5,116.8,2.19,330.7,1.201,285.0,3.973,6.75,2162.0,9.13,13260.77,72496.96,-59236.19,25.9,18.3
933,2023,Kharif,Mustard,Chhattisgarh,Small,1.36,Black,6.49,High-Yield Variety,Borewell,800.0,30.8,77.6,152.9,2.1,493.4,0.503,321.0,2.481,3.37,1572.5,10.31,4752.77,73974.61,-69221.84,33.5,35.1
934,2021,Zaid,Wheat,Bihar,Medium,1.62,Black,,High-Yield Variety,Borewell,30.3,31.7,41.2,137.0,2.43,276.2,1.353,379.0,3.735,6.05,1612.7,0.5,9708.1,74895.33,-65187.23,18.5,13.0
935,2022,Kharif,Groundnut,West Bengal,Large,2.44,Black,6.65,High-Yield Variety,,824.5,32.1,88.2,159.2,3.54,360.7,1.126,288.0,,9.91,1618.5,7.49,14838.01,120478.77,-105640.76,36.9,40.5
936,2021,Rabi,Rice,Uttar Pradesh,Small,3.2,Clay,6.18,High-Yield Variety,Drip,263.2,19.9,52.7,134.7,1.98,208.5,3.101,204.0,6.465,20.69,2207.4,7.39,42294.63,143473.65,-101179.02,12.7,9.2
937,2024,Zaid,Wheat,Chhattisgarh,Small,4.45,Loamy,5.87,High-Yield Variety,Canal,33.3,34.5,35.7,96.4,2.86,261.8,1.642,162.0,4.299,19.13,1853.1,12.75,30930.11,185765.34,-154835.23,18.7,11.9
938,2021,Rabi,Barley,Bihar,Medium,2.45,Clay,6.01,High-Yield Variety,Canal,163.0,18.5,58.8,77.6,3.54,293.7,1.572,242.0,4.617,11.31,1826.4,3.44,19945.96,116960.97,-97015.01,25.1,18.6
939,2024,Kharif,Rice,Assam,Medium,3.68,Clay,6.44,High-Yield Variety,Canal,837.0,31.5,64.7,156.1,2.28,570.2,1.085,359.0,6.189,22.78,1657.9,11.08,33582.53,174467.18,-140884.65,37.3,33.4
940,2024,Kharif,Rice,Jharkhand,Medium,4.78,Sandy,7.03,High-Yield Variety,Rainfed,736.5,24.8,77.4,129.9,3.08,286.6,1.674,290.0,4.797,22.93,1959.3,4.88,42732.75,231849.63,-189116.88,36.0,36.2
941,2021,Zaid,Soybean,West Bengal,Medium,2.84,Clay,7.24,High-Yield Variety,Rainfed,206.5,31.7,53.6,138.5,4.17,206.9,1.334,242.0,2.759,7.84,1803.7,7.8,13037.93,110446.02,-97408.09,28.6,27.7
942,2023,Kharif,Rice,West Bengal,Small,1.57,Alluvial,6.42,High-Yield Variety,Sprinkler,811.1,26.5,72.6,150.8,4.16,447.5,1.315,277.0,5.882,9.23,2087.1,10.58,17225.82,85821.65,-68595.83,29.0,29.3
943,2023,Kharif,Soybean,Jharkhand,Medium,3.89,Black,7.14,High-Yield Variety,Drip,760.5,25.7,66.5,119.0,2.65,326.3,1.535,260.0,5.008,19.48,,5.21,34517.8,185379.25,-150861.45,37.7,23.1
944,2024,Rabi,Soybean,Bihar,Small,2.52,Black,6.46,High-Yield Variety,Sprinkler,77.2,22.8,52.5,139.9,0.63,235.4,1.769,278.0,4.163,10.49,1897.3,7.9,18330.03,112082.1,-93752.07,18.5,17.9
945,2023,Kharif,Wheat,Odisha,Small,1.08,Clay,7.08,Traditional,Drip,802.0,28.7,82.6,84.2,4.18,308.0,2.093,425.0,6.447,6.96,2033.3,10.0,12736.77,68621.44,-55884.67,56.7,56.5
946,2024,Zaid,Maize,Jharkhand,Small,1.52,Alluvial,7.51,High-Yield Variety,Drip,92.9,33.9,47.4,,5.05,164.5,3.327,331.0,5.471,8.32,1700.8,8.77,12910.14,67681.79,-54771.65,19.9,16.8
947,2022,Rabi,Soybean,Assam,Medium,4.72,Black,6.97,Traditional,Rainfed,238.1,21.1,60.9,104.6,3.23,191.8,1.741,290.0,3.338,15.76,1804.5,8.12,26129.43,208627.76,-182498.33,3.6,3.7
948,2022,Rabi,Barley,Uttar Pradesh,Small,2.22,Alluvial,7.14,High-Yield Variety,Canal,166.9,19.7,52.2,140.5,3.64,239.6,1.799,312.0,4.31,9.57,2030.3,11.89,17119.72,101797.06,-84677.34,10.6,10.3
949,2022,Rabi,Maize,Chhattisgarh,Large,1.03,Alluvial,5.85,High-Yield Variety,Rainfed,,20.4,54.6,85.1,2.16,203.5,2.098,221.0,4.27,4.4,1905.1,5.34,7935.23,58608.39,-50673.16,31.6,21.8
950,2024,Zaid,Mustard,Uttar Pradesh,Medium,1.81,Alluvial,6.81,High-Yield Variety,Drip,73.4,34.4,42.6,144.9,2.55,194.9,1.508,291.0,2.939,5.32,1725.7,6.87,8550.26,87788.71,-79238.45,19.6,16.5
951,2023,Rabi,Soybean,West Bengal,Medium,3.61,Clay,6.82,High-Yield Variety,Drip,224.5,22.3,61.5,39.5,2.85,202.3,2.186,366.0,4.421,15.96,2119.6,9.28,30690.88,159318.92,-128628.04,19.3,12.6
952,2023,Zaid,Maize,Assam,Small,4.75,Alluvial,6.73,Traditional,Drip,56.6,28.6,45.5,153.8,2.56,165.9,3.084,399.0,5.117,24.31,1746.4,5.72,40026.99,196985.05,-156958.06,35.1,31.9
953,2021,Rabi,Mustard,West Bengal,Large,1.71,Loamy,7.1,High-Yield Variety,Rainfed,211.9,18.9,54.7,106.4,3.92,171.1,1.323,299.0,2.263,3.87,1900.8,5.89,6923.0,76360.43,-69437.43,27.0,22.0
954,2021,Zaid,Sugarcane,Jharkhand,Small,3.64,Black,7.0,High-Yield Variety,Borewell,105.4,30.8,38.4,,2.69,266.2,8.914,492.0,23.73,86.38,1691.3,9.2,132649.26,160816.82,-28167.56,33.2,28.5
955,2022,Zaid,Wheat,Chhattisgarh,Small,2.86,Sandy,7.14,Traditional,Canal,5.0,31.5,44.7,115.8,4.92,249.6,1.642,439.0,4.099,11.72,1671.9,9.18,17794.75,126074.27,-108279.52,42.3,46.4
956,2023,Rabi,Barley,Punjab,Small,3.95,Alluvial,6.32,High-Yield Variety,Canal,164.0,21.6,64.6,123.9,1.37,343.8,1.302,383.0,4.478,17.69,1891.6,7.84,30841.15,176073.55,-145232.4,24.5,19.4
957,2024,Kharif,Groundnut,Assam,Small,2.1,Sandy,6.33,High-Yield Variety,Canal,856.1,32.4,76.1,74.2,2.92,643.5,0.719,326.0,4.626,9.71,1905.7,8.37,16955.42,101656.74,-84701.32,54.3,51.3
958,2022,Kharif,Mustard,Punjab,Large,1.45,Clay,6.83,High-Yield Variety,Drip,,23.6,80.6,140.9,2.72,355.1,0.855,316.0,3.034,4.4,1957.6,0.5,8570.46,73822.0,-65251.54,27.3,26.3
959,2021,Rabi,Soybean,Odisha,Small,1.42,Black,6.57,High-Yield Variety,Canal,141.5,18.6,61.5,68.1,2.42,298.4,1.139,266.0,,4.83,1815.5,13.11,7619.54,73768.77,-66149.23,6.1,4.7
960,2022,Kharif,Barley,Odisha,Medium,3.72,Alluvial,6.58,Traditional,Drip,764.8,29.0,80.7,164.6,2.24,392.3,1.435,413.0,5.628,20.94,2056.6,2.38,42040.99,179181.81,-137140.82,37.7,37.2
961,2022,Kharif,Sugarcane,Chhattisgarh,Small,1.81,Alluvial,6.15,High-Yield Variety,Canal,688.6,24.1,77.2,125.5,2.21,427.5,8.247,257.0,35.259,63.82,1879.1,8.89,109258.76,87253.18,22005.58,39.8,31.6
962,2021,Rabi,Rice,Punjab,Small,1.75,Black,5.98,High-Yield Variety,Borewell,185.8,20.6,57.2,92.5,5.34,338.1,1.552,327.0,5.246,9.18,2123.4,8.32,17869.83,80918.05,-63048.22,22.5,21.4
963,2023,Zaid,Sugarcane,Odisha,Small,5.5,Loamy,6.27,Traditional,Borewell,76.7,34.8,44.6,77.2,1.7,389.1,6.062,286.0,23.587,129.73,2072.3,9.36,243674.84,224298.62,19376.22,42.3,33.7
964,2023,Kharif,Wheat,Chhattisgarh,Medium,0.95,Black,6.48,High-Yield Variety,Borewell,853.4,25.6,77.4,154.2,4.7,609.5,0.818,305.0,4.984,4.73,1717.9,6.88,7566.38,61625.71,-54059.33,45.1,41.8
965,2023,Kharif,Soybean,Punjab,Small,1.34,Clay,7.26,Traditional,Canal,794.3,28.7,70.5,193.7,4.2,616.2,0.701,287.0,4.319,5.79,1833.3,9.81,9574.1,73253.43,-63679.33,33.2,27.1
966,2024,Zaid,Barley,Bihar,Medium,1.16,Black,6.33,High-Yield Variety,Rainfed,5.0,32.1,49.4,104.2,5.78,140.9,1.997,201.0,2.814,3.26,1825.3,5.73,5609.37,54163.36,-48553.99,35.7,33.4
967,2024,Kharif,Mustard,Bihar,Small,2.41,Black,6.78,Traditional,Drip,821.3,27.9,92.2,112.6,3.97,344.0,1.133,243.0,3.897,9.39,1581.3,6.53,13879.23,122202.45,-108323.22,54.0,55.6
968,2024,Kharif,Barley,Assam,Medium,1.85,Clay,6.6,High-Yield Variety,Canal,807.6,32.4,84.4,162.3,5.78,507.8,0.915,397.0,4.649,8.6,1963.7,3.25,16338.42,101304.8,-84966.38,38.0,25.8
969,2024,Kharif,Sugarcane,Punjab,Medium,2.17,Loamy,6.9,High-Yield Variety,Borewell,844.1,29.8,80.8,156.8,3.12,510.7,6.714,290.0,34.29,74.41,1792.7,5.63,125880.2,107173.6,18706.6,36.3,27.3
970,2022,Rabi,Wheat,Punjab,Small,5.2,Alluvial,6.97,High-Yield Variety,Rainfed,193.8,19.2,56.9,148.3,3.7,201.7,2.023,276.0,4.082,21.23,1984.3,10.56,37678.45,222961.75,-185283.3,16.8,14.0
971,2024,Kharif,Groundnut,Jharkhand,Medium,4.43,Sandy,6.76,High-Yield Variety,Borewell,758.7,29.6,82.5,184.1,2.71,558.9,0.639,314.0,3.571,15.82,1923.6,8.67,27792.98,218733.66,-190940.68,20.4,21.2
972,2024,Rabi,Maize,Punjab,Small,2.6,Alluvial,6.99,Traditional,Rainfed,286.5,15.0,39.1,151.6,1.64,218.8,2.311,161.0,5.057,13.15,2065.5,15.56,22933.51,105533.65,-82600.14,25.0,18.8
973,2022,Zaid,Sugarcane,Assam,Small,1.46,Loamy,6.86,High-Yield Variety,Canal,100.7,30.3,38.6,129.5,2.44,276.1,9.105,274.0,25.134,36.7,1972.1,7.49,66954.35,70328.3,-3373.95,35.7,23.4
974,2024,Kharif,Maize,Uttar Pradesh,Small,0.45,Loamy,6.06,Traditional,Drip,745.7,29.3,81.3,126.1,4.01,329.2,2.12,350.0,6.977,3.14,1764.0,5.91,5211.28,32313.85,-27102.57,42.1,29.4
975,2022,Kharif,Maize,Odisha,Small,3.13,Clay,6.23,High-Yield Variety,Sprinkler,806.8,27.3,78.3,138.2,3.4,429.0,1.609,261.0,6.902,21.6,1811.9,9.35,35478.29,149773.67,-114295.38,42.9,31.6
976,2024,Rabi,Mustard,Punjab,Small,1.21,Clay,6.18,High-Yield Variety,Rainfed,248.2,20.8,60.6,115.8,2.0,174.8,1.426,315.0,2.492,3.02,2125.1,10.84,5722.3,60003.33,-54281.03,13.9,9.6
977,2024,Kharif,Soybean,Odisha,Small,3.43,Sandy,7.36,High-Yield Variety,Sprinkler,677.2,27.4,85.0,178.9,2.15,435.3,1.132,402.0,4.927,16.9,1873.9,3.67,30506.16,165749.64,-135243.48,41.3,41.1
978,2024,Kharif,Rice,Assam,Small,2.33,Clay,7.19,High-Yield Variety,Borewell,704.3,27.9,85.4,97.5,3.42,528.6,1.16,262.0,6.135,14.29,1716.2,5.71,23122.82,118034.31,-94911.49,32.1,21.9
979,2024,Zaid,Sugarcane,Jharkhand,Small,4.66,Sandy,6.21,Traditional,Borewell,162.7,34.6,43.3,97.4,1.31,346.8,6.832,369.0,23.691,110.4,1490.4,8.4,150716.91,193656.63,-42939.72,36.1,24.6
980,2024,Kharif,Maize,Chhattisgarh,Small,1.11,Alluvial,5.75,High-Yield Variety,Drip,766.5,24.2,70.1,135.1,4.53,360.0,1.875,379.0,6.751,7.49,1930.2,4.95,13741.37,67675.14,-53933.77,47.6,37.5
981,2021,Kharif,Sugarcane,Uttar Pradesh,Medium,3.4,Black,6.54,Traditional,Borewell,762.8,30.9,64.5,127.0,4.93,537.5,6.319,534.0,33.96,115.46,1735.3,5.34,189655.51,174148.28,15507.23,34.1,29.3
982,2022,Zaid,Sugarcane,Chhattisgarh,Small,0.95,Alluvial,6.59,High-Yield Variety,Drip,123.0,35.5,34.3,108.5,4.14,156.9,17.648,398.0,27.692,26.31,1711.9,6.32,42193.98,47219.67,-5025.69,21.1,18.7
983,2021,Zaid,Groundnut,Punjab,Small,3.75,Black,6.6,High-Yield Variety,Canal,11.3,32.8,51.7,152.4,2.59,258.5,1.213,286.0,3.135,11.76,1627.1,7.58,17684.65,143936.21,-126251.56,27.0,28.1
984,2021,Kharif,Wheat,Jharkhand,Medium,1.86,Loamy,6.65,High-Yield Variety,Rainfed,770.3,32.3,83.4,124.6,4.69,297.1,1.388,213.0,4.123,7.67,1863.6,8.48,13081.21,95737.23,-82656.02,39.0,41.8
985,2024,Zaid,Sugarcane,Odisha,Medium,3.59,Black,7.02,High-Yield Variety,Rainfed,24.0,29.5,48.9,128.4,4.01,122.1,15.322,325.0,18.713,67.18,1507.3,1.38,99863.42,147450.38,-47586.96,26.2,27.9
986,2021,Rabi,Barley,Jharkhand,Medium,2.75,Clay,6.39,High-Yield Variety,Sprinkler,302.8,23.3,62.9,118.4,3.55,288.4,1.555,425.0,,12.33,2190.2,7.77,24907.32,131668.11,-106760.79,20.2,16.1
987,2024,Rabi,Sugarcane,Punjab,Small,1.94,Sandy,6.87,High-Yield Variety,Borewell,182.2,20.1,60.6,117.4,3.75,383.3,7.727,258.0,29.62,57.46,2042.9,8.45,107471.3,93169.66,14301.64,16.0,14.2
988,2022,Zaid,Mustard,Bihar,Medium,2.66,Loamy,6.85,High-Yield Variety,Borewell,82.1,35.7,40.3,170.3,5.42,307.3,0.92,234.0,2.827,7.52,1537.6,4.72,11017.11,119585.06,-108567.95,28.5,29.4
989,2022,Zaid,Groundnut,Bihar,Medium,3.06,Alluvial,6.72,Traditional,Canal,31.9,31.9,53.5,88.4,5.07,253.1,1.407,303.0,3.562,10.9,1546.9,4.12,16165.97,122872.45,-106706.48,26.6,25.0
990,2022,Zaid,Groundnut,Bihar,Small,1.19,Sandy,7.24,Traditional,Rainfed,107.7,34.7,43.7,99.3,4.24,152.4,1.528,326.0,2.328,2.77,1851.1,4.5,4897.16,52625.16,-47728.0,21.5,21.1
991,2023,Kharif,Barley,Odisha,Large,2.6,Alluvial,6.37,Traditional,Drip,777.6,29.3,77.8,92.8,4.06,378.6,1.424,307.0,5.391,14.02,1738.8,8.96,22195.22,133055.62,-110860.4,52.4,33.8
992,2021,Zaid,Soybean,West Bengal,Small,3.8,Alluvial,6.08,Traditional,Rainfed,92.7,34.2,40.1,92.1,3.72,113.7,2.569,313.0,2.921,11.1,1683.8,8.42,17117.37,159104.03,-141986.66,21.9,20.3
993,2024,Rabi,Mustard,Uttar Pradesh,Small,2.04,Clay,7.04,Traditional,Sprinkler,278.5,21.3,59.4,132.1,3.51,360.5,0.892,305.0,3.215,6.56,2077.8,13.21,11829.72,94442.84,-82613.12,22.4,22.0
994,2021,Kharif,Maize,Assam,Large,3.79,Black,5.79,High-Yield Variety,Rainfed,823.4,28.2,69.1,184.1,3.26,285.4,1.751,235.0,4.998,18.94,1843.5,5.19,33103.05,177887.49,-144784.44,35.6,30.0
995,2022,Rabi,Rice,Bihar,Small,3.05,Alluvial,6.33,High-Yield Variety,Borewell,151.3,17.9,52.6,111.8,2.89,359.7,1.313,341.0,4.722,14.4,2258.8,11.83,28677.15,137092.61,-108415.46,24.4,18.8
996,2022,Kharif,Maize,Assam,Small,4.45,Alluvial,6.7,High-Yield Variety,Borewell,662.5,27.4,82.1,159.3,2.98,477.5,1.46,436.0,6.97,31.02,1954.5,7.6,56019.47,222745.86,-166726.39,37.1,26.7
997,2021,Rabi,Groundnut,West Bengal,Medium,1.06,Clay,6.02,Traditional,Canal,256.4,22.0,55.2,129.7,3.09,413.0,0.8,320.0,3.306,3.5,1797.5,7.88,5795.4,52818.08,-47022.68,27.0,24.3
998,2022,Zaid,Groundnut,Chhattisgarh,Small,2.06,Sandy,6.62,Traditional,Borewell,87.0,33.9,61.8,118.6,3.24,231.9,1.217,140.0,2.821,5.81,1646.7,10.15,8596.17,88644.91,-80048.74,31.7,20.1
999,2023,Kharif,Mustard,Chhattisgarh,Medium,3.98,Clay,7.06,High-Yield Variety,Borewell,749.4,31.7,67.6,204.5,5.16,538.9,0.677,314.0,3.645,14.51,1894.8,6.7,25652.28,195791.73,-170139.45,40.5,27.4
1000,2021,Rabi,Soybean,Punjab,Large,4.42,Alluvial,6.74,High-Yield Variety,Rainfed,166.3,17.9,52.5,127.8,0.37,164.8,2.016,390.0,3.322,14.69,2043.4,9.85,27059.08,192202.62,-165143.54,19.0,13.2
1001,2024,Rabi,Soybean,Chhattisgarh,Medium,0.83,Loamy,6.8,High-Yield Variety,Canal,239.8,22.2,74.6,113.8,2.62,305.0,1.17,187.0,3.57,2.96,2029.5,8.52,5495.6,30045.26,-24549.66,17.9,18.0
1002,2024,Kharif,Soybean,Bihar,Medium,3.73,Sandy,6.27,Traditional,Rainfed,687.0,26.4,75.5,138.2,3.75,273.0,1.381,302.0,3.771,14.07,1804.4,8.9,23128.09,187391.74,-164263.65,43.7,30.7
1003,2024,Rabi,Mustard,Assam,Medium,4.76,Loamy,6.88,High-Yield Variety,Sprinkler,310.5,21.2,53.2,134.9,2.83,331.6,0.81,337.0,2.687,12.79,2053.3,9.32,23814.9,212887.48,-189072.58,13.9,8.4
1004,2022,Kharif,Groundnut,West Bengal,Small,2.29,Clay,7.98,High-Yield Variety,Borewell,750.3,33.3,91.3,155.7,5.73,601.4,0.818,342.0,4.922,11.27,1947.7,8.0,20195.04,115037.67,-94842.63,33.1,20.9
1005,2023,Kharif,Maize,Bihar,Small,1.23,Alluvial,6.57,High-Yield Variety,Canal,855.8,28.9,80.1,126.7,3.02,462.8,1.386,227.0,6.416,7.89,1660.3,11.65,11573.69,62345.04,-50771.35,39.5,29.6
1006,2021,Rabi,Rice,Punjab,Medium,2.5,Alluvial,5.96,High-Yield Variety,Drip,252.6,19.8,56.0,78.8,2.21,228.1,2.262,320.0,5.158,12.9,2035.8,6.64,24517.61,116096.55,-91578.94,16.3,14.5
1007,2023,Kharif,Rice,Bihar,Large,1.39,Clay,6.68,High-Yield Variety,Canal,695.1,29.2,79.9,114.7,2.9,510.1,1.153,266.0,5.879,8.17,1889.8,7.71,14249.85,77758.82,-63508.97,37.5,40.9
1008,2023,Zaid,Rice,Bihar,Small,2.21,Sandy,5.78,High-Yield Variety,Canal,92.4,34.5,38.1,53.6,3.97,301.7,1.337,252.0,4.033,8.91,1780.5,9.59,14343.22,89054.95,-74711.73,37.5,29.5
1009,2022,Rabi,Maize,Uttar Pradesh,Small,3.23,Loamy,6.39,High-Yield Variety,Rainfed,240.1,19.1,53.2,67.7,2.45,172.2,3.627,220.0,6.246,20.18,1895.7,10.65,34182.94,134208.08,-100025.14,28.1,26.1
1010,2023,Rabi,Groundnut,West Bengal,Medium,0.85,Black,6.91,High-Yield Variety,Canal,285.4,19.7,51.8,132.1,2.42,374.8,1.084,276.0,4.064,3.45,1860.7,7.22,5955.94,46333.08,-40377.14,5.3,4.4
1011,2024,Rabi,Rice,Uttar Pradesh,Small,1.41,Clay,6.75,Traditional,Canal,,20.7,61.7,152.9,2.16,320.2,1.723,206.0,5.515,7.78,1964.3,7.35,14158.06,64863.95,-50705.89,14.4,9.0
1012,2021,Rabi,Mustard,Jharkhand,Large,1.1,Black,7.08,Traditional,Canal,203.6,19.4,63.0,99.9,4.17,347.9,0.838,220.0,2.914,3.21,2177.0,5.58,6598.06,60174.47,-53576.41,18.1,16.6
1013,2024,Rabi,Soybean,West Bengal,Small,1.4,Clay,5.98,Traditional,Sprinkler,184.6,17.7,60.6,,2.56,229.3,1.614,388.0,3.7,5.18,2274.0,7.84,10856.4,64297.32,-53440.92,26.4,20.1
1014,2022,Kharif,Maize,Punjab,Small,2.59,Black,6.38,Traditional,Borewell,694.4,27.7,89.5,113.4,2.87,553.9,1.027,326.0,5.69,14.74,1810.2,5.9,25108.21,135543.94,-110435.73,34.2,35.5
1015,2024,Rabi,Sugarcane,West Bengal,Medium,3.24,Loamy,6.55,High-Yield Variety,Rainfed,270.4,22.5,63.5,152.8,4.9,192.1,12.66,265.0,24.318,78.79,2169.2,5.23,161967.71,150342.94,11624.77,16.9,14.8
1016,2023,Zaid,Wheat,West Bengal,Medium,5.7,Clay,6.61,High-Yield Variety,Rainfed,62.1,32.4,46.2,95.0,3.64,150.4,2.146,342.0,3.227,18.39,1955.2,6.14,33749.64,230661.41,-196911.77,33.8,28.4
1017,2023,Rabi,Groundnut,Odisha,Small,2.47,Alluvial,6.45,High-Yield Variety,Borewell,227.5,21.7,54.4,125.1,2.58,418.3,0.805,368.0,3.369,8.32,2223.8,4.09,17745.89,110975.85,-93229.96,27.5,22.7
1018,2021,Kharif,Maize,Jharkhand,Small,2.05,Alluvial,6.07,Traditional,Canal,695.2,29.5,74.3,121.0,1.97,486.9,1.293,263.0,6.295,12.91,1895.6,9.93,22042.47,101510.66,-79468.19,26.3,16.5
1019,2022,Rabi,Groundnut,Bihar,Small,2.56,Sandy,,Traditional,Drip,225.3,22.2,53.6,148.7,1.84,187.9,2.533,225.0,4.76,12.19,1951.3,4.59,22694.85,110579.77,-87884.92,20.8,20.1
1020,2021,Kharif,Mustard,Chhattisgarh,Small,2.25,Loamy,6.7,High-Yield Variety,Borewell,793.4,30.1,73.5,146.7,3.33,589.7,0.576,337.0,3.396,7.64,1978.8,6.53,14131.03,113387.75,-99256.72,41.3,37.3
1021,2021,Kharif,Maize,Jharkhand,Medium,4.85,Loamy,7.16,High-Yield Variety,Borewell,767.7,30.2,90.3,168.5,3.29,519.9,1.231,264.0,6.402,31.05,1737.3,6.44,50466.17,231953.67,-181487.5,42.4,32.4
1022,2021,Kharif,Rice,Bihar,Small,2.46,Alluvial,6.75,High-Yield Variety,Rainfed,775.4,28.0,80.3,120.6,4.58,239.0,1.628,396.0,3.89,9.57,1954.8,8.57,17105.09,125765.27,-108660.18,45.5,32.1
1023,2021,Zaid,Mustard,Bihar,Medium,2.5,Sandy,6.81,Traditional,Drip,79.2,34.4,38.4,162.2,3.36,210.6,1.211,348.0,2.551,6.38,1559.4,4.14,9537.27,113866.77,-104329.5,25.7,16.9
1024,2021,Rabi,Mustard,West Bengal,Large,1.65,Black,6.96,Traditional,Borewell,217.2,16.2,53.6,170.4,1.97,376.2,0.737,344.0,2.774,4.58,2276.2,7.7,9622.05,79343.37,-69721.32,18.8,19.7
1025,2021,Rabi,Mustard,Jharkhand,Medium,2.12,Sandy,6.8,Traditional,Canal,330.3,19.2,57.6,81.6,0.99,449.5,0.653,369.0,2.934,6.22,1755.1,1.07,10800.21,97253.07,-86452.86,19.0,19.2
1026,2021,Rabi,Sugarcane,West Bengal,Medium,2.7,Loamy,6.81,Traditional,,211.8,21.5,56.7,119.9,2.25,373.4,8.397,328.0,31.355,84.66,1955.4,11.01,147319.27,122219.55,25099.72,31.2,29.5
1027,2024,Rabi,Wheat,Assam,Small,2.54,Sandy,6.14,Traditional,Borewell,208.7,19.1,49.9,98.8,3.29,257.0,1.809,401.0,4.65,11.81,1902.6,7.85,20705.94,117508.07,-96802.13,18.6,12.0
1028,2024,Zaid,Soybean,Odisha,Small,1.11,Sandy,7.15,High-Yield Variety,Borewell,72.1,35.4,47.0,95.9,1.22,391.8,0.724,334.0,2.838,3.15,1738.4,5.45,5177.75,51938.52,-46760.77,33.3,29.2
1029,2021,Rabi,Rice,Jharkhand,Small,1.41,Black,6.84,High-Yield Variety,Borewell,127.0,19.3,64.0,149.5,3.5,389.5,1.24,251.0,4.829,6.81,2031.6,7.22,12835.48,66212.7,-53377.22,34.4,23.6
1030,2022,Kharif,Barley,Assam,Medium,1.72,Clay,7.17,Traditional,Rainfed,842.2,32.7,69.9,165.4,4.29,309.4,1.355,217.0,4.192,7.21,1917.5,6.67,12902.65,85138.72,-72236.07,29.2,21.8
1031,2023,Kharif,Mustard,Uttar Pradesh,Small,0.61,Sandy,7.28,Traditional,Drip,745.0,28.2,75.5,110.6,6.06,371.8,1.052,376.0,3.91,2.39,1551.2,7.67,3422.91,42692.0,-39269.09,45.1,32.2
1032,2022,Rabi,Maize,Jharkhand,Small,5.64,Clay,6.85,High-Yield Variety,Drip,250.2,22.8,61.7,101.2,1.71,218.7,3.211,316.0,7.024,39.61,2126.4,9.94,75856.57,242102.43,-166245.86,14.9,9.4
1033,2024,Rabi,Rice,West Bengal,Small,3.57,Alluvial,6.34,High-Yield Variety,Borewell,253.2,22.1,55.0,107.2,3.06,416.3,1.23,363.0,5.119,18.27,1938.0,7.39,32791.39,155970.26,-123178.87,22.6,19.0
1034,2024,Rabi,Wheat,West Bengal,Medium,1.23,Black,6.54,High-Yield Variety,Drip,142.1,17.9,61.9,122.9,2.66,128.8,4.101,292.0,5.281,6.5,1885.2,5.32,11602.05,55506.63,-43904.58,14.6,11.8
1035,2024,Kharif,Barley,Jharkhand,Small,1.94,Alluvial,6.86,High-Yield Variety,Canal,674.8,26.2,70.0,98.6,5.57,560.8,0.736,345.0,4.127,8.01,1664.3,4.93,12674.19,99450.31,-86776.12,32.2,32.9
1036,2023,Kharif,Mustard,Assam,Medium,1.09,Black,6.24,High-Yield Variety,Canal,780.4,29.6,79.1,87.8,4.67,462.9,0.714,274.0,3.303,3.6,2002.0,8.94,6562.54,56380.31,-49817.77,38.5,27.1
1037,2023,Kharif,Soybean,Odisha,Small,2.03,Loamy,7.26,Traditional,Rainfed,666.1,30.2,81.0,118.2,5.46,257.4,1.385,263.0,3.566,7.24,1792.9,6.49,12138.17,99100.16,-86961.99,40.7,35.7
1038,2023,Kharif,Barley,West Bengal,Medium,2.1,Black,6.25,High-Yield Variety,Borewell,835.3,29.8,78.3,148.7,2.9,629.8,0.719,415.0,4.526,9.5,1882.1,7.82,16481.47,112794.12,-96312.65,30.8,28.5
1039,2023,Kharif,Groundnut,Odisha,Medium,2.09,Black,7.15,Traditional,Canal,859.4,27.0,73.2,150.5,2.47,500.5,0.769,408.0,3.849,8.04,1984.3,5.17,15128.48,104588.89,-89460.41,46.4,41.1
1040,2022,Rabi,Mustard,Uttar Pradesh,Small,1.99,Alluvial,7.11,Traditional,Rainfed,178.5,17.7,63.0,102.8,3.21,160.3,1.568,225.0,2.513,5.0,2132.1,5.12,10115.1,83549.85,-73434.75,25.9,22.2
1041,2024,Kharif,Groundnut,Jharkhand,Medium,2.29,Black,7.64,Traditional,Canal,716.4,29.4,79.1,161.2,5.23,499.3,0.993,330.0,4.958,11.35,1922.0,6.2,20463.15,119227.19,-98764.04,50.9,48.4
1042,2024,Kharif,Rice,Uttar Pradesh,Small,1.3,Alluvial,6.28,High-Yield Variety,Sprinkler,732.6,27.8,87.9,118.1,3.82,387.0,1.704,343.0,6.596,8.57,1769.9,4.97,14414.72,69075.48,-54660.76,49.6,52.7
1043,2021,Zaid,Maize,Bihar,Small,1.88,Loamy,7.19,High-Yield Variety,Rainfed,85.3,34.8,42.8,136.7,4.59,180.9,2.036,293.0,3.682,6.92,1572.8,4.97,10343.05,81058.99,-70715.94,26.4,25.4
1044,2022,Rabi,Groundnut,Bihar,Small,1.47,Black,6.26,High-Yield Variety,Drip,291.6,22.2,66.1,54.8,2.55,227.2,1.747,354.0,3.968,5.83,1932.3,10.2,10116.25,73647.27,-63531.02,7.7,5.9
1045,2024,Rabi,Soybean,Odisha,Large,1.0,Sandy,6.74,Traditional,Canal,218.8,22.2,50.2,124.1,1.22,362.0,1.145,416.0,4.146,4.15,1915.6,5.68,7498.0,57969.37,-50471.37,32.4,32.5
1046,2021,Kharif,Sugarcane,Assam,Medium,2.14,Alluvial,6.94,High-Yield Variety,Canal,651.0,30.3,74.5,178.9,1.95,432.9,8.275,409.0,35.82,76.66,1487.7,4.59,108813.82,114829.05,-6015.23,34.7,35.7
1047,2024,Kharif,Soybean,West Bengal,Small,4.5,Loamy,6.05,High-Yield Variety,Canal,675.3,26.3,81.3,139.1,5.04,514.6,0.844,326.0,4.345,19.55,2014.9,12.62,34419.46,222229.61,-187810.15,40.5,29.2
1048,2024,Zaid,Soybean,West Bengal,Large,3.33,Loamy,6.54,Traditional,Borewell,35.4,34.6,48.8,120.5,2.53,317.1,0.948,280.0,3.005,10.01,1781.4,5.78,16802.02,143712.23,-126910.21,40.0,36.1
1049,2022,Kharif,Groundnut,Uttar Pradesh,Large,1.76,Clay,6.77,Traditional,Canal,792.1,29.7,70.4,174.3,3.43,477.1,0.783,322.0,3.736,6.58,1872.6,8.4,11287.23,96849.87,-85562.64,35.9,23.9
1050,2024,Kharif,Groundnut,Odisha,Large,1.45,Clay,6.14,High-Yield Variety,Borewell,668.0,25.6,82.3,91.7,6.08,583.5,0.569,266.0,3.322,4.82,1561.4,7.3,6976.18,86754.55,-79778.37,47.6,30.2
1051,2021,Zaid,Sugarcane,Assam,Small,3.36,Clay,6.68,High-Yield Variety,Borewell,35.7,33.7,41.6,112.0,2.29,246.0,9.545,281.0,23.479,78.89,1825.2,9.85,129806.41,137625.75,-7819.34,31.1,28.7
1052,2021,Kharif,Sugarcane,Chhattisgarh,Small,3.19,Sandy,6.01,High-Yield Variety,Rainfed,857.3,28.7,76.5,119.6,4.23,286.5,9.73,313.0,27.873,88.91,2037.4,9.05,164747.35,159492.52,5254.83,35.0,24.2
1053,2023,Kharif,Rice,Odisha,Medium,1.65,Loamy,6.99,Traditional,Sprinkler,810.7,28.8,66.1,159.2,2.06,424.5,1.355,346.0,5.751,9.49,1845.2,7.33,16226.8,88499.18,-72272.38,30.1,32.4
1054,2022,Rabi,Maize,Chhattisgarh,Large,1.43,Alluvial,7.5,Traditional,Canal,191.2,19.0,53.1,134.3,3.36,331.3,1.968,308.0,6.522,9.33,2019.5,9.68,17017.55,66086.32,-49068.77,23.3,18.6
1055,2021,Rabi,Maize,Bihar,Large,4.09,Black,6.19,High-Yield Variety,Borewell,174.9,21.5,69.2,121.6,2.57,392.0,1.334,382.0,5.228,21.38,1933.0,6.67,38573.01,179853.64,-141280.63,7.1,4.6
1056,2024,Zaid,Soybean,Bihar,Small,3.89,Sandy,6.71,Traditional,Sprinkler,45.2,34.6,50.7,120.9,3.97,251.6,1.379,308.0,3.469,13.49,1574.7,9.02,19326.53,163173.25,-143846.72,24.4,15.9
1057,2024,Kharif,Barley,Odisha,Medium,3.44,Sandy,6.24,High-Yield Variety,Drip,833.1,33.2,77.1,124.7,3.9,377.2,1.326,286.0,5.002,17.21,,8.12,29954.19,171860.43,-141906.24,31.5,29.1
1058,2021,Rabi,Mustard,Bihar,Small,1.73,Loamy,6.07,Traditional,Rainfed,162.4,20.2,51.3,121.4,2.75,211.2,0.767,396.0,1.62,2.8,2065.0,9.78,5216.49,83882.45,-78665.96,31.8,26.4
1059,2024,Kharif,Wheat,Uttar Pradesh,Large,2.71,Alluvial,7.08,High-Yield Variety,Drip,696.4,34.6,72.6,150.6,5.35,321.0,1.768,366.0,5.675,15.38,1721.9,6.92,24650.52,145022.67,-120372.15,42.4,45.6
1060,2022,Kharif,Maize,Chhattisgarh,Small,1.08,Alluvial,7.15,High-Yield Variety,Canal,,32.7,70.9,128.6,3.8,595.3,1.162,79.0,6.919,7.47,,6.11,13960.51,58098.72,-44138.21,44.0,41.4
1061,2023,Kharif,Maize,Assam,Small,1.28,Sandy,6.01,High-Yield Variety,Rainfed,833.3,30.8,88.3,122.0,5.21,277.2,1.788,260.0,4.956,6.34,1731.4,9.34,9952.42,70048.27,-60095.85,35.1,24.8
1062,2023,Kharif,Soybean,West Bengal,Medium,2.16,Loamy,7.17,Traditional,Canal,762.6,28.4,77.3,118.9,3.02,544.1,0.713,269.0,3.882,8.39,2034.4,6.4,15976.12,111746.98,-95770.86,36.4,35.3
1063,2022,Zaid,Rice,Chhattisgarh,Small,3.0,Clay,6.68,High-Yield Variety,Canal,50.5,34.2,47.5,114.7,3.84,303.8,1.238,301.0,3.76,11.28,1631.3,7.47,17026.18,135556.2,-118530.02,26.8,20.3
1064,2024,Rabi,Rice,Uttar Pradesh,Medium,3.1,Clay,6.39,High-Yield Variety,Canal,170.5,25.3,62.1,111.1,4.61,279.8,2.035,345.0,5.693,17.65,2131.6,8.38,34471.03,137282.04,-102811.01,17.6,18.8
1065,2024,Kharif,Sugarcane,Jharkhand,Large,4.91,Alluvial,5.87,Traditional,Rainfed,798.2,27.5,78.2,144.9,3.95,315.5,8.968,217.0,28.294,138.92,1774.4,2.58,240123.98,236525.64,3598.34,42.7,42.3
1066,2024,Rabi,Mustard,Assam,Small,6.65,Clay,6.1,High-Yield Variety,Borewell,228.2,22.3,48.1,123.9,2.86,308.8,0.902,244.0,2.785,18.52,2291.4,4.24,40637.74,287381.62,-246743.88,21.0,17.1
1067,2022,Rabi,Sugarcane,Punjab,Medium,2.63,Sandy,6.65,Traditional,Canal,283.2,23.8,63.2,,7.7,369.1,8.527,394.0,31.474,82.78,2313.2,7.19,177727.01,119762.18,57964.83,32.9,23.0
1068,2023,Kharif,Wheat,Uttar Pradesh,Small,2.65,Loamy,6.38,Traditional,Borewell,663.9,29.4,86.1,142.7,3.27,535.8,0.947,362.0,5.076,13.45,1964.0,6.14,24794.21,130900.76,-106106.55,48.9,35.0
1069,2022,Kharif,Sugarcane,Uttar Pradesh,Small,1.05,Loamy,6.3,Traditional,Borewell,639.4,28.5,70.2,124.7,3.74,487.4,6.747,299.0,32.886,34.53,1976.2,10.84,60843.75,58052.76,2790.99,34.7,37.9
1070,2023,Kharif,Maize,West Bengal,Medium,1.97,Loamy,6.58,High-Yield Variety,Drip,839.9,27.6,70.6,125.0,3.34,352.9,2.124,268.0,7.495,14.76,1834.3,4.17,25945.87,112450.07,-86504.2,40.2,40.5
1071,2021,Rabi,Groundnut,West Bengal,Medium,1.49,Alluvial,7.49,High-Yield Variety,Canal,194.8,20.4,60.3,154.7,3.56,227.3,1.894,327.0,4.304,6.41,2170.7,6.39,13024.47,72149.07,-59124.6,17.6,17.5
1072,2021,Kharif,Mustard,Assam,Small,3.9,Sandy,5.93,High-Yield Variety,Sprinkler,804.3,28.7,79.4,99.9,5.31,441.0,0.703,333.0,3.1,12.09,1814.2,8.74,20017.09,194280.62,-174263.53,40.1,33.9
1073,2022,Kharif,Groundnut,Assam,Small,5.45,Loamy,6.69,Traditional,Drip,743.6,32.2,85.8,160.7,2.47,316.9,1.361,298.0,4.312,23.5,1640.6,4.92,36656.17,259168.47,-222512.3,45.9,36.8
1074,2023,Rabi,Barley,West Bengal,Medium,2.58,Black,6.54,High-Yield Variety,Rainfed,291.6,24.6,64.6,66.5,2.45,231.1,1.62,363.0,3.744,9.66,1945.3,7.51,17381.33,115957.43,-98576.1,22.2,19.5
1075,2024,Kharif,Sugarcane,Punjab,Large,1.08,Clay,6.91,High-Yield Variety,Canal,759.5,30.8,70.7,181.0,3.05,520.4,6.965,339.0,36.249,39.15,1947.5,5.91,71739.21,61738.58,10000.63,32.7,26.8
1076,2023,Zaid,Sugarcane,Punjab,Small,1.13,Sandy,6.65,High-Yield Variety,Canal,130.7,31.5,29.7,138.2,3.6,259.1,9.429,227.0,24.428,27.6,1804.6,6.01,46814.31,54970.89,-8156.58,35.8,29.5
1077,2021,Rabi,Groundnut,Jharkhand,Small,2.44,Black,6.66,Traditional,,203.4,20.8,57.3,132.5,3.46,317.3,1.124,375.0,3.565,8.7,2275.1,1.18,19560.6,105258.42,-85697.82,21.8,19.0
1078,2022,Rabi,Rice,Assam,Medium,3.66,Clay,6.97,Traditional,Canal,154.2,20.1,54.4,142.7,4.76,241.1,2.368,365.0,5.71,20.9,2155.3,5.14,42729.12,159633.31,-116904.19,13.9,10.8
1079,2022,Zaid,Mustard,Odisha,Large,1.65,Black,6.97,High-Yield Variety,Borewell,125.1,31.3,45.2,69.5,3.48,329.4,0.667,257.0,2.197,3.62,1988.1,8.07,6616.34,67571.65,-60955.31,27.7,17.0
1080,2021,Kharif,Soybean,Chhattisgarh,Large,1.15,Loamy,6.07,Traditional,Canal,619.4,31.0,83.5,149.0,3.78,564.6,0.707,422.0,3.99,4.59,1613.7,7.93,6819.45,63909.79,-57090.34,22.1,24.0
1081,2024,Zaid,Groundnut,Bihar,Small,1.81,Black,7.89,High-Yield Variety,Borewell,132.8,36.5,41.5,187.2,2.92,325.5,0.905,304.0,2.946,5.33,1719.4,9.1,8330.96,84026.78,-75695.82,15.2,9.8
1082,2021,Rabi,Wheat,Uttar Pradesh,Small,1.0,Alluvial,6.04,Traditional,Canal,213.3,23.8,54.3,135.3,3.63,304.0,1.55,322.0,4.712,4.71,2009.7,3.43,9140.69,51559.71,-42419.02,21.6,17.3
1083,2021,Kharif,Rice,Chhattisgarh,Small,2.83,Black,6.7,High-Yield Variety,Drip,819.1,30.8,83.1,188.9,3.84,341.0,2.022,292.0,6.896,19.52,1861.6,3.29,35144.39,138263.11,-103118.72,41.2,35.5
1084,2021,Kharif,Rice,Odisha,Small,3.6,Alluvial,6.82,High-Yield Variety,Canal,746.8,30.0,75.2,164.2,2.94,455.4,1.337,284.0,6.09,21.92,1784.9,11.36,34678.72,174189.1,-139510.38,46.1,30.9
1085,2024,Zaid,Groundnut,Bihar,Small,2.99,Alluvial,6.2,Traditional,Sprinkler,164.1,32.4,28.0,47.3,3.86,268.4,0.997,318.0,2.675,8.0,1798.8,6.97,13386.4,131168.92,-117782.52,38.5,33.3
1086,2024,Kharif,Maize,Odisha,Small,4.66,Black,6.12,High-Yield Variety,Canal,757.4,31.5,81.1,66.9,3.98,510.9,1.266,292.0,6.47,30.15,1874.8,3.62,54478.68,228404.59,-173925.91,39.6,27.1
1087,2024,Rabi,Groundnut,Chhattisgarh,Large,2.16,Sandy,6.83,High-Yield Variety,Borewell,232.8,18.6,62.2,106.3,3.03,311.0,1.373,293.0,4.27,9.22,1892.4,5.72,16450.86,98596.9,-82146.04,14.9,14.7
1088,2024,Rabi,Maize,Bihar,Small,2.31,Alluvial,7.05,High-Yield Variety,Borewell,193.7,20.6,58.9,86.1,3.67,321.5,1.827,375.0,5.874,13.57,2054.3,7.91,25671.81,106177.65,-80505.84,14.9,9.0
1089,2021,Rabi,Groundnut,Odisha,Small,2.64,Clay,6.87,Traditional,Rainfed,238.0,20.6,60.9,160.2,1.17,177.9,1.614,215.0,2.871,7.58,2038.1,7.52,14287.35,115884.97,-101597.62,30.3,28.6
1090,2023,Zaid,Groundnut,Odisha,Small,1.65,Alluvial,7.17,Traditional,Rainfed,126.1,34.5,49.5,128.0,3.49,132.9,1.804,369.0,2.398,3.96,1392.7,5.77,5196.73,77720.99,-72524.26,39.1,25.0
1091,2024,Rabi,Sugarcane,Odisha,Medium,2.88,Black,7.23,High-Yield Variety,Canal,169.2,21.8,55.6,62.4,2.16,304.0,10.463,286.0,31.809,91.61,1796.6,6.06,154602.52,128949.07,25653.45,13.5,9.3
1092,2021,Rabi,Mustard,Jharkhand,Small,1.61,Black,6.41,High-Yield Variety,Borewell,144.9,20.3,49.0,87.9,3.19,282.6,0.946,377.0,2.675,4.31,2088.5,10.24,8079.8,80653.23,-72573.43,17.2,13.5
1093,2021,Zaid,Soybean,Punjab,Medium,3.21,Loamy,6.93,High-Yield Variety,Canal,5.0,33.4,44.8,134.9,2.64,276.7,1.204,258.0,3.332,10.7,1745.5,6.63,17438.19,134753.8,-117315.61,20.6,12.8
1094,2024,Kharif,Maize,Chhattisgarh,Small,1.84,Clay,6.96,Traditional,Rainfed,824.3,31.3,81.6,103.7,4.63,327.1,1.594,205.0,5.216,9.6,1828.5,5.04,16668.66,93114.48,-76445.82,31.3,26.7
1095,2021,Kharif,Wheat,Jharkhand,Small,2.34,Sandy,6.52,High-Yield Variety,Borewell,793.1,28.2,90.6,137.6,1.5,604.2,0.821,355.0,4.961,11.61,1577.9,8.76,16714.8,120132.04,-103417.24,46.8,42.3
1096,2024,Rabi,Rice,Odisha,Small,2.28,Alluvial,6.05,Traditional,,144.4,21.5,50.1,149.7,2.6,337.7,1.502,248.0,5.072,11.57,2436.1,5.7,26577.5,102481.52,-75904.02,27.8,20.8
1097,2022,Kharif,Wheat,Punjab,Small,2.25,Alluvial,5.69,Traditional,Borewell,813.6,27.7,75.4,128.0,5.29,550.2,0.93,435.0,5.119,11.52,2089.3,7.98,22147.61,123149.96,-101002.35,63.1,53.8
1098,2022,Rabi,Groundnut,Chhattisgarh,Medium,3.05,Clay,6.28,High-Yield Variety,Rainfed,240.6,20.6,66.1,103.6,2.26,137.9,1.804,291.0,2.488,7.59,1997.1,5.95,14256.16,132273.81,-118017.65,28.7,27.4
1099,2022,Rabi,Soybean,Jharkhand,Small,2.87,Black,5.9,Traditional,Canal,298.9,21.7,55.1,83.5,4.28,330.2,1.071,275.0,3.536,10.15,1953.7,10.31,17785.86,126014.37,-108228.51,31.6,24.4
1100,2021,Kharif,Maize,Chhattisgarh,Small,1.27,Alluvial,7.05,Traditional,Drip,813.3,26.4,80.7,130.3,4.31,381.3,1.872,225.0,7.138,9.07,2059.6,7.79,17224.13,67316.66,-50092.53,51.7,31.5
1101,2023,Zaid,Barley,Punjab,Large,1.24,Black,7.17,Traditional,Rainfed,95.7,30.4,42.6,112.6,2.06,161.6,1.68,408.0,2.715,3.37,1692.6,4.55,5444.78,60818.49,-55373.71,27.1,21.5
1102,2023,Zaid,Rice,West Bengal,Small,5.32,Clay,7.35,High-Yield Variety,Rainfed,196.2,31.3,40.6,55.3,3.23,174.9,2.085,315.0,3.648,19.41,1779.9,12.81,30121.26,216156.39,-186035.13,26.3,28.3
1103,2024,Zaid,Soybean,Punjab,Medium,4.56,Black,6.96,High-Yield Variety,Borewell,135.5,36.0,42.8,171.3,3.22,325.0,0.791,295.0,2.57,11.72,1583.4,4.02,17812.45,188454.68,-170642.23,35.6,31.7
1104,2024,Rabi,Barley,Odisha,Medium,1.88,Loamy,6.98,High-Yield Variety,Canal,213.7,22.1,61.6,147.3,3.14,283.3,1.593,234.0,4.515,8.49,2130.8,5.89,17024.81,85406.9,-68382.09,19.7,13.2
1105,2024,Rabi,Maize,Jharkhand,Small,3.13,Alluvial,6.54,High-Yield Variety,Canal,203.4,23.4,50.6,113.6,1.37,289.0,1.923,348.0,5.557,17.39,1969.8,7.67,31625.97,138151.41,-106525.44,20.2,12.7
1106,2021,Rabi,Groundnut,Assam,Small,1.67,Sandy,,High-Yield Variety,Rainfed,187.0,19.5,50.5,109.9,4.55,169.3,1.695,177.0,2.87,4.79,,6.24,9760.43,79275.28,-69514.85,25.4,27.8
1107,2022,Zaid,Maize,Chhattisgarh,Medium,5.92,Clay,6.89,High-Yield Variety,Rainfed,104.9,35.1,42.5,120.1,1.55,147.5,2.603,370.0,3.839,22.73,1657.4,7.5,34848.48,238427.6,-203579.12,22.6,19.4
1108,2022,Rabi,Barley,Odisha,Medium,1.23,Clay,6.2,High-Yield Variety,Rainfed,137.9,23.2,65.8,138.2,2.92,130.5,2.557,363.0,3.337,4.11,2231.6,11.18,8146.32,64181.98,-56035.66,15.4,11.3
1109,2022,Zaid,Wheat,Assam,Small,2.3,Alluvial,6.48,High-Yield Variety,Sprinkler,170.5,36.6,37.9,133.1,3.55,265.0,1.715,260.0,4.546,10.45,,6.04,14171.6,106701.75,-92530.15,22.1,15.7
1110,2021,Kharif,Mustard,Jharkhand,Large,3.16,Clay,5.81,Traditional,Drip,712.1,29.5,92.8,181.2,4.13,358.6,0.644,235.0,2.309,7.3,1755.2,11.87,11292.36,144745.04,-133452.68,29.4,22.4
1111,2023,Zaid,Rice,Uttar Pradesh,Medium,5.27,Clay,6.45,High-Yield Variety,Canal,51.5,31.8,49.5,122.9,1.02,264.0,1.664,412.0,4.392,23.15,1653.2,7.84,35269.53,219505.07,-184235.54,15.5,10.8
1112,2021,Kharif,Wheat,Odisha,Small,1.94,Alluvial,6.65,High-Yield Variety,Rainfed,785.0,27.2,86.1,140.3,1.94,294.8,1.587,270.0,4.678,9.07,1819.9,9.1,15004.84,100600.65,-85595.81,33.4,30.0
1113,2021,Rabi,Maize,West Bengal,Medium,2.69,Black,7.22,High-Yield Variety,Canal,236.3,19.2,60.2,155.6,4.29,378.5,1.747,369.0,6.612,17.79,1765.7,5.08,29817.81,126548.37,-96730.56,9.6,5.9
1114,2024,Zaid,Mustard,Chhattisgarh,Medium,1.67,Loamy,6.67,High-Yield Variety,,134.0,37.7,50.1,149.5,2.63,341.5,0.607,372.0,2.072,3.46,1788.5,7.68,5713.04,73593.83,-67880.79,24.2,15.7
1115,2024,Rabi,Soybean,Chhattisgarh,Small,1.52,Loamy,7.14,Traditional,Canal,248.9,23.8,55.6,165.1,3.82,265.7,1.457,221.0,3.871,5.88,2027.5,6.16,11187.4,71650.1,-60462.7,28.1,17.8
1116,2021,Zaid,Sugarcane,Punjab,Medium,0.71,Alluvial,6.75,Traditional,Rainfed,54.5,32.3,43.5,90.0,2.26,173.1,11.311,296.0,19.579,13.9,1500.9,4.12,20002.97,43553.69,-23550.72,17.7,10.7
1117,2024,Rabi,Mustard,Assam,Medium,1.18,Black,6.86,High-Yield Variety,Drip,328.0,19.9,60.5,109.5,1.26,180.9,1.932,455.0,3.495,4.12,2183.6,6.71,8392.38,64378.43,-55986.05,18.1,16.4
1118,2022,Rabi,Wheat,Odisha,Medium,2.7,Clay,6.45,Traditional,Canal,114.1,20.2,59.8,158.5,1.68,291.9,1.497,193.0,4.369,11.8,2090.8,3.47,23816.32,114599.22,-90782.9,38.4,33.1
1119,2022,Kharif,Rice,Chhattisgarh,Small,1.95,Alluvial,7.87,High-Yield Variety,Canal,727.1,29.5,73.2,104.1,5.1,444.5,1.434,284.0,6.374,12.43,1858.4,5.02,21939.21,101452.89,-79513.68,28.6,30.3
1120,2024,Zaid,Wheat,Uttar Pradesh,Medium,1.41,Loamy,6.74,High-Yield Variety,Drip,195.7,35.7,39.3,62.0,1.65,221.8,1.898,300.0,4.21,5.94,1954.3,5.82,10932.45,60556.11,-49623.66,34.0,33.2
1121,2023,Rabi,Rice,Odisha,Large,3.1,Alluvial,7.24,High-Yield Variety,Borewell,202.0,17.6,45.7,164.1,4.68,418.8,1.211,262.0,5.072,15.72,1993.1,7.44,29002.05,135030.52,-106028.47,13.7,14.8
1122,2024,Rabi,Sugarcane,Assam,Large,3.84,Loamy,6.87,High-Yield Variety,Canal,200.3,21.6,58.3,166.7,1.95,254.6,12.589,317.0,32.048,123.06,2070.3,7.07,236770.89,166073.11,70697.78,14.7,8.9
1123,2021,Kharif,Sugarcane,West Bengal,Large,0.89,Black,6.77,High-Yield Variety,Canal,758.5,27.8,78.3,124.6,2.35,518.5,6.965,271.0,36.113,32.14,1883.4,7.98,55703.73,51777.06,3926.67,31.1,18.9
1124,2024,Kharif,Maize,Jharkhand,Small,1.6,Clay,6.35,High-Yield Variety,Canal,683.0,24.1,81.5,157.5,2.39,547.4,1.13,265.0,6.188,9.9,1908.0,9.57,17082.36,86444.04,-69361.68,44.0,43.7
1125,2021,Kharif,Maize,Odisha,Medium,4.15,Clay,6.78,Traditional,Drip,820.7,28.8,87.8,130.0,1.17,355.8,1.92,258.0,6.832,28.35,1850.2,3.82,50451.94,200692.52,-150240.58,60.4,41.4
1126,2021,Zaid,Wheat,West Bengal,Medium,1.05,Alluvial,6.87,Traditional,Rainfed,148.7,31.7,55.7,72.4,3.45,136.4,2.298,316.0,3.134,3.29,1854.5,7.41,5649.34,50250.0,-44600.66,29.5,19.5
1127,2024,Rabi,Barley,Assam,Small,2.02,Black,,High-Yield Variety,Rainfed,153.1,20.9,64.7,120.9,2.71,170.0,1.96,223.0,3.332,6.73,1902.7,11.23,11366.27,81081.73,-69715.46,19.1,19.7
1128,2023,Kharif,Maize,West Bengal,Medium,1.69,Black,6.43,High-Yield Variety,Canal,712.2,25.2,78.3,91.7,3.58,529.1,1.2,352.0,6.35,10.73,1858.0,7.48,18445.45,92328.89,-73883.44,22.5,13.9
1129,2023,Rabi,Barley,Chhattisgarh,Medium,4.92,Black,6.62,Traditional,Borewell,292.0,20.1,63.3,,2.32,317.3,1.146,347.0,3.636,17.89,2243.8,8.55,36711.38,212576.92,-175865.54,34.4,32.8
1130,2023,Rabi,Wheat,Bihar,Medium,1.34,Black,7.25,Traditional,Borewell,129.1,23.0,63.8,112.1,2.73,357.0,1.364,309.0,4.869,6.52,2100.8,4.41,13092.35,67045.97,-53953.62,34.6,34.8
1131,2021,Rabi,Barley,Chhattisgarh,Small,1.57,Alluvial,6.19,High-Yield Variety,Rainfed,222.4,19.8,47.8,49.1,4.01,236.3,1.152,401.0,2.723,4.28,2073.3,8.65,8105.97,84024.9,-75918.93,26.5,25.2
1132,2021,Kharif,Wheat,Chhattisgarh,Small,1.19,Alluvial,6.65,High-Yield Variety,Canal,822.7,32.4,74.2,105.7,4.09,525.6,1.074,194.0,5.647,6.72,1767.8,4.74,11316.93,63717.61,-52400.68,55.8,59.6
1133,2022,Kharif,Groundnut,Bihar,Small,1.09,Black,7.32,High-Yield Variety,Canal,810.2,29.1,80.6,95.4,3.8,559.5,0.84,294.0,4.703,5.13,1817.6,8.87,8497.28,54709.74,-46212.46,49.5,40.2
1134,2022,Rabi,Barley,Punjab,Small,3.15,Sandy,5.99,High-Yield Variety,Sprinkler,149.0,20.2,57.8,119.8,4.35,216.6,1.762,189.0,3.816,12.02,,9.75,22546.16,138995.79,-116449.63,14.1,9.3
1135,2021,Rabi,Maize,Uttar Pradesh,Medium,3.65,Loamy,5.38,High-Yield Variety,Sprinkler,177.9,22.6,54.4,132.1,4.09,203.3,2.738,342.0,5.566,20.32,2226.5,9.91,40757.9,156832.67,-116074.77,32.1,26.1
1136,2023,Kharif,Wheat,West Bengal,Medium,3.66,Black,7.22,High-Yield Variety,Drip,803.6,30.3,79.0,118.7,3.62,364.7,1.802,179.0,6.57,24.04,1966.0,2.52,46073.44,173023.34,-126949.9,37.7,30.6
1137,2022,Kharif,Sugarcane,Jharkhand,Medium,2.77,Black,6.85,High-Yield Variety,Rainfed,889.9,27.6,95.0,116.8,4.24,320.8,8.762,348.0,28.109,77.86,1962.0,5.02,145086.95,139108.68,5978.27,36.4,32.3
1138,2022,Kharif,Sugarcane,Uttar Pradesh,Medium,3.1,Sandy,7.14,Traditional,Borewell,732.2,26.5,68.9,125.2,2.93,482.3,7.156,281.0,34.514,106.99,1823.6,4.98,185385.12,151973.68,33411.44,32.3,24.9
1139,2022,Kharif,Groundnut,Uttar Pradesh,Medium,4.59,Clay,5.99,High-Yield Variety,Drip,924.9,29.2,86.1,160.7,4.44,360.8,1.201,451.0,4.332,19.89,1844.4,4.99,34852.88,223619.39,-188766.51,35.4,27.4
1140,2024,Kharif,Wheat,Odisha,Small,1.53,Sandy,7.81,High-Yield Variety,Canal,764.6,30.5,79.2,131.7,4.0,535.7,1.083,313.0,5.802,8.88,1730.0,9.17,13953.31,83134.31,-69181.0,31.2,23.9
1141,2024,Kharif,Rice,Chhattisgarh,Medium,1.29,Alluvial,7.14,Traditional,Drip,771.5,26.1,81.6,125.7,3.33,363.3,1.952,365.0,7.091,9.15,1859.5,7.42,15752.57,67341.54,-51588.97,41.3,38.2
1142,2022,Kharif,Sugarcane,Jharkhand,Medium,5.08,Clay,7.43,High-Yield Variety,Canal,757.8,29.2,80.6,129.9,4.83,538.6,6.745,316.0,36.333,184.57,1853.3,3.29,330795.45,246092.97,84702.48,40.6,28.5
1143,2023,Kharif,Soybean,Assam,Medium,0.82,Sandy,6.21,Traditional,Canal,698.9,28.4,78.3,65.6,4.66,423.9,0.97,256.0,4.111,3.37,2054.3,9.46,6268.04,40697.04,-34429.0,38.7,41.9
1144,2023,Kharif,Maize,West Bengal,Large,5.19,Loamy,6.59,Traditional,Rainfed,819.7,29.4,74.1,128.6,4.85,283.3,1.733,346.0,4.91,25.48,1953.8,9.9,44854.06,250631.23,-205777.17,40.4,33.0
1145,2022,Zaid,Sugarcane,Bihar,Medium,1.8,Alluvial,6.55,Traditional,Rainfed,92.1,34.5,45.8,71.3,2.98,148.9,12.648,438.0,18.833,33.9,1937.6,3.98,63070.47,77661.19,-14590.72,30.1,26.3
1146,2021,Kharif,Groundnut,Bihar,Medium,1.99,Loamy,5.87,High-Yield Variety,Drip,886.7,26.4,71.8,176.6,4.05,365.8,1.191,334.0,4.356,8.67,1905.2,9.66,14921.86,98152.42,-83230.56,24.7,18.4
1147,2023,Rabi,Wheat,West Bengal,Small,1.62,Sandy,7.32,High-Yield Variety,Rainfed,267.9,20.4,60.3,66.5,3.51,198.3,1.961,349.0,3.888,6.3,2275.6,4.46,13696.4,81380.25,-67683.85,10.0,9.3
1148,2024,Kharif,Maize,West Bengal,Small,2.81,Clay,6.8,High-Yield Variety,Borewell,762.9,28.9,73.8,112.6,2.11,604.3,1.087,222.0,6.569,18.46,1845.3,2.49,33215.97,143927.15,-110711.18,25.4,23.0
1149,2022,Kharif,Maize,Assam,Large,2.24,Sandy,5.85,High-Yield Variety,Rainfed,719.3,27.3,83.9,132.7,3.57,281.0,1.719,403.0,4.829,10.82,2177.1,8.39,21580.11,118006.55,-96426.44,45.7,41.7
1150,2023,Rabi,Rice,Bihar,Small,2.45,Sandy,6.11,High-Yield Variety,Borewell,236.7,23.9,49.8,89.6,4.45,372.0,1.269,341.0,4.721,11.57,1810.7,9.23,19015.89,114778.2,-95762.31,20.8,13.0
1151,2023,Kharif,Maize,Jharkhand,Medium,2.7,Sandy,6.43,High-Yield Variety,Drip,797.4,30.4,71.4,106.3,3.33,388.1,1.774,403.0,6.884,18.59,1940.4,9.12,32781.89,141860.34,-109078.45,59.4,64.6
1152,2022,Rabi,Mustard,Chhattisgarh,Medium,3.87,Black,7.14,High-Yield Variety,Borewell,152.9,18.2,59.5,154.2,3.5,311.5,0.92,201.0,2.867,11.09,1796.4,6.43,18640.93,166304.74,-147663.81,19.3,19.3
1153,2022,Zaid,Soybean,Bihar,Medium,2.24,Loamy,6.59,High-Yield Variety,Canal,80.9,33.6,48.2,100.9,2.65,298.4,0.937,327.0,2.796,6.26,1430.0,0.5,8907.21,99917.86,-91010.65,35.7,26.7
1154,2021,Zaid,Soybean,Assam,Small,1.17,Loamy,6.3,Traditional,Canal,20.3,37.3,44.8,115.7,2.49,159.8,1.566,220.0,2.502,2.93,1495.9,6.26,4108.57,47897.45,-43788.88,38.7,30.5
1155,2024,Kharif,Mustard,Assam,Medium,4.96,Loamy,6.21,High-Yield Variety,Rainfed,724.4,29.0,78.1,135.3,2.38,268.2,0.873,309.0,2.342,11.62,2014.5,8.91,21321.94,240856.78,-219534.84,20.2,12.9
1156,2021,Kharif,Wheat,Punjab,Large,1.48,Sandy,6.86,High-Yield Variety,Rainfed,769.8,28.6,78.3,135.1,3.88,319.3,1.354,309.0,4.324,6.4,2014.1,9.19,11705.24,77270.97,-65565.73,35.0,22.2
1157,2024,Kharif,Soybean,Uttar Pradesh,Small,1.98,Loamy,6.35,Traditional,Canal,802.5,29.4,75.9,186.8,3.83,511.5,0.708,332.0,3.62,7.17,1678.1,7.1,11177.49,105492.75,-94315.26,37.3,25.6
1158,2024,Kharif,Wheat,Assam,Medium,1.03,Sandy,6.83,Traditional,Drip,690.2,28.7,76.2,92.5,2.46,296.9,1.875,399.0,5.567,5.73,1611.0,4.99,8770.82,55643.54,-46872.72,40.9,36.2
1159,2023,Rabi,Mustard,Punjab,Large,1.49,Clay,7.62,Traditional,Borewell,162.4,21.4,57.7,118.3,1.48,333.0,1.029,291.0,3.428,5.11,1969.4,8.76,9181.68,67032.24,-57850.56,28.6,22.8
1160,2022,Kharif,Soybean,Uttar Pradesh,Medium,1.75,Loamy,6.69,High-Yield Variety,Drip,857.7,28.1,85.7,149.1,2.57,389.9,1.17,259.0,4.563,7.99,1882.6,7.18,13961.5,89260.29,-75298.79,31.7,28.3
1161,2024,Kharif,Soybean,Chhattisgarh,Small,1.12,Sandy,7.06,Traditional,Borewell,817.6,30.8,74.2,165.5,4.34,557.6,0.804,296.0,4.484,5.02,1907.7,7.99,8811.32,59833.79,-51022.47,41.6,45.7
1162,2024,Rabi,Rice,Bihar,Large,4.95,Clay,6.65,Traditional,Drip,142.7,21.0,63.3,123.9,2.56,192.4,2.896,239.0,5.571,27.58,2161.0,7.51,55123.75,208717.94,-153594.19,23.1,25.2
1163,2022,Rabi,Mustard,Bihar,Large,1.8,Alluvial,7.38,High-Yield Variety,Rainfed,168.6,19.3,60.4,117.9,1.39,151.9,1.564,405.0,2.376,4.28,1745.6,7.78,6889.81,83338.85,-76449.04,21.3,21.2
1164,2022,Rabi,Sugarcane,Odisha,Medium,1.87,Black,6.03,Traditional,Borewell,342.7,19.9,45.3,145.3,3.14,411.5,7.258,254.0,29.864,55.85,2007.8,5.33,106155.97,85946.48,20209.49,28.3,30.9
1165,2024,Kharif,Rice,Punjab,Large,2.08,Clay,7.35,High-Yield Variety,Rainfed,781.0,26.7,84.8,94.3,2.38,314.6,1.676,404.0,5.273,10.97,1803.5,8.12,18177.05,103461.63,-85284.58,46.8,50.8
1166,2023,Rabi,Barley,Assam,Medium,3.17,Black,6.6,High-Yield Variety,Sprinkler,198.4,21.5,60.6,118.5,1.4,345.7,1.383,319.0,4.781,15.15,2345.2,7.46,32880.44,139899.12,-107018.68,22.6,19.5
1167,2022,Kharif,Wheat,Jharkhand,Medium,4.62,Alluvial,6.13,High-Yield Variety,Canal,860.9,27.7,80.2,127.4,5.33,544.9,0.94,279.0,5.122,23.66,1924.8,6.39,42631.44,231539.54,-188908.1,41.1,42.4
1168,2023,Rabi,Sugarcane,Jharkhand,Small,1.72,Black,6.65,Traditional,Canal,138.1,27.4,52.9,76.2,3.99,252.1,12.807,300.0,32.286,55.53,2196.5,6.25,114343.96,79513.69,34830.27,22.3,22.3
1169,2024,Kharif,Soybean,Bihar,Medium,3.58,Sandy,5.86,Traditional,Rainfed,789.9,28.0,75.1,145.2,4.08,297.1,1.208,369.0,3.59,12.85,1979.1,5.42,24053.22,176518.21,-152464.99,45.1,33.1
1170,2021,Kharif,Barley,Assam,Medium,0.77,Black,7.38,Traditional,Drip,741.5,33.1,79.3,139.2,3.31,341.5,1.75,276.0,5.975,4.6,1819.6,0.55,8323.98,48322.02,-39998.04,41.1,38.5
1171,2022,Rabi,Maize,Jharkhand,Small,4.19,Black,7.17,Traditional,Borewell,228.6,23.0,65.8,123.4,4.03,405.7,1.472,251.0,5.972,25.02,2337.5,8.55,53486.72,188116.98,-134630.26,13.1,8.8
1172,2024,Rabi,Barley,Chhattisgarh,Small,1.69,Alluvial,6.94,High-Yield Variety,Canal,240.7,19.6,59.0,172.8,3.28,328.9,1.404,317.0,4.617,7.8,2088.1,12.66,14224.73,90399.1,-76174.37,17.6,14.6
1173,2021,Kharif,Sugarcane,Punjab,Medium,1.21,Loamy,6.87,High-Yield Variety,Canal,810.2,29.5,92.4,152.2,2.8,571.9,6.345,276.0,36.29,43.91,1911.3,7.06,78002.04,64714.21,13287.83,31.5,32.3
1174,2023,Zaid,Barley,Chhattisgarh,Medium,4.13,Sandy,6.68,High-Yield Variety,Rainfed,131.6,33.2,51.6,128.2,4.25,164.6,1.66,277.0,2.731,11.28,1579.1,5.94,16754.62,168680.91,-151926.29,24.8,25.8
1175,2024,Rabi,Mustard,Chhattisgarh,Large,4.02,Black,6.05,Traditional,Canal,215.7,20.0,52.2,142.3,3.03,301.1,0.832,317.0,2.505,10.07,1978.7,6.21,18688.04,178976.21,-160288.17,28.0,24.1
1176,2023,Rabi,Mustard,West Bengal,Large,2.14,Loamy,7.25,Traditional,Rainfed,,20.9,61.2,151.9,3.68,227.4,1.145,304.0,2.603,5.57,2016.5,4.58,10717.9,100537.58,-89819.68,6.1,5.1
1177,2023,Kharif,Sugarcane,Bihar,Medium,1.08,Loamy,5.3,High-Yield Variety,Sprinkler,808.3,31.9,77.3,79.0,3.62,453.3,8.099,411.0,36.717,39.65,1732.5,8.62,62775.66,65938.41,-3162.75,42.2,27.0
1178,2022,Rabi,Mustard,Jharkhand,Small,1.51,Alluvial,6.65,Traditional,Borewell,164.9,21.8,58.5,144.1,4.12,377.8,0.82,429.0,3.099,4.68,2156.9,7.38,9349.05,74602.88,-65253.83,34.6,27.9
1179,2021,Kharif,Maize,Odisha,Small,1.95,Clay,7.53,High-Yield Variety,Rainfed,758.8,32.0,79.1,178.8,4.21,277.6,1.942,300.0,5.391,10.51,1844.4,7.82,17869.08,101907.21,-84038.13,26.6,28.9
1180,2024,Kharif,Sugarcane,Assam,Small,3.48,Black,7.31,Traditional,Drip,872.6,26.1,86.2,127.2,5.78,320.6,12.618,326.0,40.453,140.78,2009.7,5.04,268658.29,170109.23,98549.06,34.2,32.1
1181,2024,Rabi,Maize,Jharkhand,Small,1.88,Sandy,5.74,High-Yield Variety,Borewell,145.3,20.0,56.9,114.8,4.5,430.9,1.114,271.0,4.799,9.02,1982.8,7.77,16495.61,83134.12,-66638.51,14.7,8.8
1182,2024,Rabi,Maize,Jharkhand,Medium,1.41,Clay,5.71,High-Yield Variety,Borewell,257.2,18.6,61.1,91.6,2.99,322.6,1.581,365.0,5.1,7.19,2157.2,10.25,13920.24,69385.83,-55465.59,5.0,4.4
1183,2023,Zaid,Wheat,Chhattisgarh,Medium,1.49,Clay,6.98,Traditional,Borewell,,35.3,45.0,117.0,2.31,373.3,1.016,227.0,3.792,5.65,1894.9,1.75,10519.47,63257.95,-52738.48,34.9,35.8
1184,2023,Rabi,Wheat,Uttar Pradesh,Medium,1.1,Black,7.67,High-Yield Variety,Rainfed,225.6,19.6,48.7,93.2,2.84,175.5,2.092,313.0,3.671,4.04,1901.9,0.87,7617.3,57591.68,-49974.38,23.6,21.5
1185,2023,Rabi,Soybean,Chhattisgarh,Large,6.0,Black,6.38,High-Yield Variety,Sprinkler,264.5,20.3,72.2,108.8,3.97,290.2,1.215,125.0,3.526,21.15,2231.3,5.85,44433.65,259016.95,-214583.3,21.2,13.0
1186,2022,Rabi,Groundnut,Chhattisgarh,Small,3.19,Loamy,6.74,Traditional,Drip,319.8,24.9,63.6,117.2,4.01,262.6,1.551,283.0,4.073,12.99,2339.1,10.09,27319.19,137099.07,-109779.88,5.4,3.7
1187,2022,Kharif,Mustard,Odisha,Small,3.57,Loamy,7.47,High-Yield Variety,Canal,741.3,30.6,85.2,115.8,2.44,563.2,0.476,295.0,2.678,9.56,1828.8,9.28,15861.57,173118.36,-157256.79,37.6,34.3
1188,2024,Rabi,Mustard,Punjab,Large,1.62,Black,6.16,High-Yield Variety,Drip,130.7,20.4,64.4,181.9,3.5,230.8,1.581,266.0,3.648,5.91,2107.7,8.85,11354.34,74831.26,-63476.92,24.0,24.2
1189,2021,Rabi,Wheat,Jharkhand,Medium,3.73,Sandy,6.36,Traditional,Drip,236.6,19.9,49.6,148.9,4.46,216.0,2.3,209.0,4.97,18.54,1836.4,7.3,31562.55,164054.56,-132492.01,28.3,23.6
1190,2022,Kharif,Soybean,Jharkhand,Small,2.06,Sandy,7.24,High-Yield Variety,Drip,823.7,29.6,74.0,129.0,3.38,363.6,1.354,391.0,4.924,10.14,1943.1,4.96,18726.23,113824.61,-95098.38,45.6,32.4
1191,2024,Rabi,Maize,West Bengal,Small,0.89,Alluvial,6.01,High-Yield Variety,Sprinkler,183.5,19.6,65.8,80.0,4.94,181.1,2.705,246.0,4.9,4.36,2021.5,7.45,8157.16,46608.28,-38451.12,20.0,19.0
1192,2023,Rabi,Sugarcane,Bihar,Small,2.2,Loamy,5.21,High-Yield Variety,Drip,128.1,21.9,58.2,114.7,4.06,215.3,16.455,320.0,35.432,77.95,2102.5,8.32,150244.69,101626.97,48617.72,18.4,11.2
1193,2024,Rabi,Maize,Uttar Pradesh,Medium,1.5,Loamy,5.93,High-Yield Variety,Rainfed,244.5,23.8,63.0,151.8,1.63,175.0,2.139,252.0,3.743,5.61,2094.5,6.93,10935.75,71146.26,-60210.51,12.6,13.3
1194,2024,Kharif,Soybean,Jharkhand,Small,1.84,Clay,5.69,High-Yield Variety,Drip,727.7,30.6,76.5,128.8,2.69,328.9,1.517,323.0,4.99,9.18,1930.2,9.84,15975.54,94032.21,-78056.67,43.5,39.6
1195,2023,Rabi,Rice,Punjab,Medium,1.65,Loamy,6.71,High-Yield Variety,Sprinkler,,17.0,56.0,175.5,3.97,213.4,2.519,452.0,5.375,8.87,2007.3,5.19,16880.18,82951.47,-66071.29,22.9,23.1
1196,2024,Kharif,Mustard,Odisha,Large,0.92,Alluvial,6.31,High-Yield Variety,Drip,796.3,27.3,73.3,112.0,5.04,359.5,0.826,282.0,2.971,2.73,1848.7,3.0,4895.33,58839.13,-53943.8,43.9,44.5
1197,2024,Rabi,Rice,Uttar Pradesh,Small,2.84,Alluvial,7.2,High-Yield Variety,Borewell,250.8,21.2,55.5,108.8,3.08,307.8,1.613,340.0,4.964,14.1,,6.19,28393.87,123497.44,-95103.57,9.2,8.7
1198,2023,Zaid,Sugarcane,Uttar Pradesh,Small,1.32,Alluvial,,Traditional,Drip,106.3,32.8,40.1,103.9,5.34,181.6,14.971,382.0,27.186,35.89,,6.07,64800.48,67040.46,-2239.98,32.4,20.3
1199,2024,Rabi,Soybean,Chhattisgarh,Medium,1.95,Clay,7.73,High-Yield Variety,Canal,,22.9,58.6,134.4,2.26,303.8,1.282,263.0,3.894,7.59,1859.0,6.42,13203.79,83807.94,-70604.15,29.8,18.3
1200,2024,Kharif,Groundnut,Odisha,Medium,1.54,Sandy,6.34,High-Yield Variety,Sprinkler,754.2,29.1,77.0,77.3,4.36,379.9,1.08,371.0,4.102,6.32,1553.2,10.21,8813.62,81698.79,-72885.17,40.4,24.7
1201,2022,Kharif,Barley,Bihar,Medium,1.69,Black,6.48,Traditional,Rainfed,770.6,28.6,80.6,96.8,3.21,299.5,1.321,349.0,3.956,6.69,1751.5,7.0,10896.93,87416.73,-76519.8,48.1,40.6
1202,2023,Rabi,Sugarcane,Odisha,Medium,2.9,Alluvial,6.53,High-Yield Variety,Canal,240.5,20.7,48.4,162.4,2.52,383.9,8.131,403.0,31.212,90.52,2152.3,8.58,178107.64,138221.25,39886.39,27.1,16.8
1203,2022,Kharif,Barley,Punjab,Small,2.28,Loamy,5.41,High-Yield Variety,Sprinkler,744.9,29.6,75.3,,1.68,372.9,1.363,196.0,5.083,11.59,1658.4,10.85,17135.64,112572.59,-95436.95,58.5,61.5
1204,2022,Rabi,Soybean,Bihar,Large,1.8,Clay,6.36,Traditional,Sprinkler,193.0,20.7,65.2,134.8,2.57,317.2,1.116,445.0,3.54,6.37,2031.0,12.86,11273.84,83633.37,-72359.53,34.4,26.7
1205,2024,Rabi,Maize,Odisha,Medium,1.54,Sandy,6.42,Traditional,Borewell,128.9,20.0,52.8,115.6,3.9,315.5,1.628,289.0,5.136,7.91,1940.6,14.15,13178.83,76162.41,-62983.58,23.1,21.1
1206,2024,Kharif,Wheat,Uttar Pradesh,Small,1.79,Clay,6.19,High-Yield Variety,Drip,765.0,26.2,73.3,116.6,4.76,362.5,1.667,286.0,6.044,10.82,1656.7,6.72,16721.35,94473.48,-77752.13,44.9,45.3
1207,2023,Kharif,Sugarcane,Bihar,Small,1.81,Loamy,7.17,High-Yield Variety,Sprinkler,645.2,30.7,81.4,178.2,3.34,340.5,10.92,334.0,37.179,67.29,1940.2,8.98,118833.64,93906.39,24927.25,35.4,28.3
1208,2022,Kharif,Sugarcane,Odisha,Medium,3.01,Loamy,6.86,High-Yield Variety,Canal,887.8,29.0,85.7,96.9,7.89,526.4,6.84,373.0,36.008,108.39,2107.5,6.32,213984.76,156260.11,57724.65,35.0,33.1
1209,2021,Kharif,Maize,West Bengal,Small,3.18,Loamy,7.03,High-Yield Variety,Borewell,785.5,23.0,79.0,143.2,4.77,612.2,0.954,319.0,5.844,18.58,2091.8,10.84,34652.81,157361.24,-122708.43,29.5,32.0
1210,2023,Rabi,Mustard,Jharkhand,Small,3.11,Clay,7.49,High-Yield Variety,Sprinkler,224.4,24.1,54.0,127.9,3.61,265.7,1.072,258.0,2.849,8.86,2126.0,6.7,17575.14,138194.12,-120618.98,14.1,14.0
1211,2023,Rabi,Maize,Uttar Pradesh,Medium,1.81,Loamy,5.7,High-Yield Variety,Rainfed,,25.3,52.7,121.2,0.1,157.0,2.786,327.0,4.373,7.91,1861.2,7.04,13685.41,83108.47,-69423.06,17.6,14.2
1212,2022,Zaid,Mustard,Odisha,Small,0.67,Loamy,6.7,High-Yield Variety,Canal,123.6,31.8,51.6,104.1,2.25,287.5,0.717,359.0,2.062,1.38,2036.8,1.97,2755.61,36666.07,-33910.46,28.5,27.4
1213,2021,Kharif,Barley,Chhattisgarh,Medium,2.85,Clay,6.27,Traditional,Canal,817.2,28.1,66.5,122.8,2.72,584.7,0.98,313.0,5.729,16.33,1947.5,3.78,30598.64,149590.01,-118991.37,36.8,35.7
1214,2021,Kharif,Soybean,Assam,Small,1.79,Clay,6.14,High-Yield Variety,Borewell,819.1,33.9,80.9,114.5,2.74,647.0,0.625,306.0,4.043,7.24,1803.4,2.31,12755.3,90581.85,-77826.55,35.4,37.2
1215,2024,Zaid,Sugarcane,Chhattisgarh,Large,1.79,Clay,6.68,High-Yield Variety,Canal,133.1,35.5,37.1,117.5,3.58,383.7,6.444,179.0,24.726,44.26,1846.7,5.24,77454.72,77243.31,211.41,25.3,22.5
1216,2022,Rabi,Wheat,Chhattisgarh,Large,0.86,Alluvial,5.87,Traditional,Sprinkler,132.5,22.2,57.0,131.1,4.34,210.2,2.322,186.0,4.88,4.2,1899.0,5.99,7498.49,42919.68,-35421.19,16.8,17.5
1217,2024,Kharif,Soybean,West Bengal,Medium,2.39,Sandy,,High-Yield Variety,Sprinkler,845.7,31.1,76.2,139.4,3.21,434.3,0.954,329.0,4.145,9.91,1939.6,6.05,18058.71,120709.22,-102650.51,43.3,41.8
1218,2024,Rabi,Mustard,Assam,Small,1.82,Loamy,5.9,High-Yield Variety,Drip,226.2,21.4,56.1,91.3,2.67,191.2,1.576,298.0,3.014,5.49,1781.6,9.87,8815.38,78664.57,-69849.19,19.6,19.8
1219,2021,Zaid,Maize,Chhattisgarh,Medium,1.86,Clay,7.13,High-Yield Variety,Borewell,64.7,36.8,49.5,92.4,3.04,334.6,1.345,367.0,4.502,8.37,1586.3,7.22,12318.08,82784.3,-70466.22,31.0,27.1
1220,2021,Zaid,Wheat,Jharkhand,Medium,1.83,Loamy,6.51,High-Yield Variety,Sprinkler,5.0,33.0,34.9,98.0,2.98,186.3,1.973,381.0,3.676,6.73,1632.4,8.45,10057.32,82747.76,-72690.44,30.1,32.4
1221,2022,Zaid,Wheat,Uttar Pradesh,Medium,4.13,Black,5.92,High-Yield Variety,Canal,110.1,31.3,48.2,130.6,3.19,341.1,0.797,200.0,2.72,11.23,1523.8,7.98,15746.99,168021.9,-152274.91,27.6,24.8
1222,2021,Zaid,Mustard,West Bengal,Medium,2.55,Black,5.68,Traditional,Canal,222.6,34.8,46.8,165.3,2.7,311.1,0.879,365.0,2.735,6.98,2057.3,3.42,13868.48,105747.9,-91879.42,29.1,25.6
1223,2023,Rabi,Sugarcane,Jharkhand,Small,3.09,Sandy,5.91,High-Yield Variety,Borewell,260.2,19.2,57.3,63.7,4.8,414.3,7.204,207.0,29.848,92.23,2170.9,10.86,178485.27,134043.76,44441.51,21.6,14.2
1224,2023,Kharif,Sugarcane,Jharkhand,Small,5.05,Clay,6.92,High-Yield Variety,Canal,676.6,30.4,82.2,162.3,3.82,536.8,6.778,345.0,36.387,183.75,1651.5,9.92,273356.04,250407.53,22948.51,44.9,46.7
1225,2021,Kharif,Rice,Uttar Pradesh,Small,1.34,Black,6.55,High-Yield Variety,Borewell,677.1,29.1,74.4,,2.96,615.9,0.928,281.0,5.716,7.66,1731.8,8.61,12122.99,77549.87,-65426.88,34.4,32.5
1226,2022,Zaid,Maize,Chhattisgarh,Medium,1.94,Black,6.13,High-Yield Variety,Canal,61.6,32.2,41.2,183.6,1.83,293.3,1.4,424.0,4.105,7.96,1637.5,4.46,12452.97,89655.47,-77202.5,22.8,24.2
1227,2022,Kharif,Groundnut,Uttar Pradesh,Large,2.33,Clay,6.99,High-Yield Variety,Borewell,774.6,29.0,76.0,149.2,4.27,475.5,0.905,282.0,4.301,10.02,2091.4,8.85,19101.94,123684.63,-104582.69,37.5,30.0
1228,2024,Rabi,Mustard,Punjab,Medium,2.19,Black,6.54,High-Yield Variety,Canal,200.6,19.1,62.8,126.9,3.35,269.2,1.312,377.0,3.533,7.74,1765.8,6.73,12747.92,103039.37,-90291.45,22.3,23.3
1229,2021,Rabi,Rice,Bihar,Small,2.75,Sandy,6.34,High-Yield Variety,Canal,232.9,21.2,60.3,132.9,3.7,405.5,1.273,182.0,5.163,14.2,2079.5,6.28,27675.66,121368.26,-93692.6,11.8,7.5
1230,2022,Zaid,Wheat,Chhattisgarh,Small,2.14,Black,6.41,Traditional,Drip,84.9,35.3,31.8,91.4,2.89,186.5,2.211,274.0,4.123,8.82,,8.51,13325.41,99874.09,-86548.68,40.4,27.9
1231,2022,Zaid,Maize,West Bengal,Small,2.25,Sandy,6.64,High-Yield Variety,Rainfed,187.1,30.7,40.4,104.8,5.33,214.9,1.692,242.0,3.635,8.18,1748.2,3.21,13841.18,84083.77,-70242.59,38.5,41.8
1232,2023,Kharif,Groundnut,Assam,Medium,1.89,Alluvial,6.81,High-Yield Variety,Borewell,751.7,27.9,94.0,170.0,3.74,524.3,0.763,282.0,3.999,7.56,1889.0,4.17,13685.51,101610.14,-87924.63,36.8,31.1
1233,2023,Kharif,Barley,Bihar,Large,1.31,Clay,6.51,High-Yield Variety,Borewell,743.0,27.6,72.9,108.2,3.29,526.6,0.971,200.0,5.111,6.7,1761.5,6.78,11001.68,64238.47,-53236.79,44.0,33.7
1234,2023,Zaid,Sugarcane,Jharkhand,Small,1.9,Alluvial,6.14,High-Yield Variety,Drip,101.2,36.9,47.0,62.8,4.48,233.0,11.841,304.0,27.592,52.42,1561.0,7.39,75782.4,85095.69,-9313.29,26.6,22.4
1235,2021,Kharif,Groundnut,Punjab,Small,3.69,Alluvial,7.56,Traditional,Sprinkler,797.6,31.1,69.6,180.4,4.11,405.8,1.068,341.0,,16.0,1629.3,7.36,24148.57,180257.23,-156108.66,32.1,23.8
1236,2023,Kharif,Barley,Jharkhand,Medium,2.74,Black,7.06,High-Yield Variety,Drip,687.6,24.2,79.0,142.1,4.54,355.1,1.383,272.0,4.911,13.46,2044.3,7.46,25464.94,139171.79,-113706.85,40.9,35.8
1237,2024,Kharif,Soybean,West Bengal,Small,1.58,Black,6.83,High-Yield Variety,,,24.5,76.4,139.3,4.8,335.1,1.524,378.0,5.106,8.07,1871.9,10.23,13561.13,91088.89,-77527.76,41.8,44.4
1238,2024,Kharif,Soybean,Assam,Small,2.11,Black,6.12,High-Yield Variety,Borewell,778.3,26.8,58.5,156.8,4.64,608.0,0.673,297.0,,8.63,1891.6,6.69,15231.73,108058.78,-92827.05,41.4,44.9
1239,2024,Kharif,Mustard,Punjab,Large,2.46,Clay,6.32,High-Yield Variety,Drip,761.3,28.0,83.6,71.8,4.71,379.6,1.032,221.0,3.918,9.64,1932.3,11.01,16576.13,124312.57,-107736.44,43.9,30.1
1240,2023,Rabi,Mustard,Odisha,Small,1.59,Sandy,7.3,High-Yield Variety,Borewell,225.7,21.4,52.1,89.4,3.41,349.3,0.924,361.0,3.227,5.13,1978.0,2.22,9922.28,72056.3,-62134.02,24.6,20.0
1241,2023,Zaid,Rice,Odisha,Small,2.93,Loamy,6.91,High-Yield Variety,Borewell,87.5,33.0,43.5,111.4,1.53,282.5,1.341,322.0,3.788,11.1,2003.0,7.03,20671.34,124272.63,-103601.29,32.6,26.8
1242,2022,Rabi,Rice,Punjab,Small,2.52,Clay,5.71,High-Yield Variety,Borewell,209.2,23.4,61.9,105.3,3.2,316.0,1.688,483.0,5.334,13.44,2104.7,5.68,26681.21,114783.86,-88102.65,28.1,24.3
1243,2023,Rabi,Soybean,Assam,Medium,3.46,Alluvial,6.73,Traditional,Borewell,189.1,20.7,55.6,137.6,3.81,320.8,1.225,399.0,3.93,13.6,2220.0,10.37,27059.88,163211.77,-136151.89,19.6,21.4
1244,2022,Rabi,Groundnut,Chhattisgarh,Small,3.01,Clay,6.07,High-Yield Variety,Canal,146.6,20.2,56.9,103.5,5.55,319.8,1.115,257.0,3.567,10.74,2036.4,6.65,20417.0,123218.84,-102801.84,16.5,12.3
1245,2021,Kharif,Wheat,Punjab,Medium,0.53,Alluvial,6.91,High-Yield Variety,Canal,823.2,28.7,70.3,149.8,2.43,456.7,1.196,243.0,5.464,2.9,1977.6,7.41,5310.03,31676.13,-26366.1,29.7,24.5
1246,2023,Kharif,Soybean,Odisha,Medium,3.31,Alluvial,7.07,Traditional,Rainfed,783.3,29.2,71.7,163.2,4.98,254.2,1.467,323.0,3.731,12.35,2042.7,6.97,23469.59,161632.6,-138163.01,30.6,24.4
1247,2021,Kharif,Sugarcane,Odisha,Medium,4.92,Loamy,5.66,Traditional,Borewell,670.1,28.7,74.3,102.0,3.8,568.8,6.053,330.0,34.432,169.4,1715.9,4.34,278075.19,241890.1,36185.09,40.3,27.9
1248,2021,Zaid,Sugarcane,Odisha,Small,2.16,Clay,6.76,High-Yield Variety,Canal,110.0,33.3,33.9,105.5,4.7,303.1,8.188,307.0,24.817,53.6,1736.1,8.0,85608.44,95925.36,-10316.92,30.5,22.7
1249,2023,Rabi,Rice,West Bengal,Medium,2.61,Clay,6.31,Traditional,Rainfed,145.4,20.5,58.9,98.4,2.49,163.2,2.608,279.0,4.256,11.11,1838.2,3.12,19785.83,113674.9,-93889.07,21.8,14.9
1250,2023,Rabi,Wheat,Chhattisgarh,Small,2.25,Loamy,7.22,High-Yield Variety,Sprinkler,146.5,21.6,61.6,88.7,2.74,198.6,2.935,324.0,5.829,13.11,2260.8,6.97,27572.89,103137.63,-75564.74,19.9,12.8
1251,2021,Kharif,Barley,Odisha,Small,1.87,Sandy,6.35,High-Yield Variety,Canal,754.4,27.6,83.7,136.2,5.18,517.7,0.942,258.0,4.875,9.12,2066.5,5.11,17883.62,101709.97,-83826.35,39.1,33.4
1252,2022,Zaid,Wheat,Punjab,Medium,2.09,Sandy,6.28,High-Yield Variety,Sprinkler,5.0,31.1,47.5,157.1,4.0,279.6,1.498,192.0,4.188,8.75,1408.6,2.66,11997.38,96734.08,-84736.7,35.4,24.4
1253,2024,Rabi,Barley,Bihar,Small,0.89,Black,6.69,High-Yield Variety,Borewell,271.9,16.0,59.5,135.2,2.69,382.0,1.088,306.0,4.155,3.7,2192.8,7.08,7539.1,50243.67,-42704.57,17.6,16.4
1254,2023,Kharif,Soybean,Uttar Pradesh,Medium,4.26,Sandy,6.91,High-Yield Variety,Canal,778.7,26.5,80.7,82.8,3.89,526.3,0.821,174.0,4.32,18.4,1972.5,6.3,34007.43,210052.81,-176045.38,43.6,39.0
1255,2022,Kharif,Soybean,West Bengal,Small,1.14,Alluvial,7.01,Traditional,Canal,816.7,27.9,69.2,141.5,2.39,503.8,0.831,246.0,4.187,4.77,1736.0,11.67,7313.87,62544.91,-55231.04,48.0,31.5
1256,2022,Kharif,Rice,Chhattisgarh,Medium,3.77,Sandy,6.76,High-Yield Variety,Rainfed,774.6,27.6,78.3,200.6,3.13,275.8,1.747,423.0,4.819,18.17,1675.2,8.61,27818.87,183790.25,-155971.38,39.2,30.0
1257,2024,Rabi,Rice,Odisha,Medium,2.68,Black,5.99,High-Yield Variety,Sprinkler,230.8,23.6,54.9,92.1,3.58,300.1,1.62,398.0,4.862,13.03,2007.1,4.47,24984.85,120238.64,-95253.79,25.9,23.3
1258,2021,Rabi,Wheat,Odisha,Small,1.25,Black,6.77,High-Yield Variety,Sprinkler,108.6,19.2,62.0,155.8,2.85,218.6,2.341,138.0,5.118,6.4,1824.5,6.61,10905.12,57042.33,-46137.21,25.9,17.4
1259,2023,Kharif,Sugarcane,Assam,Large,2.47,Clay,6.83,Traditional,Borewell,741.2,30.8,83.4,114.6,4.24,616.8,5.507,384.0,33.97,83.91,,8.95,138848.78,121424.74,17424.04,49.1,47.6
1260,2023,Kharif,Maize,West Bengal,Small,1.68,Loamy,6.76,High-Yield Variety,Canal,769.3,30.3,84.7,92.5,4.7,547.6,1.133,292.0,6.206,10.43,2168.4,3.63,21795.41,92893.74,-71098.33,41.7,32.9
1261,2024,Kharif,Rice,Uttar Pradesh,Small,1.88,Black,6.09,Traditional,Canal,811.6,24.9,84.7,151.9,5.06,535.0,1.096,456.0,5.863,11.02,1681.1,9.68,16731.65,104629.35,-87897.7,59.6,48.5
1262,2024,Rabi,Groundnut,Punjab,Medium,0.54,Loamy,5.88,High-Yield Variety,Canal,276.7,25.4,57.7,191.0,3.95,391.4,0.842,318.0,3.294,1.78,1908.3,6.44,3177.93,27706.76,-24528.83,26.5,25.9
1263,2022,Zaid,Maize,Chhattisgarh,Small,1.03,Sandy,6.35,High-Yield Variety,Borewell,122.2,32.9,43.5,134.0,4.71,320.7,1.282,184.0,4.113,4.24,1904.2,6.77,7527.29,49440.92,-41913.63,31.1,30.0
1264,2024,Kharif,Wheat,Punjab,Large,2.44,Loamy,6.03,Traditional,Borewell,669.4,27.4,84.7,180.9,3.11,510.6,0.914,268.0,4.668,11.39,1690.0,6.13,18068.87,123226.74,-105157.87,30.6,20.9
1265,2021,Zaid,Sugarcane,Jharkhand,Small,1.16,Black,7.19,Traditional,Rainfed,69.2,31.7,45.2,122.5,4.14,144.8,13.526,236.0,19.592,22.73,1544.2,8.21,32219.43,47970.35,-15750.92,37.4,22.6
1266,2022,Rabi,Maize,Odisha,Small,3.09,Sandy,6.13,High-Yield Variety,Canal,194.4,21.8,59.5,154.1,4.8,349.6,1.738,290.0,6.075,18.77,1811.8,8.11,31248.53,141583.7,-110335.17,6.8,4.5
1267,2021,Kharif,Maize,Bihar,Large,5.0,Clay,7.29,High-Yield Variety,Borewell,773.3,27.6,74.1,86.2,3.24,583.1,1.109,202.0,6.466,32.33,1882.9,9.97,54807.4,240498.76,-185691.36,46.5,49.9
1268,2023,Rabi,Groundnut,Chhattisgarh,Small,1.18,Black,6.16,High-Yield Variety,Drip,209.6,22.2,54.4,127.5,1.04,199.0,1.979,341.0,3.937,4.65,2110.2,9.3,8899.69,60131.77,-51232.08,25.6,24.4
1269,2022,Rabi,Groundnut,Punjab,Medium,3.93,Sandy,7.23,High-Yield Variety,Canal,140.9,19.3,53.7,140.2,3.33,324.0,0.945,381.0,3.063,12.04,2257.6,7.48,25148.48,175617.49,-150469.01,28.8,27.8
1270,2024,Kharif,Wheat,Assam,Small,6.29,Sandy,6.38,High-Yield Variety,Sprinkler,698.1,30.3,75.3,137.4,3.81,372.5,1.476,399.0,5.499,34.59,1799.2,12.48,54465.13,302879.05,-248413.92,45.7,30.9
1271,2021,Rabi,Barley,Uttar Pradesh,Medium,6.13,Black,6.87,Traditional,Borewell,226.9,21.4,60.8,163.0,5.29,317.6,1.33,399.0,4.224,25.89,1951.3,5.57,47705.48,265933.96,-218228.48,29.0,22.4
1272,2023,Kharif,Maize,Jharkhand,Large,3.95,Sandy,6.52,High-Yield Variety,Canal,615.1,26.7,82.5,196.9,5.24,436.7,1.47,324.0,6.419,25.35,1912.3,6.72,45220.72,194927.94,-149707.22,23.1,25.0
1273,2023,Rabi,Barley,Odisha,Small,3.68,Sandy,5.69,High-Yield Variety,Drip,195.7,21.9,60.4,111.4,2.66,192.5,2.402,317.0,4.624,17.02,2214.9,7.1,35021.52,160971.99,-125950.47,25.3,19.8
1274,2024,Kharif,Maize,Jharkhand,Medium,2.95,Clay,6.38,High-Yield Variety,Borewell,660.0,22.7,85.1,120.3,4.53,539.7,1.055,219.0,5.696,16.8,1758.7,7.5,27330.04,142384.64,-115054.6,42.6,31.8
1275,2021,Kharif,Maize,Chhattisgarh,Medium,1.34,Clay,6.62,Traditional,Sprinkler,831.4,27.1,78.6,151.4,4.53,413.3,1.65,187.0,6.821,9.14,1704.0,8.35,14273.2,68768.75,-54495.55,36.5,28.9
1276,2022,Kharif,Rice,West Bengal,Small,2.27,Loamy,7.12,Traditional,Drip,745.8,31.9,83.0,106.6,4.3,344.0,2.079,274.0,7.151,16.23,1773.1,9.29,26104.33,118848.09,-92743.76,32.3,33.9
1277,2024,Kharif,Sugarcane,Punjab,Large,2.0,Sandy,6.75,High-Yield Variety,Rainfed,836.1,26.8,73.8,106.8,3.03,292.8,9.661,387.0,28.292,56.58,1698.0,6.53,89800.83,104886.93,-15086.1,39.5,37.7
1278,2024,Kharif,Mustard,Bihar,Medium,1.26,Alluvial,7.01,High-Yield Variety,Drip,723.4,29.8,88.7,89.0,4.4,310.3,1.186,338.0,3.68,4.64,1744.1,5.06,7683.61,64622.85,-56939.24,34.4,30.9
1279,2024,Zaid,Barley,Uttar Pradesh,Large,2.33,Loamy,6.22,High-Yield Variety,Canal,140.1,33.0,42.0,113.8,2.44,312.1,0.817,320.0,,5.94,1846.3,5.4,10374.96,99557.18,-89182.22,31.1,22.0
1280,2023,Rabi,Soybean,Jharkhand,Medium,3.07,Loamy,6.85,High-Yield Variety,Borewell,228.4,21.6,55.5,124.0,2.91,340.9,1.207,237.0,4.114,12.63,2137.0,5.44,25521.01,132301.33,-106780.32,12.5,9.5
1281,2022,Rabi,Barley,Assam,Large,3.83,Clay,6.97,High-Yield Variety,Drip,245.2,22.4,61.5,110.1,1.74,163.1,2.78,355.0,4.535,17.37,2152.7,6.44,34983.24,169858.89,-134875.65,21.3,15.1
1282,2022,Kharif,Rice,Jharkhand,Medium,4.0,Loamy,5.77,Traditional,Borewell,751.5,32.8,65.2,110.3,3.43,608.7,0.924,270.0,5.622,22.49,2116.1,8.74,43434.07,194095.05,-150660.98,36.9,36.8
1283,2021,Kharif,Wheat,Bihar,Small,0.93,Sandy,6.15,High-Yield Variety,Sprinkler,879.2,29.2,77.0,192.2,4.14,437.0,1.375,352.0,6.008,5.59,1946.2,9.05,9894.22,52801.74,-42907.52,45.4,43.5
1284,2021,Rabi,Sugarcane,West Bengal,Medium,0.93,Black,5.69,High-Yield Variety,Borewell,224.0,23.0,52.7,139.2,4.96,394.7,7.56,224.0,29.837,27.75,1901.0,9.38,47801.32,50337.56,-2536.24,25.7,25.3
1285,2022,Rabi,Soybean,Punjab,Small,1.45,Alluvial,6.16,High-Yield Variety,Rainfed,228.2,19.5,48.6,111.6,3.13,174.8,1.578,423.0,2.758,4.0,1993.1,8.81,7270.22,69462.37,-62192.15,16.6,13.3
1286,2022,Zaid,Mustard,Bihar,Large,3.39,Sandy,6.4,Traditional,Drip,62.7,37.9,43.4,55.6,3.68,182.2,1.772,210.0,3.229,10.95,1662.7,8.72,16618.46,144894.0,-128275.54,47.4,32.6
1287,2021,Rabi,Sugarcane,Odisha,Small,5.43,Clay,6.85,High-Yield Variety,Rainfed,131.4,19.4,55.1,105.3,2.18,170.6,14.498,375.0,24.728,134.27,2071.1,9.39,251982.45,238622.55,13359.9,30.4,31.8
1288,2021,Rabi,Wheat,West Bengal,Medium,2.04,Loamy,6.04,High-Yield Variety,Rainfed,249.0,23.5,63.2,79.8,4.21,190.5,1.781,403.0,3.394,6.92,2042.6,7.89,13019.74,104411.19,-91391.45,15.3,12.2
1289,2024,Kharif,Barley,Assam,Small,0.64,Loamy,6.28,High-Yield Variety,Sprinkler,838.7,30.5,68.1,181.0,4.79,435.7,1.151,287.0,5.014,3.21,1629.6,8.41,4791.22,39685.54,-34894.32,50.4,54.6
1290,2024,Kharif,Soybean,Jharkhand,Medium,1.62,Black,6.96,High-Yield Variety,Sprinkler,686.9,28.1,81.7,168.4,4.11,349.5,1.425,304.0,4.981,8.07,2205.2,5.15,16878.87,84110.11,-67231.24,27.7,26.0
1291,2022,Rabi,Barley,Punjab,Medium,1.29,Loamy,7.27,High-Yield Variety,Borewell,18.7,23.6,61.7,81.5,3.2,224.4,1.855,347.0,4.164,5.37,2170.8,3.94,11198.22,61084.25,-49886.03,14.4,14.6
1292,2022,Kharif,Groundnut,Assam,Small,1.87,Clay,6.87,Traditional,Drip,705.7,28.5,88.6,115.5,5.16,329.8,1.359,179.0,4.48,8.38,1395.8,5.44,11060.94,94586.55,-83525.61,47.1,33.2
1293,2022,Rabi,Barley,Uttar Pradesh,Large,1.75,Sandy,6.36,High-Yield Variety,Drip,262.5,19.3,61.3,106.0,3.72,217.1,2.201,378.0,4.779,8.36,2111.3,7.19,16380.77,88074.48,-71693.71,25.4,19.8
1294,2021,Kharif,Maize,Odisha,Large,2.21,Clay,6.47,High-Yield Variety,Borewell,777.5,26.6,75.9,139.9,4.22,563.8,0.985,333.0,5.555,12.28,1688.5,5.89,19514.23,109367.07,-89852.84,45.6,38.7
1295,2022,Rabi,Soybean,Jharkhand,Medium,3.25,Clay,6.8,High-Yield Variety,Rainfed,181.2,24.1,53.5,173.4,1.82,166.4,1.502,141.0,2.499,8.12,2051.3,3.42,16086.55,141266.79,-125180.24,39.2,36.4
1296,2022,Zaid,Maize,Punjab,Small,5.23,Sandy,6.54,High-Yield Variety,Drip,81.8,31.4,46.5,159.7,4.35,200.2,2.952,290.0,5.912,30.92,1884.5,7.54,53877.49,218387.11,-164509.62,32.6,28.0
1297,2024,Kharif,Maize,Jharkhand,Medium,2.95,Clay,6.38,High-Yield Variety,Borewell,660.0,22.7,85.1,120.3,4.53,539.7,1.055,219.0,5.696,16.8,1758.7,7.5,27330.04,142384.64,-115054.6,42.6,31.8
1298,2022,Zaid,Groundnut,West Bengal,Small,1.7,Alluvial,6.61,High-Yield Variety,Borewell,135.1,34.2,44.2,120.3,2.63,372.7,0.869,283.0,3.239,5.51,1493.2,7.31,7626.35,80056.98,-72430.63,17.4,10.8
1299,2021,Kharif,Soybean,Jharkhand,Large,4.33,Sandy,6.71,High-Yield Variety,Canal,831.4,27.9,74.9,153.5,3.31,492.7,0.97,273.0,4.779,20.69,1698.4,5.79,33106.44,210473.31,-177366.87,21.3,22.9
1300,2024,Kharif,Groundnut,Odisha,Small,1.09,Sandy,7.91,High-Yield Variety,Rainfed,853.4,31.9,82.6,145.4,2.45,278.1,1.411,271.0,3.925,4.28,1983.0,6.82,7908.02,61802.0,-53893.98,28.2,23.3
1301,2021,Zaid,Rice,Bihar,Small,3.17,Sandy,6.68,High-Yield Variety,Canal,19.9,31.7,50.0,112.0,2.09,213.8,1.898,305.0,4.059,12.87,1405.2,9.03,16452.08,130699.97,-114247.89,33.2,22.8
1302,2023,Rabi,Sugarcane,Odisha,Small,1.63,Loamy,5.57,High-Yield Variety,Drip,,21.5,59.8,75.4,2.12,206.1,17.049,368.0,35.136,57.27,2042.3,7.93,107694.2,73253.92,34440.28,24.1,19.4
1303,2024,Rabi,Mustard,Jharkhand,Small,3.74,Sandy,6.77,Traditional,Canal,213.8,21.1,54.0,119.9,3.54,345.7,0.91,256.0,3.146,11.77,2025.0,6.84,22204.04,161133.37,-138929.33,31.3,29.2
1304,2022,Rabi,Barley,Jharkhand,Small,1.18,Sandy,6.37,Traditional,Canal,249.5,21.0,65.7,133.4,2.58,305.4,1.346,391.0,4.11,4.85,2021.7,10.33,8792.46,57413.11,-48620.65,24.4,15.7
1305,2023,Zaid,Sugarcane,West Bengal,Medium,0.94,Clay,7.1,High-Yield Variety,Borewell,149.7,32.7,41.1,124.4,3.4,335.5,7.048,261.0,23.65,22.23,1560.7,9.44,31417.15,45854.71,-14437.56,29.8,18.2
1306,2022,Rabi,Maize,Uttar Pradesh,Medium,1.87,Loamy,6.87,High-Yield Variety,Borewell,143.6,23.1,54.3,120.0,1.34,390.4,1.451,313.0,5.666,10.6,2459.5,10.75,23269.48,87426.91,-64157.43,31.7,27.4
1307,2021,Zaid,Soybean,West Bengal,Small,3.35,Alluvial,6.91,High-Yield Variety,Borewell,78.0,33.1,35.6,175.3,4.13,296.2,1.205,334.0,3.57,11.96,1646.7,5.91,18531.2,138488.43,-119957.23,21.7,21.5
1308,2021,Rabi,Rice,Punjab,Small,2.66,Black,6.23,High-Yield Variety,Canal,258.7,20.5,59.4,92.7,4.27,298.8,1.422,251.0,4.248,11.3,2096.5,7.57,21896.23,124021.58,-102125.35,13.8,11.5
1309,2021,Kharif,Mustard,Jharkhand,Medium,1.46,Clay,6.51,Traditional,Rainfed,776.7,24.6,74.6,161.6,2.55,292.3,1.086,476.0,3.173,4.63,1904.7,8.62,8058.6,76970.88,-68912.28,50.1,30.9
1310,2023,Rabi,Wheat,Punjab,Medium,0.93,Sandy,6.96,High-Yield Variety,Drip,188.2,23.4,65.6,106.8,3.99,171.0,3.635,226.0,,5.78,1939.8,7.12,10413.22,45296.26,-34883.04,21.4,20.4
1311,2021,Rabi,Wheat,Jharkhand,Medium,2.88,Clay,6.69,High-Yield Variety,Rainfed,214.2,22.2,51.8,97.8,2.07,132.0,2.759,357.0,3.642,10.49,2076.0,2.98,21128.08,130414.53,-109286.45,24.9,20.8
1312,2023,Zaid,Barley,Bihar,Large,3.98,Clay,6.98,High-Yield Variety,Borewell,94.9,35.5,46.4,173.9,1.9,346.5,0.912,220.0,3.16,12.58,1703.0,8.38,19628.96,169573.26,-149944.3,24.9,17.7
1313,2023,Kharif,Barley,West Bengal,Small,2.25,Black,6.2,High-Yield Variety,Canal,854.1,28.2,83.8,120.2,5.91,633.4,0.688,378.0,4.357,9.8,2072.4,6.19,19052.53,118243.78,-99191.25,28.4,17.4
1314,2022,Rabi,Maize,Punjab,Small,2.74,Sandy,,High-Yield Variety,Borewell,165.9,18.5,53.0,169.3,2.48,342.6,1.608,140.0,5.51,15.1,2066.1,9.16,28341.85,124476.14,-96134.29,28.5,30.4
1315,2021,Kharif,Maize,Chhattisgarh,Large,2.03,Sandy,5.81,High-Yield Variety,Rainfed,814.4,26.6,80.7,153.5,4.7,321.9,1.575,384.0,5.07,10.29,1774.0,5.81,17194.22,108370.59,-91176.37,43.8,41.6
1316,2024,Kharif,Sugarcane,Assam,Small,1.54,Sandy,6.61,High-Yield Variety,Canal,782.8,30.7,75.6,175.1,1.81,597.1,5.989,175.0,35.758,55.07,2304.4,7.83,116958.52,77605.15,39353.37,40.5,43.4
1317,2024,Zaid,Barley,Chhattisgarh,Large,1.93,Alluvial,6.58,High-Yield Variety,Canal,98.6,29.8,37.8,83.7,0.62,291.5,0.897,298.0,2.615,5.05,1757.9,7.68,8195.54,81457.18,-73261.64,40.8,25.3
1318,2024,Zaid,Rice,Punjab,Small,1.42,Black,6.36,Traditional,Sprinkler,95.6,32.6,45.8,88.4,1.89,213.9,2.085,373.0,4.46,6.33,1765.9,9.25,10144.76,69525.94,-59381.18,18.0,14.0
1319,2023,Kharif,Maize,West Bengal,Medium,6.73,Alluvial,6.53,Traditional,Drip,827.4,34.4,92.9,114.1,4.26,339.4,2.062,270.0,6.999,47.1,1910.6,10.16,80841.43,317613.6,-236772.17,39.6,43.1
1320,2024,Zaid,Groundnut,Punjab,Medium,1.12,Clay,6.61,High-Yield Variety,Rainfed,57.3,33.8,30.7,147.1,2.21,151.3,1.402,220.0,2.121,2.38,1789.0,12.24,3736.59,52542.24,-48805.65,43.1,36.6
1321,2021,Zaid,Barley,Odisha,Medium,3.29,Sandy,7.26,High-Yield Variety,Drip,73.8,32.8,45.6,98.5,3.16,163.8,2.163,315.0,3.542,11.65,1726.1,6.57,18787.48,142434.41,-123646.93,22.6,20.7
1322,2023,Zaid,Rice,Uttar Pradesh,Small,1.38,Alluvial,6.33,High-Yield Variety,Rainfed,65.5,36.2,40.6,74.5,1.99,162.7,2.239,244.0,3.644,5.03,1865.0,7.25,8701.06,58351.29,-49650.23,13.7,13.4
1323,2024,Zaid,Soybean,Uttar Pradesh,Small,2.35,Black,6.64,High-Yield Variety,Canal,151.7,31.3,46.3,110.0,1.4,277.0,1.001,239.0,2.772,6.51,1811.9,9.89,10629.05,102097.7,-91468.65,33.2,25.1
1324,2021,Rabi,Sugarcane,Punjab,Small,2.54,Sandy,6.42,High-Yield Variety,Canal,221.1,20.7,59.6,103.7,4.57,335.0,9.514,261.0,31.868,80.95,2019.3,6.59,152701.59,115130.13,37571.46,13.4,10.9
1325,2022,Kharif,Soybean,Bihar,Small,0.95,Black,6.28,High-Yield Variety,Sprinkler,809.8,25.7,66.0,77.0,3.81,414.2,1.028,332.0,4.256,4.04,1743.2,8.3,6458.26,56082.0,-49623.74,41.2,41.1
1326,2023,Rabi,Groundnut,Assam,Small,0.89,Alluvial,7.04,High-Yield Variety,Borewell,223.2,20.3,55.8,77.1,1.32,450.1,0.703,357.0,3.165,2.82,2305.5,8.4,5955.55,52568.27,-46612.72,28.4,29.3
1327,2023,Zaid,Wheat,Jharkhand,Medium,3.85,Alluvial,6.4,High-Yield Variety,Borewell,6.4,30.6,49.4,91.8,4.77,246.6,1.576,319.0,3.887,14.97,1657.1,3.31,23986.0,165630.03,-141644.03,34.6,32.7
1328,2023,Kharif,Rice,Assam,Small,2.83,Alluvial,7.53,Traditional,Canal,831.6,32.8,85.0,107.1,4.84,439.3,1.515,188.0,,18.83,2265.7,8.53,39023.43,140723.18,-101699.75,33.1,24.7
1329,2021,Rabi,Barley,Jharkhand,Small,1.95,Loamy,6.62,Traditional,Drip,205.3,21.3,64.5,120.2,3.64,200.7,1.761,318.0,3.535,6.89,2126.8,9.62,13243.97,94017.09,-80773.12,20.1,12.4
1330,2023,Rabi,Mustard,Uttar Pradesh,Medium,1.8,Loamy,7.18,High-Yield Variety,Borewell,290.8,20.8,64.5,81.3,2.32,390.2,0.582,327.0,2.273,4.09,2057.2,9.7,7597.9,85260.59,-77662.69,7.9,8.3
1331,2023,Zaid,Groundnut,Uttar Pradesh,Small,3.0,Alluvial,6.52,Traditional,Drip,163.1,30.8,47.9,136.0,3.5,222.9,1.097,330.0,2.445,7.34,1490.3,6.68,10208.3,122281.43,-112073.13,28.8,20.1
1332,2021,Kharif,Maize,Jharkhand,Small,1.42,Alluvial,5.42,Traditional,Rainfed,721.3,29.1,71.6,157.7,3.4,309.2,1.503,335.0,4.648,6.6,1711.3,2.22,11043.81,82390.03,-71346.22,44.5,42.3
1333,2023,Zaid,Sugarcane,Punjab,Small,4.44,Black,6.67,Traditional,Borewell,50.1,33.4,60.2,120.7,3.87,285.2,8.245,423.0,23.515,104.41,1639.2,6.72,159645.38,179402.06,-19756.68,27.2,28.9
1334,2021,Kharif,Wheat,West Bengal,Medium,2.61,Black,6.78,High-Yield Variety,Drip,684.6,25.6,77.7,114.9,5.0,305.0,1.968,260.0,6.003,15.67,2053.1,11.41,28500.47,117597.64,-89097.17,47.9,34.2
1335,2024,Kharif,Groundnut,Punjab,Medium,4.18,Sandy,6.61,High-Yield Variety,Sprinkler,813.7,29.5,76.9,108.4,2.59,419.5,1.001,239.0,4.198,17.55,1971.3,6.67,32289.91,200317.48,-168027.57,30.0,28.8
1336,2023,Rabi,Rice,West Bengal,Small,4.51,Black,5.8,High-Yield Variety,Rainfed,153.4,21.5,60.6,129.6,3.42,157.4,2.263,243.0,3.562,16.06,2199.5,7.64,32625.34,194636.39,-162011.05,35.5,31.6
1337,2021,Rabi,Mustard,Chhattisgarh,Large,3.41,Sandy,7.24,High-Yield Variety,Canal,238.0,21.1,51.4,85.7,1.15,335.5,1.031,284.0,3.458,11.79,1905.2,5.42,21246.05,148340.52,-127094.47,23.2,19.8
1338,2021,Rabi,Groundnut,Chhattisgarh,Medium,2.26,Loamy,6.89,Traditional,Canal,255.0,22.2,68.0,127.6,2.71,352.3,1.196,305.0,4.215,9.53,2036.3,5.35,18368.24,101836.17,-83467.93,19.0,19.0
1339,2021,Kharif,Groundnut,Odisha,Small,1.78,Alluvial,6.82,Traditional,Borewell,731.6,28.6,83.4,161.1,5.04,451.7,0.745,346.0,3.366,5.99,1878.6,10.43,10078.83,95827.81,-85748.98,56.3,52.6
1340,2023,Zaid,Maize,Assam,Small,1.78,Sandy,,High-Yield Variety,Rainfed,83.7,30.0,51.3,166.6,2.82,138.1,2.169,468.0,2.996,5.33,1761.3,7.85,8650.6,84583.6,-75933.0,21.6,16.6
1341,2024,Zaid,Sugarcane,Odisha,Large,0.79,Loamy,6.89,Traditional,Rainfed,,34.7,61.4,77.1,3.33,208.9,9.544,273.0,19.936,15.75,1874.1,4.37,28227.9,42271.15,-14043.25,26.0,22.9
1342,2024,Rabi,Groundnut,Punjab,Small,4.42,Alluvial,6.09,High-Yield Variety,Canal,179.4,21.9,52.2,116.3,2.63,308.5,1.199,347.0,3.699,16.35,2039.5,8.5,30511.25,195744.41,-165233.16,29.2,26.9
1343,2024,Kharif,Soybean,Bihar,Small,3.08,Sandy,,Traditional,Canal,777.6,30.0,83.2,130.5,3.8,481.4,0.905,274.0,4.355,13.41,1945.9,5.59,24634.98,154710.95,-130075.97,41.7,36.4
1344,2024,Rabi,Mustard,Punjab,Small,2.77,Sandy,6.97,High-Yield Variety,Rainfed,219.8,18.9,58.3,95.1,3.88,191.4,1.346,367.0,2.576,7.13,1747.4,8.1,11449.47,123789.08,-112339.61,18.3,17.0
1345,2024,Kharif,Maize,Assam,Small,1.23,Sandy,6.41,High-Yield Variety,Borewell,777.0,30.7,75.6,115.8,3.7,559.7,1.211,391.0,6.778,8.34,1697.8,12.01,12459.03,65646.82,-53187.79,28.3,18.6
1346,2022,Kharif,Mustard,Jharkhand,Medium,1.71,Loamy,6.46,High-Yield Variety,Canal,772.9,29.6,74.8,115.1,3.79,547.7,0.62,266.0,3.395,5.81,1801.3,11.44,9268.22,87671.87,-78403.65,25.7,15.4
1347,2022,Rabi,Soybean,Assam,Large,1.21,Alluvial,6.87,High-Yield Variety,Borewell,114.5,19.6,56.2,88.2,3.46,345.7,1.159,226.0,4.007,4.85,2016.6,7.48,9048.75,53017.7,-43968.95,22.4,18.1
1348,2021,Rabi,Groundnut,Jharkhand,Small,3.87,Loamy,6.35,Traditional,Borewell,147.1,16.8,62.7,80.6,1.87,337.0,0.959,113.0,3.231,12.51,2231.4,3.67,26889.94,157501.44,-130611.5,15.2,9.6
1349,2023,Kharif,Wheat,Punjab,Small,2.39,Black,7.2,High-Yield Variety,Drip,828.3,29.4,70.9,125.6,5.08,352.7,1.649,288.0,5.814,13.9,1878.9,4.98,24816.15,131853.63,-107037.48,27.4,21.5
1350,2024,Kharif,Rice,Uttar Pradesh,Small,1.79,Loamy,6.2,High-Yield Variety,Canal,615.2,27.5,87.9,106.1,5.01,475.0,1.262,222.0,5.994,10.73,1785.4,7.46,17729.22,90051.22,-72322.0,29.2,21.8
1351,2023,Kharif,Soybean,Odisha,Small,1.27,Sandy,6.62,Traditional,Rainfed,789.9,27.1,76.0,168.5,3.63,324.5,1.074,241.0,3.487,4.43,1926.1,8.46,7810.79,64632.78,-56821.99,35.8,23.6
1352,2022,Rabi,Wheat,Assam,Large,1.22,Sandy,5.67,Traditional,Canal,220.3,23.4,69.2,126.7,2.78,320.0,1.544,311.0,4.941,6.03,2005.1,4.94,11493.94,62216.35,-50722.41,15.7,15.5
1353,2021,Kharif,Wheat,Odisha,Small,1.48,Loamy,6.58,Traditional,Borewell,688.2,28.6,69.3,128.9,2.92,505.4,1.13,371.0,5.712,8.45,1889.9,11.48,14137.35,75198.07,-61060.72,48.6,44.7
1354,2022,Kharif,Wheat,Uttar Pradesh,Small,1.65,Loamy,6.54,Traditional,Drip,803.0,28.3,73.6,163.1,3.44,287.6,1.942,356.0,5.585,9.22,1859.8,3.58,16533.67,84718.44,-68184.77,46.7,43.3
1355,2022,Kharif,Maize,Bihar,Large,3.04,Alluvial,7.61,High-Yield Variety,Sprinkler,838.4,32.2,84.9,113.2,5.86,461.4,1.588,312.0,7.328,22.28,1881.5,7.05,38962.22,149284.08,-110321.86,37.1,23.9
1356,2021,Rabi,Maize,Chhattisgarh,Medium,3.94,Alluvial,7.0,Traditional,Drip,197.2,17.3,56.7,158.4,2.99,194.4,3.172,275.0,6.165,24.29,1846.7,9.31,40682.92,171694.43,-131011.51,11.4,7.3
1357,2023,Rabi,Groundnut,Punjab,Small,2.54,Sandy,7.27,Traditional,Canal,245.6,21.9,61.7,140.2,2.0,321.4,1.237,200.0,3.975,10.1,1923.7,3.87,18676.61,113434.39,-94757.78,19.1,19.0
1358,2022,Rabi,Wheat,Bihar,Medium,2.6,Black,6.75,High-Yield Variety,Canal,170.2,19.7,51.4,118.3,5.81,327.4,1.557,272.0,5.097,13.25,1817.5,6.05,22624.4,121672.31,-99047.91,20.5,15.1
1359,2023,Zaid,Rice,Bihar,Small,3.0,Sandy,6.2,High-Yield Variety,Borewell,151.9,34.1,45.2,136.2,1.78,312.0,1.305,342.0,4.071,12.21,1912.2,8.66,21326.27,128462.78,-107136.51,23.0,21.5
1360,2023,Kharif,Sugarcane,Punjab,Medium,3.73,Alluvial,6.83,High-Yield Variety,Rainfed,744.1,27.2,64.7,144.5,3.83,302.6,9.237,396.0,27.946,104.24,1754.5,5.44,172946.98,184080.0,-11133.02,39.3,36.5
1361,2021,Zaid,Barley,Uttar Pradesh,Medium,2.56,Black,7.03,Traditional,Canal,143.7,34.1,44.4,100.7,2.21,325.9,1.23,298.0,4.007,10.26,1652.9,4.32,16225.49,117897.13,-101671.64,32.8,24.5
1362,2021,Kharif,Barley,Jharkhand,Large,1.92,Alluvial,5.88,Traditional,Borewell,773.9,30.2,78.5,102.4,4.99,640.1,0.763,392.0,4.884,9.38,1709.2,2.23,15675.27,107902.39,-92227.12,48.2,35.0
1363,2023,Kharif,Soybean,Bihar,Small,2.69,Loamy,6.78,Traditional,Canal,883.8,34.9,78.7,148.5,6.07,567.7,0.812,261.0,4.607,12.39,2011.4,10.51,22300.81,142993.22,-120692.41,27.9,29.4
1364,2023,Kharif,Soybean,Assam,Medium,1.9,Alluvial,7.24,High-Yield Variety,Borewell,800.4,30.6,71.8,138.7,2.61,513.6,0.871,269.0,4.473,8.5,1743.9,7.52,13708.14,90291.06,-76582.92,34.0,36.5
1365,2021,Rabi,Groundnut,Odisha,Medium,1.49,Black,6.44,High-Yield Variety,Drip,296.0,20.7,59.1,108.8,3.52,221.5,1.676,250.0,3.712,5.53,,6.19,10489.35,60781.65,-50292.3,26.1,18.9
1366,2022,Kharif,Barley,West Bengal,Medium,1.05,Clay,5.83,Traditional,Drip,908.8,27.1,79.8,125.4,2.1,328.7,1.492,464.0,4.904,5.15,2027.4,6.3,9783.36,61739.17,-51955.81,32.4,19.6
1367,2024,Rabi,Mustard,Assam,Medium,1.27,Sandy,6.41,Traditional,Canal,276.9,21.2,59.1,99.6,2.1,350.3,0.719,201.0,2.518,3.2,2093.2,6.33,6274.21,59887.8,-53613.59,19.6,18.7
1368,2021,Kharif,Rice,Bihar,Small,2.12,Clay,6.49,High-Yield Variety,Borewell,765.4,29.4,74.6,164.6,4.96,590.9,0.902,387.0,5.328,11.3,1862.1,8.73,19204.17,112667.91,-93463.74,43.2,26.6
1369,2022,Zaid,Mustard,Bihar,Small,1.54,Sandy,7.03,High-Yield Variety,Rainfed,55.4,34.8,42.0,78.4,3.17,123.3,2.03,253.0,2.504,3.86,1720.5,6.66,6199.04,67346.31,-61147.27,26.6,23.2
1370,2021,Kharif,Groundnut,Chhattisgarh,Medium,0.99,Loamy,6.65,High-Yield Variety,Borewell,720.4,29.7,79.4,,5.28,586.5,0.727,323.0,4.263,4.22,1812.6,8.25,7018.06,60355.45,-53337.39,45.1,49.3
1371,2021,Rabi,Rice,Uttar Pradesh,Small,2.07,Clay,6.53,Traditional,Sprinkler,159.1,20.6,57.3,85.4,3.37,269.2,2.09,336.0,5.627,11.65,2229.6,8.52,23761.01,92894.87,-69133.86,26.4,16.0
1372,2024,Rabi,Mustard,Bihar,Small,2.0,Alluvial,6.53,High-Yield Variety,Canal,256.0,20.3,57.8,80.6,2.47,259.3,1.016,312.0,2.636,5.27,2049.1,8.34,9897.8,92244.77,-82346.97,28.7,25.7
1373,2021,Rabi,Mustard,Odisha,Small,1.15,Loamy,5.54,Traditional,Borewell,320.6,21.8,63.0,86.5,3.9,449.9,0.446,314.0,2.005,2.31,2024.4,7.03,4347.37,61842.93,-57495.56,7.7,8.2
1374,2022,Kharif,Barley,Bihar,Medium,2.78,Black,6.3,High-Yield Variety,Rainfed,752.8,27.5,82.5,103.2,3.64,292.2,1.234,346.0,3.606,10.03,2029.1,9.89,18339.24,136004.93,-117665.69,42.6,40.7
1375,2023,Rabi,Mustard,Chhattisgarh,Medium,3.71,Loamy,6.34,High-Yield Variety,Borewell,240.6,20.6,57.5,123.9,5.01,371.0,0.725,217.0,2.689,9.98,2071.4,2.39,20178.29,160377.01,-140198.72,4.8,5.3
1376,2023,Kharif,Groundnut,Odisha,Medium,2.33,Sandy,6.67,High-Yield Variety,Canal,771.6,29.3,80.2,122.6,3.72,499.3,0.866,377.0,4.326,10.08,1896.7,2.29,18681.52,120168.3,-101486.78,35.0,32.4
1377,2023,Kharif,Rice,Punjab,Small,1.14,Sandy,5.81,Traditional,Rainfed,814.1,32.8,86.0,77.5,4.47,298.1,1.593,253.0,4.749,5.41,1822.3,8.96,8975.59,56407.63,-47432.04,41.6,40.2
1378,2021,Kharif,Soybean,Bihar,Medium,1.98,Alluvial,5.4,Traditional,Canal,705.1,27.3,77.7,125.9,4.78,494.1,0.761,258.0,3.759,7.44,1983.3,7.2,13693.98,99086.42,-85392.44,57.0,49.6
1379,2023,Kharif,Rice,Jharkhand,Small,2.72,Clay,6.94,Traditional,Drip,727.2,29.4,65.8,103.8,4.85,358.0,1.911,179.0,6.843,18.61,1853.7,10.43,30899.67,137523.6,-106623.93,34.2,37.5
1380,2021,Rabi,Mustard,West Bengal,Medium,0.68,Alluvial,7.05,Traditional,Sprinkler,133.3,19.7,60.7,136.7,1.35,255.7,1.429,377.0,3.654,2.48,2044.1,5.65,4782.77,35718.48,-30935.71,31.4,27.1
1381,2023,Zaid,Rice,Punjab,Small,2.17,Loamy,7.17,Traditional,Drip,151.7,33.7,47.3,159.8,2.88,169.6,3.362,313.0,5.702,12.37,1576.9,11.76,17212.59,93087.16,-75874.57,31.8,27.2
1382,2023,Kharif,Rice,Punjab,Large,1.04,Loamy,6.46,High-Yield Variety,Rainfed,930.5,28.1,77.1,161.2,3.36,334.0,1.396,279.0,4.664,4.85,1757.8,4.76,8119.65,55946.87,-47827.22,42.0,41.6
1383,2023,Zaid,Soybean,Bihar,Large,4.14,Sandy,6.14,High-Yield Variety,Borewell,29.1,35.0,41.5,99.5,3.76,219.4,0.88,338.0,1.931,8.0,1769.1,5.1,13431.64,177713.42,-164281.78,21.4,17.3
1384,2024,Kharif,Rice,Punjab,Small,0.8,Alluvial,7.14,High-Yield Variety,Drip,823.6,25.3,71.9,80.0,4.99,375.8,1.939,269.0,7.288,5.83,1662.7,7.73,8944.47,41048.08,-32103.61,36.6,32.1
1385,2021,Kharif,Mustard,Jharkhand,Small,0.46,Alluvial,7.29,High-Yield Variety,Drip,656.8,32.1,66.8,83.2,2.98,324.1,1.199,440.0,3.886,1.79,1867.9,5.29,3166.61,27637.38,-24470.77,40.7,41.7
1386,2021,Kharif,Soybean,Uttar Pradesh,Medium,3.31,Sandy,5.83,Traditional,Canal,831.7,31.0,86.3,140.7,3.75,589.7,0.693,353.0,4.085,13.52,1871.7,12.11,22240.97,168364.4,-146123.43,45.4,33.1
1387,2024,Kharif,Sugarcane,Odisha,Medium,4.04,Alluvial,6.03,High-Yield Variety,Rainfed,789.9,34.6,75.2,124.2,4.13,292.2,9.318,400.0,27.23,110.01,2059.9,5.77,213534.95,196958.28,16576.67,29.5,26.6
1388,2024,Rabi,Wheat,West Bengal,Large,0.87,Loamy,6.05,High-Yield Variety,Sprinkler,326.1,16.3,60.9,146.0,2.9,297.5,1.633,424.0,4.858,4.23,1924.6,5.71,7676.47,52972.4,-45295.93,20.5,12.5
1389,2022,Kharif,Wheat,Punjab,Small,1.94,Sandy,7.51,Traditional,Sprinkler,837.8,27.0,88.1,106.7,2.3,406.0,1.534,306.0,6.226,12.08,1621.4,5.52,18505.59,96498.23,-77992.64,49.2,51.5
1390,2021,Kharif,Wheat,Assam,Medium,3.88,Alluvial,6.37,Traditional,Drip,688.5,29.3,84.1,,3.84,285.7,2.034,372.0,5.813,22.55,2147.3,5.88,45572.8,186572.63,-140999.83,31.0,31.2
1391,2021,Zaid,Barley,Odisha,Small,1.02,Alluvial,6.92,Traditional,Sprinkler,53.9,37.0,41.8,132.0,1.59,222.3,1.57,192.0,3.49,3.56,1719.5,0.5,6090.95,50119.51,-44028.56,37.2,33.9
1392,2021,Zaid,Mustard,West Bengal,Medium,2.69,Sandy,6.37,High-Yield Variety,Rainfed,152.6,32.4,47.4,138.8,2.46,112.7,1.935,415.0,2.182,5.87,1811.7,4.27,10181.07,115238.21,-105057.14,17.5,16.1
1393,2021,Zaid,Mustard,Uttar Pradesh,Medium,2.73,Loamy,6.78,Traditional,Sprinkler,124.0,34.7,44.8,149.2,1.81,169.6,1.27,382.0,2.154,5.88,1562.4,10.77,8197.46,120769.99,-112572.53,38.6,38.6
1394,2023,Rabi,Rice,Odisha,Medium,1.3,Clay,7.22,High-Yield Variety,Canal,166.7,18.5,67.2,116.4,3.37,273.7,1.891,380.0,5.175,6.73,2011.8,3.72,13035.36,60122.26,-47086.9,15.2,12.2
1395,2024,Rabi,Mustard,Assam,Medium,4.3,Black,6.65,High-Yield Variety,Borewell,247.7,20.4,45.5,73.0,3.08,306.6,0.847,281.0,2.596,11.16,2139.4,6.33,22363.04,192306.9,-169943.86,10.9,10.8
1396,2021,Kharif,Rice,Odisha,Medium,1.82,Sandy,6.26,Traditional,Drip,858.8,25.9,76.5,75.9,2.23,349.2,1.861,282.0,6.499,11.83,1756.8,7.47,19229.52,89196.87,-69967.35,59.2,45.6
1397,2022,Rabi,Mustard,Chhattisgarh,Small,1.52,Loamy,5.9,High-Yield Variety,Drip,246.6,21.6,61.3,158.8,4.1,173.6,1.429,200.0,2.481,3.77,2112.4,6.65,7433.86,77455.02,-70021.16,14.4,10.8
1398,2023,Zaid,Soybean,Uttar Pradesh,Small,4.55,Clay,7.08,Traditional,Rainfed,37.9,36.2,39.6,115.9,1.61,105.4,2.699,279.0,2.844,12.94,1647.0,9.95,19191.55,191180.29,-171988.74,34.6,35.0
1399,2024,Rabi,Groundnut,Assam,Large,1.28,Sandy,5.79,Traditional,Sprinkler,197.0,19.0,68.6,115.3,2.43,233.3,1.225,379.0,2.857,3.66,1752.4,3.96,6159.57,64985.23,-58825.66,17.6,15.9
1400,2023,Zaid,Rice,Punjab,Small,2.87,Sandy,5.75,High-Yield Variety,Rainfed,75.6,33.2,41.2,102.9,4.1,149.4,1.907,248.0,2.85,8.18,1809.7,7.62,13675.42,115675.67,-102000.25,14.9,11.8
1401,2023,Rabi,Rice,Odisha,Small,3.36,Sandy,7.07,High-Yield Variety,Rainfed,238.7,21.5,40.2,96.0,3.41,191.0,2.32,116.0,4.43,14.88,2069.4,13.72,26566.07,145213.05,-118646.98,35.7,23.7
1402,2023,Zaid,Soybean,Uttar Pradesh,Small,1.67,Loamy,6.22,Traditional,Borewell,23.2,29.2,47.5,124.3,3.1,336.1,0.756,361.0,2.54,4.24,1659.6,6.18,6601.56,74735.97,-68134.41,37.3,36.1
1403,2023,Kharif,Wheat,Jharkhand,Medium,1.78,Black,6.79,High-Yield Variety,Borewell,839.6,28.5,70.8,117.1,1.68,625.2,0.826,318.0,5.167,9.2,2116.8,4.67,18565.44,96460.52,-77895.08,42.1,34.7
1404,2023,Zaid,Groundnut,West Bengal,Medium,2.77,Black,6.59,Traditional,Canal,90.8,37.0,38.9,126.5,3.54,294.8,1.04,365.0,3.067,8.49,1473.3,1.95,12265.31,122052.63,-109787.32,32.5,25.1
1405,2021,Rabi,Groundnut,Chhattisgarh,Medium,2.21,Sandy,6.51,High-Yield Variety,Canal,255.5,20.9,53.4,136.1,2.1,312.6,0.995,295.0,3.11,6.87,1621.5,7.88,10261.21,98886.57,-88625.36,25.6,26.6
1406,2021,Rabi,Rice,Punjab,Large,2.54,Black,6.68,High-Yield Variety,Drip,290.1,25.9,65.4,188.7,2.06,192.4,3.212,216.0,6.178,15.69,2034.6,7.46,29540.36,115999.74,-86459.38,12.8,12.2
1407,2023,Kharif,Barley,Uttar Pradesh,Small,2.29,Clay,5.78,High-Yield Variety,Drip,768.6,32.2,85.2,111.9,3.63,303.4,1.768,311.0,5.365,12.28,1657.9,13.21,17670.07,111643.13,-93973.06,37.9,34.4
1408,2022,Rabi,Soybean,Jharkhand,Small,4.34,Black,6.16,Traditional,Canal,202.7,22.8,59.5,103.7,4.17,313.2,1.119,229.0,3.506,15.22,2009.9,7.14,28406.24,189179.93,-160773.69,23.1,13.9
1409,2022,Rabi,Soybean,Odisha,Small,2.34,Black,6.58,Traditional,Canal,112.2,20.6,51.3,146.7,2.74,258.6,1.646,386.0,4.256,9.96,1918.8,6.55,17859.8,109326.27,-91466.47,19.5,15.3
1410,2023,Rabi,Soybean,Bihar,Small,1.94,Clay,6.74,Traditional,,153.9,18.2,60.9,161.0,2.34,270.7,1.275,349.0,3.451,6.69,1842.7,5.85,11606.0,95798.56,-84192.56,26.8,17.4
1411,2023,Rabi,Groundnut,Chhattisgarh,Small,3.46,Sandy,8.25,Traditional,Drip,241.2,26.0,55.7,138.3,3.49,257.0,1.825,288.0,4.691,16.23,2062.4,12.84,29173.88,144940.76,-115766.88,38.6,28.2
1412,2023,Zaid,Groundnut,Punjab,Large,1.47,Clay,6.4,Traditional,Rainfed,174.2,35.8,40.8,69.7,2.72,170.7,1.087,282.0,1.856,2.73,1790.7,10.18,4391.11,65524.58,-61133.47,24.1,25.4
1413,2023,Kharif,Wheat,Bihar,Small,2.1,Black,7.37,High-Yield Variety,Borewell,626.7,30.6,69.4,201.2,5.08,464.4,1.112,287.0,5.166,10.85,,10.89,17502.66,109300.11,-91797.45,39.1,32.3
1414,2021,Zaid,Barley,Jharkhand,Small,1.03,Loamy,6.8,High-Yield Variety,Canal,57.0,32.4,43.5,145.9,3.96,301.4,1.157,403.0,3.488,3.59,1701.6,9.78,5511.43,54012.63,-48501.2,32.3,26.0
1415,2021,Zaid,Wheat,Jharkhand,Small,2.23,Loamy,6.77,High-Yield Variety,Rainfed,95.2,28.7,50.8,87.6,2.38,149.3,2.301,358.0,3.435,7.66,1766.4,10.04,12171.91,95773.26,-83601.35,18.4,11.3
1416,2022,Kharif,Mustard,Punjab,Small,1.23,Black,7.35,Traditional,Rainfed,773.6,30.1,81.9,121.1,3.32,313.3,0.792,396.0,2.481,3.05,1830.7,11.97,4915.33,66312.51,-61397.18,44.5,40.9
1417,2023,Rabi,Rice,Bihar,Large,3.33,Alluvial,6.1,Traditional,Sprinkler,244.9,25.3,47.9,105.9,2.26,282.3,2.026,345.0,5.719,19.05,2003.9,4.71,36375.43,147379.88,-111004.45,31.7,34.0
1418,2023,Kharif,Sugarcane,Bihar,Large,1.49,Loamy,7.53,High-Yield Variety,Canal,810.3,30.1,67.1,173.5,5.1,493.7,7.331,332.0,36.189,53.92,,4.83,81742.04,84550.71,-2808.67,46.3,32.6
1419,2023,Kharif,Mustard,West Bengal,Small,4.05,Clay,6.5,Traditional,Rainfed,741.9,29.0,87.1,127.5,6.43,252.2,1.214,350.0,3.063,12.4,2022.8,10.24,22513.52,198824.06,-176310.54,35.7,34.6
1420,2021,Kharif,Wheat,Odisha,Medium,3.74,Black,6.26,High-Yield Variety,Rainfed,740.7,26.6,82.9,152.3,5.09,255.5,1.398,439.0,3.573,13.36,1905.5,3.92,24458.89,180102.23,-155643.34,43.5,31.3
1421,2024,Rabi,Barley,Chhattisgarh,Small,1.52,Black,6.67,Traditional,Borewell,191.0,22.6,58.7,143.6,1.72,310.3,1.324,197.0,4.108,6.24,2166.5,6.68,12616.72,73223.32,-60606.6,22.3,18.1
1422,2022,Rabi,Groundnut,Odisha,Small,2.14,Sandy,6.1,High-Yield Variety,Canal,161.2,22.9,63.6,163.4,2.62,277.6,1.225,299.0,3.401,7.28,1999.0,9.99,13098.46,97150.27,-84051.81,23.2,24.5
1423,2023,Rabi,Rice,Punjab,Small,4.25,Sandy,6.2,High-Yield Variety,Drip,132.5,26.0,62.2,126.2,3.69,181.0,3.351,221.0,6.064,25.77,1952.8,6.67,46967.43,182593.66,-135626.23,23.5,16.7
1424,2023,Kharif,Maize,Odisha,Medium,3.41,Alluvial,6.72,Traditional,Canal,739.1,25.3,85.8,,3.38,551.8,1.237,245.0,6.824,23.27,1650.9,6.45,35939.65,164264.32,-128324.67,48.4,43.0
1425,2024,Kharif,Maize,Bihar,Small,2.83,Black,6.87,High-Yield Variety,Borewell,648.7,26.5,72.1,116.6,4.31,493.5,1.219,318.0,6.018,17.03,1924.2,9.05,29804.98,148181.97,-118376.99,28.2,16.9
1426,2024,Kharif,Rice,Punjab,Small,3.58,Alluvial,6.66,Traditional,Rainfed,871.8,29.0,80.7,152.8,3.9,321.9,1.758,301.0,5.657,20.25,1680.6,4.47,32511.14,168065.74,-135554.6,29.6,31.9
1427,2021,Kharif,Maize,Chhattisgarh,Large,4.15,Alluvial,6.87,High-Yield Variety,Canal,778.8,28.8,73.5,134.9,3.54,507.8,1.374,396.0,6.977,28.96,1986.7,6.06,54048.02,200760.22,-146712.2,44.8,44.5
1428,2021,Rabi,Barley,Chhattisgarh,Small,1.9,Alluvial,6.24,High-Yield Variety,Sprinkler,135.7,25.0,59.5,111.9,2.97,238.6,1.763,251.0,4.205,7.99,2125.9,6.46,15888.98,92031.53,-76142.55,25.8,28.3
1429,2023,Rabi,Barley,Bihar,Small,3.84,Loamy,7.23,Traditional,Rainfed,146.4,23.1,54.1,67.4,4.63,145.2,3.051,247.0,4.431,17.02,1893.0,7.13,29921.56,162458.57,-132537.01,17.6,13.9
1430,2024,Rabi,Mustard,Bihar,Small,1.55,Loamy,6.52,High-Yield Variety,Drip,307.5,21.2,67.7,146.4,2.47,238.1,1.305,400.0,3.108,4.82,2108.2,9.13,9233.79,73678.98,-64445.19,30.7,23.3
1431,2021,Rabi,Groundnut,Bihar,Medium,0.64,Sandy,6.42,High-Yield Variety,Drip,219.3,19.9,56.6,98.9,3.15,239.8,1.571,303.0,3.767,2.41,1840.5,7.94,4083.41,39332.05,-35248.64,28.5,28.3
1432,2024,Rabi,Maize,Bihar,Medium,2.82,Black,6.08,High-Yield Variety,Drip,252.8,19.7,60.6,111.1,3.34,197.0,3.462,294.0,6.821,19.24,2166.5,8.36,38197.3,125759.99,-87562.69,20.3,18.6
1433,2021,Kharif,Maize,West Bengal,Medium,4.98,Clay,6.84,Traditional,Drip,837.4,30.2,81.8,161.9,4.67,347.3,2.092,220.0,7.266,36.18,1864.0,9.57,60985.81,239683.89,-178698.08,49.6,40.3
1434,2024,Zaid,Barley,Odisha,Small,0.84,Sandy,6.57,Traditional,Canal,118.3,33.3,51.5,124.2,1.65,322.3,0.991,275.0,3.194,2.68,1558.4,9.24,3790.8,41829.18,-38038.38,33.4,33.5
1435,2022,Kharif,Maize,Assam,Small,3.2,Sandy,6.14,Traditional,Sprinkler,797.9,32.7,89.4,131.7,3.43,406.3,1.66,238.0,6.744,21.58,2119.8,6.4,42818.48,152447.69,-109629.21,46.0,41.2
1436,2024,Rabi,Maize,Chhattisgarh,Medium,1.35,Sandy,7.01,High-Yield Variety,Canal,287.9,22.4,59.8,126.8,1.09,347.1,1.839,318.0,6.385,8.62,2098.3,7.92,16655.8,68622.31,-51966.51,16.0,16.0
1437,2021,Kharif,Barley,Assam,Medium,2.13,Sandy,5.86,High-Yield Variety,Sprinkler,649.5,26.3,81.1,168.2,3.7,375.7,1.378,74.0,5.177,11.03,1944.5,6.92,19964.86,101902.17,-81937.31,44.7,30.0
1438,2021,Kharif,Soybean,Odisha,Small,2.35,Black,7.16,Traditional,Sprinkler,843.4,26.6,79.6,119.5,2.53,422.2,1.195,250.0,5.047,11.86,1566.1,4.63,17713.41,113684.46,-95971.05,47.7,52.2
1439,2023,Rabi,Wheat,Assam,Small,3.08,Clay,7.18,High-Yield Variety,Rainfed,,23.6,56.0,117.3,4.04,174.6,2.204,241.0,3.846,11.85,2042.0,13.36,20963.95,133595.66,-112631.71,26.7,19.2
1440,2023,Rabi,Maize,Chhattisgarh,Small,1.6,Sandy,6.78,Traditional,Canal,390.6,20.8,51.6,140.0,4.23,395.8,1.436,252.0,5.683,9.09,2133.3,3.09,18792.34,77070.31,-58277.97,27.1,24.0
1441,2023,Rabi,Mustard,West Bengal,Medium,2.57,Loamy,6.82,High-Yield Variety,Borewell,113.9,18.5,68.5,109.6,2.95,280.6,0.995,303.0,2.791,7.17,1893.9,5.42,12842.93,119481.43,-106638.5,25.6,16.1
1442,2024,Kharif,Sugarcane,Odisha,Medium,1.5,Clay,5.73,Traditional,Borewell,771.4,29.3,78.9,130.6,3.92,584.5,5.785,380.0,33.816,50.72,1843.0,5.28,88537.88,81781.66,6756.22,54.1,45.3
1443,2024,Kharif,Sugarcane,Assam,Small,1.47,Loamy,6.45,Traditional,Drip,773.0,29.2,73.4,105.3,4.03,329.5,12.256,268.0,40.388,59.37,1819.1,7.22,100206.07,79991.85,20214.22,22.8,17.2
1444,2022,Rabi,Wheat,Bihar,Small,3.55,Clay,5.37,Traditional,Canal,228.2,19.8,58.1,79.8,2.64,314.0,1.617,395.0,5.077,18.02,1845.4,6.5,31093.54,150593.76,-119500.22,13.9,8.7
1445,2022,Kharif,Groundnut,Assam,Small,1.8,Alluvial,,High-Yield Variety,Borewell,744.5,25.8,74.2,124.4,4.65,578.3,0.618,139.0,3.576,6.44,2098.7,9.9,12178.15,96088.72,-83910.57,37.6,40.5
1446,2024,Kharif,Groundnut,Uttar Pradesh,Small,3.65,Alluvial,6.36,High-Yield Variety,Canal,825.9,30.5,83.4,175.4,2.46,529.1,0.818,393.0,4.327,15.79,1806.5,6.7,26613.68,185371.86,-158758.18,40.3,32.3
1447,2021,Rabi,Barley,Odisha,Small,5.14,Black,6.52,High-Yield Variety,Drip,175.7,21.0,48.3,136.6,3.44,183.7,2.414,429.0,4.436,22.8,2306.5,7.52,48634.88,222142.59,-173507.71,22.2,15.6
1448,2022,Zaid,Soybean,Odisha,Medium,1.93,Black,6.27,Traditional,Canal,5.0,35.6,48.9,142.1,3.43,181.4,1.899,375.0,3.445,6.65,1873.3,3.91,11969.66,88644.43,-76674.77,21.4,22.2
1449,2023,Kharif,Sugarcane,Bihar,Small,1.4,Sandy,6.48,High-Yield Variety,Borewell,792.0,29.3,85.7,139.9,3.55,594.2,5.811,305.0,34.532,48.34,1603.2,7.01,72063.58,76234.77,-4171.19,46.6,38.1
1450,2023,Zaid,Wheat,Assam,Medium,2.38,Loamy,7.22,High-Yield Variety,Rainfed,95.2,31.6,51.3,73.1,1.09,149.0,2.018,378.0,3.005,7.15,1498.8,7.26,9938.38,105327.21,-95388.83,32.3,32.0
1451,2023,Kharif,Rice,Punjab,Small,3.5,Loamy,7.09,High-Yield Variety,Borewell,787.0,24.2,84.5,147.8,3.89,557.6,1.112,290.0,6.201,21.7,1625.3,9.33,31978.17,179676.46,-147698.29,31.4,20.6
1452,2023,Kharif,Sugarcane,Chhattisgarh,Small,3.55,Loamy,7.13,Traditional,Borewell,796.6,29.4,67.1,117.6,4.31,549.9,6.219,353.0,34.2,121.41,1846.2,12.43,196280.07,176459.76,19820.31,39.2,32.5
1453,2024,Zaid,Maize,Jharkhand,Small,3.99,Sandy,6.59,Traditional,Drip,169.0,34.2,38.8,121.9,5.1,223.2,2.118,237.0,4.727,18.86,1956.5,6.09,34653.11,167961.61,-133308.5,37.1,28.2
1454,2023,Kharif,Rice,Bihar,Small,1.89,Sandy,6.03,High-Yield Variety,Drip,,28.7,75.4,84.5,5.5,324.3,2.141,439.0,6.942,13.12,1894.3,8.06,22849.48,102848.85,-79999.37,36.5,33.9
1455,2022,Rabi,Rice,West Bengal,Small,2.99,Alluvial,6.33,High-Yield Variety,Drip,221.0,21.1,60.9,161.3,4.21,219.8,2.807,364.0,6.171,18.45,1973.6,6.35,34098.91,140401.56,-106302.65,27.1,24.0
1456,2021,Kharif,Rice,Bihar,Large,2.17,Loamy,6.71,High-Yield Variety,Borewell,854.5,32.7,85.9,97.2,2.37,606.5,0.959,192.0,5.818,12.62,1789.4,5.58,21322.6,101791.03,-80468.43,29.5,28.4
1457,2024,Rabi,Wheat,Assam,Small,1.1,Sandy,5.54,Traditional,Drip,247.1,22.9,60.6,96.6,3.01,197.5,2.653,302.0,5.239,5.76,2155.2,9.31,11258.53,48660.62,-37402.09,22.9,15.3
1458,2021,Rabi,Rice,Bihar,Small,3.2,Alluvial,7.37,Traditional,Sprinkler,207.6,17.8,64.9,63.7,3.78,235.8,2.694,203.0,6.351,20.32,2127.6,10.94,38504.49,136305.3,-97800.81,29.2,32.1
1459,2024,Rabi,Soybean,Bihar,Small,1.71,Black,6.95,Traditional,Sprinkler,265.5,24.7,53.0,147.7,3.76,261.6,1.52,323.0,3.976,6.8,2066.5,6.71,13108.84,82371.89,-69263.05,20.9,18.5
1460,2023,Rabi,Groundnut,Bihar,Small,3.3,Loamy,5.61,High-Yield Variety,Canal,191.3,21.6,55.0,80.3,2.8,338.5,0.969,326.0,3.28,10.82,2048.2,8.31,20320.64,146014.08,-125693.44,17.6,12.0
1461,2022,Zaid,Sugarcane,Odisha,Medium,3.62,Sandy,7.09,Traditional,Rainfed,21.0,31.7,43.1,147.1,4.1,129.8,15.07,375.0,19.561,70.81,1488.5,2.48,102790.73,158290.5,-55499.77,25.6,24.1
1462,2024,Kharif,Barley,Assam,Medium,1.1,Black,7.16,High-Yield Variety,Drip,866.3,30.0,78.9,74.5,1.26,386.0,1.483,387.0,5.724,6.3,1925.3,5.09,11511.79,61853.59,-50341.8,34.5,21.9
1463,2021,Rabi,Mustard,Chhattisgarh,Medium,1.93,Loamy,6.34,Traditional,Rainfed,353.4,21.4,62.0,57.1,4.17,192.2,1.039,358.0,1.996,3.85,1903.5,8.48,6706.91,89629.29,-82922.38,34.6,34.8
1464,2021,Zaid,Soybean,Bihar,Small,1.34,Black,6.13,High-Yield Variety,Drip,212.5,33.1,39.7,105.7,1.36,176.2,1.143,318.0,2.014,2.7,1686.1,7.03,4232.34,56470.6,-52238.26,31.8,27.3
1465,2023,Rabi,Wheat,Punjab,Medium,1.1,Black,6.31,High-Yield Variety,Drip,196.5,21.9,46.5,136.7,3.83,237.9,2.154,269.0,5.124,5.64,2285.2,0.5,12824.29,56750.58,-43926.29,25.6,18.1
1466,2024,Kharif,Soybean,Uttar Pradesh,Small,2.16,Sandy,6.28,High-Yield Variety,Canal,773.8,27.5,83.7,182.7,3.01,535.0,0.731,327.0,3.911,8.45,2039.0,7.39,15955.92,115792.89,-99836.97,40.4,40.3
1467,2023,Kharif,Groundnut,Chhattisgarh,Small,1.37,Black,7.45,High-Yield Variety,Canal,805.2,29.1,70.7,168.2,4.26,498.6,0.798,228.0,3.98,5.45,2112.0,5.86,10835.64,72865.47,-62029.83,45.9,38.8
1468,2023,Zaid,Mustard,Assam,Large,2.76,Sandy,6.25,Traditional,Canal,43.8,30.7,43.1,132.2,3.86,317.1,0.829,284.0,2.627,7.25,1514.3,6.93,10217.21,111453.18,-101235.97,45.9,32.0
1469,2021,Kharif,Mustard,Jharkhand,Small,1.05,Black,6.45,High-Yield Variety,Drip,832.1,26.6,87.3,121.1,4.48,357.9,0.973,344.0,3.481,3.66,1788.7,6.69,6108.68,58676.48,-52567.8,22.4,14.3
1470,2021,Zaid,Wheat,Odisha,Small,2.58,Loamy,6.93,Traditional,Rainfed,78.5,33.0,45.2,141.8,3.93,135.8,2.249,381.0,3.053,7.88,1867.3,8.66,13440.25,109806.71,-96366.46,35.9,22.0
1471,2024,Kharif,Wheat,Punjab,Small,1.33,Sandy,6.03,Traditional,Rainfed,751.0,27.7,84.6,147.2,4.57,267.1,1.499,263.0,4.004,5.33,2098.9,8.86,10196.46,68553.19,-58356.73,35.4,25.7
1472,2021,Kharif,Barley,Jharkhand,Small,1.3,Clay,6.67,Traditional,Borewell,835.8,29.3,84.8,96.3,3.05,551.8,0.849,332.0,4.682,6.09,1924.0,10.13,10529.71,72866.28,-62336.57,43.6,35.3
1473,2022,Zaid,Soybean,Uttar Pradesh,Large,1.52,Clay,6.1,High-Yield Variety,Borewell,104.7,35.3,41.6,155.8,3.74,335.7,0.932,308.0,3.13,4.76,1480.5,4.87,6703.65,72731.87,-66028.22,24.3,15.6
1474,2021,Kharif,Barley,West Bengal,Medium,4.82,Sandy,6.25,High-Yield Variety,Drip,861.5,32.5,86.8,86.9,4.33,386.6,1.356,329.0,5.241,25.26,1994.7,6.33,47195.82,229053.8,-181857.98,28.4,28.5
1475,2021,Kharif,Mustard,Jharkhand,Medium,1.53,Sandy,7.09,Traditional,Rainfed,,28.5,76.7,144.5,3.57,261.0,1.036,225.0,,4.13,1753.3,5.63,6833.65,83024.47,-76190.82,24.9,25.1
1476,2022,Rabi,Mustard,Jharkhand,Medium,1.21,Sandy,7.14,High-Yield Variety,Rainfed,175.3,21.4,62.5,130.3,2.56,170.2,1.549,266.0,2.637,3.19,1879.7,5.03,5694.72,55684.13,-49989.41,11.3,8.8
1477,2023,Kharif,Rice,Chhattisgarh,Medium,1.27,Black,,High-Yield Variety,Borewell,740.0,28.0,76.5,127.2,3.69,579.4,1.017,146.0,5.893,7.48,1725.6,8.91,11757.78,65213.78,-53456.0,35.5,37.3
1478,2021,Zaid,Soybean,Chhattisgarh,Small,1.61,Clay,6.38,High-Yield Variety,Canal,5.0,33.4,35.0,102.5,4.76,300.7,1.164,432.0,3.499,5.63,1846.1,1.94,10192.11,78154.35,-67962.24,27.9,30.4
1479,2021,Zaid,Sugarcane,Punjab,Medium,5.73,Clay,5.7,High-Yield Variety,Rainfed,172.7,32.6,50.9,,3.11,200.5,9.849,332.0,19.747,113.15,1776.9,8.14,184681.71,231735.18,-47053.47,43.1,26.1
1480,2022,Kharif,Groundnut,West Bengal,Small,1.1,Sandy,6.37,High-Yield Variety,Borewell,828.9,32.7,85.6,134.5,3.78,582.9,0.554,305.0,,3.55,1761.5,8.32,5732.7,64710.17,-58977.47,31.4,26.3
1481,2021,Kharif,Groundnut,Bihar,Large,3.5,Loamy,7.01,Traditional,Canal,882.8,25.8,79.2,132.1,4.28,522.6,0.871,492.0,4.554,15.94,1787.8,6.07,26767.65,182689.65,-155922.0,45.0,48.7
1482,2023,Zaid,Sugarcane,Uttar Pradesh,Large,1.19,Black,6.52,High-Yield Variety,Drip,36.0,30.6,46.6,99.6,4.07,137.9,19.912,320.0,27.45,32.67,1541.4,2.67,49016.34,59883.49,-10867.15,22.9,25.1
1483,2024,Rabi,Rice,Uttar Pradesh,Small,2.65,Loamy,6.72,High-Yield Variety,Canal,171.5,23.6,53.3,138.2,2.85,289.2,1.889,299.0,5.462,14.47,1876.6,9.42,24595.09,116264.83,-91669.74,26.4,24.1
1484,2024,Kharif,Barley,Jharkhand,Medium,1.53,Alluvial,7.25,High-Yield Variety,Canal,850.9,32.0,65.8,134.7,3.67,518.2,0.972,218.0,5.034,7.7,1952.6,7.72,13874.83,78633.6,-64758.77,19.1,11.5
1485,2024,Rabi,Maize,Jharkhand,Large,2.81,Alluvial,7.14,Traditional,Rainfed,284.3,19.2,62.3,110.2,1.98,163.8,3.149,179.0,5.159,14.5,1888.3,7.22,25404.13,118710.15,-93306.02,36.0,24.0
1486,2023,Kharif,Maize,Bihar,Small,1.6,Sandy,5.39,High-Yield Variety,Canal,780.7,30.9,73.9,69.8,5.31,526.7,1.233,378.0,6.493,10.39,1738.6,8.05,16609.49,91631.77,-75022.28,37.8,39.6
1487,2022,Rabi,Maize,West Bengal,Small,5.03,Loamy,6.58,Traditional,Sprinkler,156.7,18.8,62.1,29.2,2.94,283.8,2.231,369.0,6.332,31.85,1983.2,8.55,57766.54,221119.67,-163353.13,26.1,17.6
1488,2024,Rabi,Soybean,Assam,Medium,2.83,Sandy,7.36,Traditional,Borewell,283.6,21.3,61.6,131.7,4.48,358.4,1.127,247.0,4.04,11.43,2182.4,6.97,23205.27,124931.5,-101726.23,25.1,22.9
1489,2021,Kharif,Mustard,Assam,Large,2.43,Black,6.98,Traditional,Borewell,903.6,29.1,81.7,193.7,3.97,575.2,0.613,409.0,3.529,8.58,1761.9,2.96,14669.93,124012.35,-109342.42,41.2,40.9
1490,2021,Kharif,Groundnut,Assam,Large,2.65,Loamy,7.27,High-Yield Variety,Sprinkler,743.7,26.1,81.7,82.8,3.32,434.3,0.957,237.0,4.158,11.02,1719.8,7.56,17519.89,132537.35,-115017.46,43.6,28.6
1491,2021,Rabi,Soybean,Odisha,Medium,3.14,Loamy,6.57,High-Yield Variety,Canal,109.9,22.0,49.5,107.5,3.5,262.0,1.733,319.0,4.542,14.26,2313.6,9.11,29984.4,136525.84,-106541.44,17.0,10.4
1492,2024,Kharif,Groundnut,Uttar Pradesh,Small,2.74,Sandy,6.66,High-Yield Variety,Borewell,864.0,29.9,93.6,138.6,5.39,579.9,0.662,310.0,3.84,10.52,1992.3,8.92,19090.63,134397.93,-115307.3,38.6,33.4
1493,2022,Rabi,Maize,Bihar,Small,1.41,Sandy,6.42,High-Yield Variety,Sprinkler,145.5,23.4,58.4,168.1,3.26,186.2,3.221,361.0,5.997,8.46,1886.8,9.9,14382.43,73354.43,-58972.0,16.9,17.9
1494,2024,Zaid,Sugarcane,Bihar,Small,2.1,Sandy,6.55,High-Yield Variety,Rainfed,110.6,31.3,41.4,95.9,2.69,177.0,10.794,308.0,19.106,40.12,1697.1,1.26,67227.09,96724.38,-29497.29,17.3,17.9
1495,2024,Rabi,Maize,Odisha,Medium,2.04,Black,6.25,High-Yield Variety,Sprinkler,148.8,23.3,58.0,184.9,2.41,237.4,2.65,326.0,6.29,12.83,2133.3,5.48,25870.31,96961.08,-71090.77,25.0,27.1
1496,2023,Zaid,Mustard,Punjab,Large,2.07,Sandy,6.23,Traditional,Borewell,75.2,33.9,33.2,101.9,3.61,344.4,0.447,262.0,1.541,3.19,1701.7,8.39,4973.09,92664.0,-87690.91,32.0,31.0
1497,2024,Kharif,Barley,Bihar,Medium,1.19,Loamy,6.35,Traditional,Borewell,700.4,29.6,76.2,171.8,5.17,532.7,0.899,415.0,4.789,5.7,,5.16,10202.23,72839.22,-62636.99,36.3,26.2
1498,2022,Zaid,Barley,Odisha,Medium,1.2,Sandy,6.9,Traditional,Rainfed,63.1,30.4,47.0,102.8,4.34,130.9,2.513,269.0,3.289,3.95,1887.5,6.65,6959.64,53428.48,-46468.84,27.0,18.3
1499,2021,Rabi,Groundnut,Assam,Small,1.17,Sandy,7.02,Traditional,Sprinkler,184.6,19.0,47.6,81.1,2.87,229.3,1.896,305.0,4.347,5.09,2000.1,8.1,9355.83,56384.69,-47028.86,27.3,17.5
1500,2024,Zaid,Wheat,Assam,Medium,1.89,Loamy,6.14,Traditional,Canal,64.1,33.5,42.1,104.9,2.84,304.0,1.138,300.0,3.459,6.54,1867.8,7.27,11327.61,80671.47,-69343.86,22.8,18.2
1501,2021,Rabi,Groundnut,Bihar,Small,2.79,Alluvial,6.58,Traditional,Canal,,19.8,60.4,119.4,4.16,304.0,1.038,287.0,3.155,8.8,1797.6,6.64,14768.27,126048.94,-111280.67,15.7,12.8
1502,2022,Rabi,Mustard,Odisha,Large,2.44,Black,7.03,Traditional,Canal,,24.2,57.7,98.7,5.11,315.4,0.941,333.0,2.969,7.24,1989.5,7.48,13326.24,109809.37,-96483.13,27.8,18.6
1503,2024,Kharif,Sugarcane,Odisha,Medium,4.04,Alluvial,6.03,High-Yield Variety,Rainfed,789.9,34.6,75.2,124.2,4.13,292.2,9.318,400.0,27.23,110.01,2059.9,5.77,213534.95,196958.28,16576.67,29.5,26.6
1504,2023,Kharif,Maize,Odisha,Medium,2.83,Clay,6.37,High-Yield Variety,,741.7,31.5,77.2,79.4,5.3,338.9,2.045,259.0,6.93,19.61,1896.7,3.31,35962.73,137018.2,-101055.47,41.8,26.0
1505,2024,Rabi,Soybean,Punjab,Small,2.04,Loamy,6.8,High-Yield Variety,Rainfed,196.4,22.8,63.5,137.9,2.45,218.6,1.511,356.0,3.302,6.74,1909.2,6.21,12069.36,92546.74,-80477.38,25.1,24.3
1506,2024,Kharif,Wheat,Punjab,Medium,2.26,Sandy,6.76,Traditional,Borewell,736.2,28.6,84.8,110.9,4.63,677.7,0.677,245.0,4.59,10.37,1810.2,13.08,16316.35,113337.49,-97021.14,39.1,33.3
1507,2021,Rabi,Barley,Odisha,Large,3.59,Black,6.54,High-Yield Variety,Canal,258.3,18.5,61.5,103.3,3.68,340.2,1.246,263.0,4.238,15.21,2064.0,7.56,29020.19,164254.91,-135234.72,19.9,14.4
1508,2022,Rabi,Mustard,Assam,Medium,3.82,Sandy,6.45,Traditional,Drip,301.4,23.3,49.2,152.3,5.58,234.5,1.391,323.0,3.26,12.45,2001.7,7.36,23087.52,164966.25,-141878.73,21.6,21.5
1509,2022,Zaid,Wheat,West Bengal,Medium,1.37,Sandy,6.94,Traditional,Canal,166.0,35.9,43.0,161.1,3.92,362.2,1.248,441.0,4.521,6.19,1459.5,5.94,8497.02,64787.31,-56290.29,31.0,24.6
1510,2021,Rabi,Mustard,Jharkhand,Small,1.04,Black,6.67,High-Yield Variety,Borewell,349.9,19.1,60.4,,4.52,388.4,0.773,324.0,3.003,3.12,2285.0,13.51,6166.21,50414.14,-44247.93,16.3,14.6
1511,2021,Rabi,Maize,Odisha,Medium,1.97,Sandy,7.51,High-Yield Variety,Canal,335.2,21.6,59.4,101.0,5.3,437.4,1.387,305.0,6.065,11.95,2235.6,2.53,26041.11,94724.84,-68683.73,10.9,8.5
1512,2023,Rabi,Rice,Jharkhand,Medium,1.57,Sandy,6.68,Traditional,Sprinkler,312.5,22.5,56.8,150.4,4.08,310.5,1.692,275.0,5.254,8.25,1966.5,3.97,15579.63,74396.77,-58817.14,34.1,25.2
1513,2021,Kharif,Groundnut,Uttar Pradesh,Small,5.18,Alluvial,5.54,High-Yield Variety,Sprinkler,816.8,27.4,75.7,133.0,4.15,465.8,0.713,397.0,3.321,17.2,2165.0,6.18,34937.85,255140.91,-220203.06,39.1,39.3
1514,2022,Zaid,Rice,Assam,Small,3.02,Loamy,6.57,High-Yield Variety,Canal,106.6,34.3,59.5,,2.68,276.2,1.483,421.0,4.096,12.37,1516.2,8.39,17182.35,128506.08,-111323.73,28.3,19.9
1515,2023,Rabi,Rice,Uttar Pradesh,Small,2.83,Clay,6.97,Traditional,Borewell,312.9,19.0,57.9,122.4,1.96,404.3,1.17,203.0,4.732,13.39,1909.2,12.79,22294.77,127934.81,-105640.04,29.7,24.2
1516,2022,Kharif,Sugarcane,Bihar,Medium,4.22,Loamy,7.6,Traditional,Borewell,743.4,29.6,74.9,139.4,2.95,467.5,7.323,267.0,34.233,144.46,2114.4,7.38,282906.33,202346.34,80559.99,49.6,44.8
1517,2023,Rabi,Rice,Assam,Medium,1.9,Sandy,6.91,High-Yield Variety,Canal,241.6,19.9,53.6,136.3,2.72,407.8,1.385,316.0,5.646,10.73,1977.6,5.33,20089.74,86962.14,-66872.4,21.0,20.6
1518,2023,Kharif,Groundnut,Punjab,Large,1.43,Alluvial,6.63,Traditional,Drip,693.0,29.9,66.5,103.1,4.54,290.7,1.336,408.0,3.882,5.55,1838.8,8.42,9346.15,77552.88,-68206.73,50.5,31.4
1519,2022,Zaid,Wheat,Uttar Pradesh,Medium,3.63,Clay,7.63,High-Yield Variety,Canal,,33.9,56.5,125.2,4.52,191.5,1.827,298.0,3.5,12.7,1642.0,3.33,20158.23,159774.45,-139616.22,18.6,15.8
1520,2021,Rabi,Rice,Chhattisgarh,Medium,3.07,Alluvial,7.18,High-Yield Variety,Canal,153.3,22.9,57.9,102.7,6.84,339.1,1.608,317.0,5.451,16.74,2068.1,8.38,31718.74,137901.79,-106183.05,13.9,8.7
1521,2024,Kharif,Maize,Punjab,Medium,1.03,Black,6.36,Traditional,Canal,735.2,29.3,76.4,123.6,4.44,521.1,1.287,360.0,6.708,6.91,1948.2,7.23,12488.54,59520.43,-47031.89,44.7,27.0
1522,2022,Rabi,Wheat,Bihar,Large,1.52,Clay,6.29,High-Yield Variety,Drip,162.7,24.1,57.6,175.1,2.57,211.3,2.272,379.0,,7.3,,7.42,14045.65,83297.44,-69251.79,17.7,13.2
1523,2023,Rabi,Maize,Assam,Small,3.29,Alluvial,5.87,High-Yield Variety,Canal,61.2,26.5,58.6,104.1,2.45,253.8,2.095,266.0,5.315,17.49,2220.7,4.2,37209.65,138331.23,-101121.58,13.6,12.4
1524,2024,Rabi,Groundnut,Assam,Medium,1.11,Loamy,6.6,High-Yield Variety,Rainfed,252.7,23.5,59.8,114.2,3.18,156.3,1.891,295.0,2.956,3.28,1819.1,7.03,5547.51,54320.75,-48773.24,20.1,19.6
1525,2022,Zaid,Sugarcane,Jharkhand,Small,3.23,Clay,6.57,High-Yield Variety,Sprinkler,7.1,36.5,45.4,167.2,1.94,132.3,19.242,241.0,25.454,82.22,1658.7,10.2,122469.22,136584.91,-14115.69,23.6,16.7
1526,2021,Rabi,Barley,West Bengal,Small,0.96,Black,6.95,High-Yield Variety,Borewell,190.7,21.2,52.7,122.6,3.34,309.3,1.414,421.0,4.374,4.2,2212.3,6.46,8692.0,48920.15,-40228.15,9.1,9.0
1527,2023,Kharif,Maize,Bihar,Small,1.59,Loamy,5.99,High-Yield Variety,Canal,838.0,30.4,80.6,145.2,4.23,569.9,1.153,427.0,6.571,10.45,1742.2,7.08,16917.27,85037.07,-68119.8,27.5,25.6
1528,2024,Zaid,Maize,Odisha,Small,3.0,Black,6.09,High-Yield Variety,Borewell,70.2,30.2,49.1,134.7,4.59,304.6,1.251,264.0,3.812,11.44,1339.0,7.54,14162.75,121142.79,-106980.04,38.5,37.3
1529,2024,Zaid,Sugarcane,Odisha,Small,0.84,Sandy,6.68,Traditional,Canal,184.3,35.1,41.5,137.8,3.03,281.2,8.898,287.0,25.022,21.02,1708.0,7.73,33128.85,43956.08,-10827.23,32.9,22.6
1530,2021,Kharif,Maize,Punjab,Medium,2.37,Sandy,5.85,High-Yield Variety,Canal,824.2,28.2,70.7,97.4,3.12,475.3,1.277,282.0,6.068,14.38,1831.3,5.8,24805.96,122774.22,-97968.26,37.1,33.7
1531,2023,Kharif,Mustard,Odisha,Large,3.12,Black,6.58,Traditional,Canal,769.9,24.1,81.2,136.6,3.95,581.1,0.551,442.0,3.203,9.99,1837.0,5.29,17380.24,158009.58,-140629.34,40.1,42.4
1532,2024,Rabi,Barley,Chhattisgarh,Medium,2.68,Clay,6.17,High-Yield Variety,Sprinkler,139.9,22.4,62.4,123.3,2.93,204.1,1.977,353.0,4.034,10.81,2047.0,7.03,20573.03,119211.54,-98638.51,19.3,16.4
1533,2021,Zaid,Groundnut,Assam,Small,1.22,Clay,7.4,Traditional,,45.0,32.4,45.0,141.0,2.17,109.1,3.332,338.0,3.635,4.43,1846.5,7.76,7545.67,56264.47,-48718.8,29.3,31.7
1534,2024,Rabi,Groundnut,West Bengal,Small,2.49,Clay,6.36,High-Yield Variety,Canal,233.7,22.7,60.9,167.0,2.98,306.0,1.075,318.0,3.29,8.19,2103.7,11.07,15321.62,111152.84,-95831.22,37.1,30.6
1535,2024,Kharif,Rice,Jharkhand,Small,2.24,Clay,6.58,High-Yield Variety,Rainfed,848.7,25.7,76.8,174.5,4.48,299.6,1.405,267.0,4.207,9.42,1699.3,10.06,14396.85,115659.87,-101263.02,34.9,31.3
1536,2024,Zaid,Barley,Punjab,Large,3.12,Clay,6.34,Traditional,Canal,94.6,34.7,43.2,143.7,3.53,311.1,1.092,223.0,3.399,10.61,1662.9,3.0,17113.86,128579.48,-111465.62,30.8,26.5
1537,2022,Kharif,Soybean,Chhattisgarh,Small,1.86,Alluvial,6.37,High-Yield Variety,Rainfed,782.6,30.1,83.9,128.0,4.68,281.1,1.121,268.0,3.151,5.86,1839.7,6.39,10091.56,97393.87,-87302.31,41.4,34.6
1538,2022,Rabi,Soybean,West Bengal,Large,2.34,Sandy,5.61,Traditional,Rainfed,272.9,19.7,58.4,146.7,2.33,171.9,1.576,347.0,2.709,6.34,1811.8,4.33,10990.04,102484.44,-91494.4,27.0,17.0
1539,2021,Kharif,Sugarcane,Bihar,Small,1.72,Clay,7.09,High-Yield Variety,Rainfed,737.2,28.5,64.8,120.4,3.91,270.3,10.486,356.0,28.347,48.76,1927.7,7.41,87027.54,93783.9,-6756.36,27.5,19.1
1540,2023,Zaid,Groundnut,West Bengal,Medium,3.17,Clay,6.1,High-Yield Variety,Drip,52.1,29.2,40.6,128.1,3.01,189.0,1.48,337.0,,8.87,1951.6,6.95,16107.24,135661.62,-119554.38,27.9,26.1
1541,2024,Rabi,Soybean,Punjab,Large,3.74,Sandy,6.32,Traditional,Sprinkler,151.3,20.8,52.0,124.1,2.71,205.7,1.816,353.0,3.736,13.97,2005.3,9.36,25390.9,168543.18,-143152.28,19.9,14.2
1542,2023,Rabi,Rice,Odisha,Medium,2.46,Loamy,6.91,High-Yield Variety,Rainfed,147.2,20.8,70.4,117.8,3.25,155.1,2.942,218.0,4.562,11.22,2188.9,5.78,23139.86,108333.91,-85194.05,25.4,26.4
1543,2022,Kharif,Mustard,Chhattisgarh,Medium,1.33,Loamy,6.58,Traditional,Rainfed,776.4,25.9,80.4,138.6,5.72,298.8,0.919,278.0,2.747,3.65,1935.2,10.94,6290.72,74992.06,-68701.34,57.2,52.9
1544,2024,Zaid,Barley,Chhattisgarh,Medium,0.61,Alluvial,6.48,High-Yield Variety,Sprinkler,111.1,33.8,46.3,106.8,2.71,257.0,1.517,224.0,3.898,2.38,1645.6,6.27,3670.87,36230.67,-32559.8,23.8,22.9
1545,2021,Kharif,Rice,Punjab,Medium,1.24,Clay,6.72,High-Yield Variety,Canal,869.6,27.8,91.7,139.7,2.9,521.7,1.119,239.0,5.836,7.24,1866.8,6.34,12659.32,62396.07,-49736.75,46.1,31.9
1546,2023,Zaid,Groundnut,Bihar,Small,2.77,Sandy,6.91,Traditional,Borewell,160.9,33.8,37.1,,1.81,342.3,0.672,406.0,2.3,6.37,1856.0,8.96,10763.1,120778.23,-110015.13,33.2,29.2
1547,2023,Rabi,Rice,Chhattisgarh,Medium,2.61,Alluvial,7.07,Traditional,Canal,269.2,23.2,65.5,89.6,3.5,395.0,1.324,173.0,5.231,13.65,1901.4,5.52,24519.99,114250.16,-89730.17,26.4,18.3
1548,2023,Rabi,Mustard,Bihar,Small,1.85,Clay,6.17,High-Yield Variety,Sprinkler,303.3,21.5,58.2,134.2,4.56,311.1,0.899,249.0,2.797,5.17,2054.6,4.01,10196.87,88884.42,-78687.55,8.2,7.2
1549,2021,Rabi,Sugarcane,West Bengal,Small,3.13,Black,7.12,High-Yield Variety,Sprinkler,203.7,15.2,53.8,108.8,2.66,253.0,13.271,248.0,33.575,105.09,2027.0,7.5,197029.51,136199.04,60830.47,12.4,10.1
1550,2024,Kharif,Wheat,Jharkhand,Medium,3.57,Alluvial,7.35,High-Yield Variety,Borewell,782.0,23.7,77.2,118.9,1.69,539.9,0.959,398.0,5.179,18.49,2027.1,9.03,34097.69,174256.01,-140158.32,36.1,22.7
1551,2022,Rabi,Mustard,Punjab,Small,1.45,Clay,6.51,High-Yield Variety,Drip,188.8,27.2,50.2,183.1,3.55,190.9,1.761,385.0,3.362,4.87,,7.87,9009.75,68154.52,-59144.77,26.6,18.1
1552,2023,Kharif,Wheat,Assam,Small,3.59,Alluvial,6.08,Traditional,Drip,757.4,31.2,80.3,137.2,4.25,320.6,1.956,308.0,6.27,22.51,1760.6,5.68,37378.06,172399.76,-135021.7,37.2,38.9
1553,2024,Kharif,Barley,Punjab,Small,2.12,Sandy,6.21,High-Yield Variety,Borewell,787.8,32.7,76.5,140.6,2.83,611.2,0.724,241.0,4.425,9.38,,8.94,16849.55,105582.59,-88733.04,37.5,38.2
1554,2021,Rabi,Mustard,West Bengal,Small,1.56,Alluvial,7.79,High-Yield Variety,Sprinkler,118.9,23.7,66.4,179.0,3.6,213.4,1.616,229.0,3.448,5.38,1968.4,4.97,10064.06,76997.06,-66933.0,14.1,8.7
1555,2022,Kharif,Sugarcane,West Bengal,Small,2.28,Loamy,7.1,High-Yield Variety,Rainfed,835.5,29.4,76.3,120.6,4.03,321.5,8.902,344.0,28.62,65.25,1935.6,5.44,119427.38,111085.91,8341.47,41.7,43.4
1556,2021,Rabi,Sugarcane,Assam,Medium,1.38,Loamy,6.79,High-Yield Variety,Rainfed,246.2,23.4,57.4,146.1,3.06,182.4,13.6,311.0,24.806,34.23,2338.2,7.45,74076.49,71573.34,2503.15,15.1,12.0
1557,2023,Rabi,Mustard,Uttar Pradesh,Large,3.47,Clay,6.52,High-Yield Variety,Canal,222.7,22.3,53.3,138.7,2.66,324.3,0.779,292.0,2.525,8.76,1953.4,7.92,15755.75,155233.67,-139477.92,34.7,32.6
1558,2024,Kharif,Groundnut,Bihar,Medium,0.93,Loamy,7.13,High-Yield Variety,Rainfed,804.2,28.5,73.2,153.8,4.57,276.5,1.388,232.0,3.839,3.57,1586.0,4.98,5379.67,53180.49,-47800.82,36.3,23.1
1559,2024,Kharif,Wheat,Odisha,Medium,1.59,Black,6.13,Traditional,Rainfed,832.8,31.0,65.1,113.8,4.13,299.7,1.379,265.0,4.132,6.57,1920.5,8.27,11573.78,89293.63,-77719.85,47.6,35.0
1560,2024,Rabi,Soybean,Uttar Pradesh,Medium,2.99,Sandy,6.94,Traditional,Rainfed,233.7,23.8,57.9,164.0,1.89,195.7,1.404,127.0,2.747,8.21,2021.0,6.81,15462.66,129887.3,-114424.64,27.9,25.4
1561,2022,Kharif,Maize,Chhattisgarh,Small,3.54,Sandy,6.46,High-Yield Variety,Rainfed,914.1,30.0,84.7,103.4,3.07,321.4,1.434,234.0,4.608,16.31,1744.6,4.96,27043.72,177070.21,-150026.49,29.4,30.3
1562,2023,Rabi,Sugarcane,West Bengal,Small,3.77,Clay,7.59,High-Yield Variety,Borewell,238.1,22.1,54.5,112.9,4.46,349.1,8.593,294.0,30.002,113.11,1954.2,16.0,185681.91,169308.16,16373.75,19.3,17.9
1563,2021,Rabi,Mustard,Bihar,Medium,4.05,Clay,6.97,Traditional,Borewell,275.9,21.9,51.2,100.5,3.85,351.9,0.606,318.0,2.133,8.64,1925.2,5.72,15682.32,176678.44,-160996.12,38.2,40.8
1564,2024,Kharif,Mustard,Odisha,Medium,0.9,Loamy,7.34,High-Yield Variety,Borewell,,30.9,83.3,154.5,3.46,538.7,0.673,280.0,3.624,3.26,1747.2,6.3,5337.02,57883.45,-52546.43,36.2,38.7
1565,2021,Zaid,Wheat,Punjab,Small,2.13,Clay,6.91,High-Yield Variety,Rainfed,71.0,34.6,37.4,95.0,4.3,154.5,2.396,305.0,3.703,7.89,1601.0,5.54,11931.55,91669.4,-79737.85,28.9,27.1
1566,2022,Kharif,Barley,Assam,Large,1.06,Alluvial,6.86,Traditional,Rainfed,860.5,28.2,76.8,151.6,1.8,300.6,1.36,195.0,4.087,4.33,1813.6,11.9,6917.96,52885.52,-45967.56,39.6,43.5
1567,2024,Kharif,Wheat,Jharkhand,Small,1.83,Clay,6.61,High-Yield Variety,Rainfed,679.6,26.9,78.7,117.8,5.42,258.1,1.559,234.0,4.022,7.36,1869.5,7.79,12687.56,97061.33,-84373.77,45.6,46.9
1568,2023,Zaid,Mustard,Punjab,Small,1.63,Sandy,6.33,High-Yield Variety,Rainfed,88.6,34.4,56.1,111.1,3.99,84.9,1.581,218.0,1.343,2.19,1534.2,7.28,3115.39,70320.57,-67205.18,33.3,23.0
1569,2021,Kharif,Maize,Bihar,Medium,2.91,Loamy,6.43,High-Yield Variety,Rainfed,840.1,28.8,73.8,116.3,4.7,296.4,1.923,444.0,5.701,16.59,1775.9,4.96,28001.04,146341.15,-118340.11,17.3,16.0
1570,2021,Kharif,Soybean,Uttar Pradesh,Medium,1.77,Loamy,6.17,High-Yield Variety,Canal,862.6,33.1,72.6,139.5,3.67,526.9,0.712,394.0,3.752,6.64,1801.7,3.18,11582.64,86869.85,-75287.21,29.1,30.0
1571,2022,Rabi,Barley,Jharkhand,Small,1.2,Alluvial,6.87,Traditional,Borewell,248.2,23.0,49.7,158.7,4.0,322.3,1.255,352.0,4.045,4.85,2023.6,4.74,9349.43,68452.39,-59102.96,34.2,30.6
1572,2023,Rabi,Maize,Chhattisgarh,Small,2.75,Clay,6.93,High-Yield Variety,Borewell,118.9,21.9,63.4,152.5,3.08,308.0,1.812,338.0,5.581,15.35,1878.5,7.9,26556.63,120359.97,-93803.34,14.4,11.5
1573,2024,Kharif,Wheat,Jharkhand,Small,2.31,Loamy,7.26,High-Yield Variety,Sprinkler,797.2,26.9,78.2,133.8,2.1,468.3,1.249,150.0,5.847,13.51,1890.9,7.56,23615.4,113470.33,-89854.93,38.7,37.6
1574,2021,Zaid,Barley,Uttar Pradesh,Large,2.66,Sandy,6.8,High-Yield Variety,Rainfed,136.0,33.0,43.1,77.5,3.45,188.1,1.404,263.0,2.641,7.03,1764.4,10.61,11086.95,115240.82,-104153.87,34.3,32.1
1575,2022,Rabi,Sugarcane,Jharkhand,Small,1.39,Black,5.92,High-Yield Variety,Sprinkler,202.2,20.4,66.4,117.8,3.22,233.5,14.006,304.0,32.7,45.45,2237.7,7.8,93768.89,64487.25,29281.64,20.1,21.1
1576,2023,Kharif,Barley,Bihar,Small,0.91,Alluvial,6.62,Traditional,Canal,777.2,29.1,71.8,107.3,5.52,448.9,1.159,373.0,5.2,4.73,1772.0,7.14,7783.1,57094.24,-49311.14,45.5,29.9
1577,2024,Rabi,Barley,Bihar,Small,1.5,Alluvial,6.43,High-Yield Variety,Rainfed,176.4,18.5,53.8,128.1,2.99,192.1,1.516,275.0,2.912,4.37,2120.9,7.4,8582.15,71422.5,-62840.35,25.8,24.4
1578,2022,Kharif,Barley,Jharkhand,Medium,5.59,Loamy,5.89,Traditional,Canal,676.2,31.5,78.1,94.9,2.83,501.8,0.919,385.0,4.614,25.79,1855.3,10.91,42629.62,267349.24,-224719.62,47.2,36.9
1579,2024,Kharif,Soybean,Chhattisgarh,Medium,3.35,Black,7.01,High-Yield Variety,Drip,789.4,29.7,82.1,113.5,5.08,355.1,1.466,205.0,5.206,17.44,1826.9,4.42,30452.58,160836.07,-130383.49,31.3,27.6
1580,2021,Kharif,Barley,Bihar,Medium,1.42,Loamy,7.24,Traditional,Borewell,805.0,25.3,80.6,114.9,4.9,600.1,0.85,313.0,5.101,7.24,1895.8,7.52,12693.23,80340.14,-67646.91,40.3,43.3
1581,2021,Kharif,Wheat,West Bengal,Medium,2.5,Black,7.37,High-Yield Variety,Rainfed,,28.4,77.9,132.1,1.54,275.6,1.655,278.0,4.561,11.4,2068.8,3.93,22657.59,131300.52,-108642.93,37.4,36.2
1582,2021,Kharif,Sugarcane,Chhattisgarh,Medium,3.1,Sandy,6.6,Traditional,Canal,843.9,29.7,86.8,132.5,4.87,577.1,6.197,311.0,35.764,110.87,2101.1,7.79,214794.79,157807.52,56987.27,49.0,43.0
1583,2024,Rabi,Soybean,Chhattisgarh,Small,1.24,Black,6.71,Traditional,Canal,275.2,20.0,62.8,67.9,4.02,380.0,1.045,58.0,3.973,4.93,2158.2,6.0,10001.66,58853.12,-48851.46,24.5,26.7
1584,2023,Kharif,Maize,Chhattisgarh,Medium,1.31,Black,6.53,High-Yield Variety,Canal,873.1,32.5,85.1,121.6,3.39,547.6,1.172,331.0,6.418,8.41,1708.2,6.56,13423.07,74737.28,-61314.21,44.5,34.7
1585,2022,Kharif,Sugarcane,Bihar,Large,3.13,Sandy,7.03,High-Yield Variety,Sprinkler,720.6,26.5,78.9,102.2,1.65,431.0,8.728,275.0,37.619,117.75,2181.4,9.63,232134.51,153153.78,78980.73,47.9,30.2
1586,2022,Kharif,Maize,Chhattisgarh,Small,2.58,Loamy,6.88,High-Yield Variety,Drip,866.1,26.9,83.1,147.3,4.35,343.7,2.081,190.0,7.153,18.46,1892.6,11.71,30847.59,128970.4,-98122.81,45.5,49.7
1587,2022,Kharif,Mustard,Jharkhand,Small,1.37,Loamy,7.6,High-Yield Variety,Drip,657.2,29.6,82.2,158.7,4.03,321.8,1.492,393.0,4.8,6.58,1537.1,5.09,9598.66,73974.27,-64375.61,26.9,25.1
1588,2021,Kharif,Rice,Assam,Small,2.95,Alluvial,7.53,High-Yield Variety,Rainfed,838.9,27.9,76.1,128.8,6.02,295.8,1.652,160.0,4.885,14.41,1993.6,9.15,26098.72,139509.42,-113410.7,31.2,22.3
1589,2023,Kharif,Maize,Assam,Small,3.24,Sandy,6.04,Traditional,Borewell,714.0,25.5,72.1,192.8,2.61,548.2,1.175,296.0,6.442,20.87,1878.5,8.29,35953.19,154500.3,-118547.11,25.8,20.5
1590,2022,Kharif,Soybean,Jharkhand,Small,3.72,Alluvial,6.63,Traditional,Canal,867.7,28.9,70.9,108.6,3.57,492.0,0.802,379.0,3.947,14.68,1875.4,7.96,25340.29,177818.82,-152478.53,48.4,29.4
1591,2024,Kharif,Wheat,Jharkhand,Medium,5.23,Sandy,6.45,High-Yield Variety,Sprinkler,724.0,28.3,83.8,107.5,3.01,361.1,1.582,333.0,5.712,29.88,1914.6,8.12,52560.98,254585.29,-202024.31,40.7,39.8
1592,2023,Rabi,Barley,Chhattisgarh,Medium,2.38,Black,5.08,High-Yield Variety,Rainfed,318.1,19.6,57.6,152.2,2.61,193.8,1.477,407.0,2.863,6.81,2087.4,7.63,13130.54,108544.42,-95413.88,20.7,20.1
1593,2024,Zaid,Barley,Punjab,Small,0.95,Loamy,6.39,Traditional,Rainfed,72.0,36.2,45.1,,2.41,184.0,1.656,310.0,3.047,2.89,1466.9,5.62,4000.97,51177.55,-47176.58,32.1,24.0
1594,2023,Zaid,Rice,Assam,Small,0.86,Loamy,6.85,High-Yield Variety,Canal,135.2,29.7,43.6,207.1,4.11,333.9,1.306,374.0,4.36,3.75,1637.4,9.46,5559.51,41209.3,-35649.79,17.6,12.0
1595,2023,Kharif,Wheat,Jharkhand,Small,2.33,Black,6.15,High-Yield Variety,Rainfed,730.9,28.9,81.9,118.5,3.28,296.9,1.413,268.0,4.194,9.77,1873.0,10.54,16371.34,118709.9,-102338.56,33.6,27.6
1596,2022,Rabi,Barley,Chhattisgarh,Medium,3.87,Alluvial,6.23,High-Yield Variety,Borewell,220.5,21.2,63.7,103.8,4.85,325.4,1.411,335.0,4.59,17.76,2095.3,2.49,36287.84,166546.51,-130258.67,24.6,26.7
1597,2024,Rabi,Barley,Odisha,Medium,2.58,Black,6.54,Traditional,Borewell,223.1,19.4,53.1,161.9,3.86,281.1,1.27,363.0,3.569,9.21,2174.6,3.72,19282.44,123386.93,-104104.49,7.8,8.3
1598,2022,Kharif,Soybean,Uttar Pradesh,Small,5.56,Alluvial,7.53,Traditional,Canal,686.3,27.3,81.6,162.3,2.62,461.8,1.08,246.0,4.989,27.74,1853.1,8.5,47035.93,263418.28,-216382.35,48.1,29.5
1599,2024,Kharif,Mustard,Punjab,Medium,1.89,Alluvial,7.13,High-Yield Variety,Rainfed,759.3,29.7,70.1,83.8,4.07,251.0,1.095,390.0,2.748,5.19,1979.5,5.99,9657.94,99622.93,-89964.99,40.7,29.2
1600,2021,Kharif,Sugarcane,Jharkhand,Small,3.87,Alluvial,6.06,Traditional,Canal,778.3,30.9,77.0,142.0,2.17,509.1,6.942,316.0,35.342,136.77,1450.4,9.54,179437.63,194589.12,-15151.49,51.3,45.1
1601,2023,Kharif,Wheat,Bihar,Large,2.98,Loamy,6.89,High-Yield Variety,Canal,733.1,27.6,79.4,102.3,2.01,491.4,1.269,380.0,6.234,18.58,1684.5,7.23,29033.43,148482.29,-119448.86,37.1,26.0
1602,2021,Rabi,Sugarcane,Assam,Small,2.06,Black,6.88,High-Yield Variety,Borewell,227.0,22.6,60.9,149.1,1.3,362.1,8.312,494.0,30.094,61.99,1700.9,5.77,99350.37,101566.07,-2215.7,30.1,21.6
1603,2021,Zaid,Soybean,Punjab,Large,1.04,Loamy,5.53,Traditional,Rainfed,164.5,34.9,43.5,91.8,3.18,204.1,1.299,206.0,2.652,2.76,1781.2,1.31,4851.77,43456.0,-38604.23,34.5,25.8
1604,2024,Rabi,Barley,Uttar Pradesh,Medium,2.03,Loamy,6.53,Traditional,Rainfed,191.4,22.7,61.6,68.6,2.98,189.5,2.024,263.0,3.836,7.79,2042.0,7.19,14764.32,99606.03,-84841.71,37.0,29.4
1605,2022,Zaid,Rice,Punjab,Medium,2.82,Black,6.15,Traditional,Canal,12.5,32.0,43.4,118.1,5.1,250.0,1.645,292.0,4.112,11.6,1595.0,5.28,17526.03,116178.87,-98652.84,34.4,32.5
1606,2024,Rabi,Sugarcane,Punjab,Medium,1.6,Black,6.66,High-Yield Variety,Borewell,260.6,25.1,51.5,113.1,3.0,355.9,8.483,347.0,30.195,48.31,2298.0,3.93,106651.47,79202.2,27449.27,30.5,27.6
1607,2021,Rabi,Sugarcane,Uttar Pradesh,Small,2.1,Black,6.99,Traditional,Drip,155.3,23.5,60.1,82.4,1.75,178.1,19.862,267.0,35.377,74.29,2039.4,8.46,138690.3,91091.86,47598.44,14.3,11.7
1608,2024,Zaid,Maize,Chhattisgarh,Small,1.4,Alluvial,6.87,High-Yield Variety,Sprinkler,96.6,36.6,58.5,104.5,2.79,292.2,1.686,292.0,4.927,6.9,1796.1,11.2,11005.45,68779.39,-57773.94,26.9,26.4
1609,2023,Kharif,Soybean,Jharkhand,Small,1.47,Loamy,6.53,Traditional,Borewell,766.5,28.4,72.2,143.9,3.92,522.9,0.804,241.0,4.204,6.18,1848.3,5.75,10765.87,86848.06,-76082.19,46.4,49.2
1610,2021,Zaid,Wheat,Odisha,Large,1.43,Black,7.03,Traditional,Drip,66.5,33.8,38.8,178.3,3.12,122.5,3.511,308.0,4.301,6.15,1588.9,8.66,8925.14,66595.96,-57670.82,38.7,36.5
1611,2023,Rabi,Mustard,Jharkhand,Small,2.42,Sandy,7.16,Traditional,Canal,302.5,20.2,51.2,80.4,0.91,329.9,1.104,176.0,3.643,8.82,2195.3,6.49,18106.0,109958.55,-91852.55,26.6,20.8
1612,2022,Rabi,Wheat,West Bengal,Large,2.3,Loamy,,High-Yield Variety,Drip,127.3,18.3,48.3,132.9,2.49,200.9,2.693,281.0,5.41,12.44,2060.0,6.28,24017.13,93647.3,-69630.17,22.7,18.8
1613,2024,Kharif,Wheat,Assam,Small,6.04,Black,6.62,High-Yield Variety,Canal,844.7,27.7,78.0,109.8,4.6,541.5,1.039,326.0,5.624,33.97,1572.3,7.0,49673.35,283703.01,-234029.66,43.6,40.1
1614,2023,Rabi,Soybean,Odisha,Medium,1.09,Loamy,6.8,High-Yield Variety,Rainfed,175.3,19.6,69.1,84.3,6.26,172.5,1.898,275.0,3.274,3.57,2010.0,7.27,6654.12,55367.65,-48713.53,19.3,17.8
1615,2024,Rabi,Rice,Chhattisgarh,Small,0.84,Sandy,5.95,High-Yield Variety,Rainfed,226.7,20.5,62.5,96.1,1.53,202.4,1.927,186.0,3.9,3.28,1965.1,8.49,5898.51,48493.97,-42595.46,6.0,5.6
1616,2023,Rabi,Groundnut,Chhattisgarh,Small,3.03,Sandy,5.72,High-Yield Variety,Borewell,129.8,23.4,57.8,82.4,3.77,262.6,1.141,348.0,2.997,9.08,2279.5,6.24,19406.57,131765.62,-112359.05,14.9,16.1
1617,2023,Rabi,Wheat,Odisha,Small,3.15,Sandy,6.57,Traditional,Canal,189.2,22.2,61.3,118.3,1.3,346.9,1.317,411.0,4.567,14.39,1930.6,5.73,26189.16,136721.45,-110532.29,22.4,19.7
1618,2021,Rabi,Barley,Punjab,Large,1.71,Clay,6.86,Traditional,Drip,223.9,24.9,59.9,96.0,3.7,205.7,2.305,190.0,4.742,8.11,1936.0,6.11,14741.48,80706.68,-65965.2,23.1,17.6
1619,2022,Kharif,Soybean,West Bengal,Small,3.59,Loamy,6.37,Traditional,Borewell,904.2,26.8,73.7,171.6,4.51,581.1,0.559,454.0,3.248,11.66,1889.9,6.29,20650.25,184535.45,-163885.2,37.7,32.5
1620,2021,Rabi,Mustard,Chhattisgarh,Small,1.32,Clay,6.14,Traditional,Canal,207.4,20.1,65.5,119.0,3.72,280.4,1.308,320.0,3.667,4.84,2203.1,5.62,10063.62,69065.75,-59002.13,26.2,22.1
1621,2023,Rabi,Soybean,West Bengal,Small,1.38,Black,6.29,High-Yield Variety,Borewell,189.1,21.3,55.5,140.0,4.28,388.2,0.885,327.0,3.437,4.74,1962.9,8.76,8488.95,68796.79,-60307.84,27.6,23.5
1622,2024,Kharif,Wheat,Jharkhand,Small,1.3,Sandy,5.31,High-Yield Variety,Drip,,33.1,72.7,97.1,4.09,370.2,1.5,363.0,,7.22,1693.1,4.09,11724.04,68029.05,-56305.01,37.4,27.4
1623,2022,Rabi,Soybean,Punjab,Small,2.22,Sandy,7.3,High-Yield Variety,Sprinkler,238.7,21.3,65.4,105.5,3.45,221.8,2.19,278.0,4.858,10.79,2233.8,7.77,22229.79,103171.36,-80941.57,14.3,8.9
1624,2021,Rabi,Sugarcane,Chhattisgarh,Medium,3.16,Black,6.32,Traditional,Drip,196.8,17.8,64.6,134.6,3.56,194.2,17.843,241.0,34.657,109.52,1975.3,7.48,200155.85,136053.29,64102.56,14.7,13.9
1625,2021,Rabi,Barley,Uttar Pradesh,Large,1.42,Alluvial,7.45,High-Yield Variety,Canal,355.3,21.4,61.2,88.7,2.76,341.3,1.362,269.0,4.649,6.6,2007.2,1.55,13042.47,71105.97,-58063.5,12.5,12.6
1626,2021,Kharif,Mustard,Assam,Medium,1.93,Loamy,6.82,Traditional,Sprinkler,774.8,29.7,80.7,139.7,4.0,380.0,0.876,313.0,3.327,6.42,1821.5,6.05,10986.89,97555.2,-86568.31,50.1,33.6
1627,2024,Rabi,Wheat,Bihar,Medium,1.24,Alluvial,,High-Yield Variety,Drip,163.7,17.7,57.0,68.7,2.77,184.0,3.32,380.0,6.107,7.57,1943.7,7.81,13565.15,56682.13,-43116.98,52.7,52.4
1628,2021,Rabi,Groundnut,West Bengal,Large,1.78,Black,7.14,High-Yield Variety,Rainfed,325.5,24.3,49.1,120.4,3.35,188.5,1.516,247.0,2.856,5.08,2380.0,6.34,11324.06,89470.05,-78145.99,16.9,13.3
1629,2022,Rabi,Wheat,Jharkhand,Medium,4.01,Alluvial,6.96,Traditional,Sprinkler,189.8,23.5,58.4,95.5,4.98,283.5,1.856,376.0,5.263,21.1,1976.6,4.09,40001.19,174121.51,-134120.32,35.8,35.8
1630,2022,Kharif,Rice,Odisha,Small,2.24,Alluvial,6.74,High-Yield Variety,Canal,807.8,35.8,79.5,110.1,4.99,530.2,1.213,419.0,6.433,14.41,1795.7,9.25,23483.03,119077.76,-95594.73,33.2,33.8
1631,2021,Rabi,Groundnut,Odisha,Medium,1.85,Loamy,7.07,Traditional,Sprinkler,128.5,23.3,57.9,185.9,2.99,214.8,2.04,380.0,,8.1,2013.8,5.75,15374.67,86717.76,-71343.09,21.0,22.5
1632,2024,Rabi,Barley,Bihar,Medium,1.82,Sandy,6.65,Traditional,Rainfed,171.0,17.9,64.2,163.8,2.12,135.0,3.059,281.0,4.129,7.52,2057.4,4.17,14825.79,87239.1,-72413.31,19.1,17.8
1633,2021,Zaid,Groundnut,Chhattisgarh,Large,2.11,Alluvial,6.48,High-Yield Variety,Canal,209.4,32.0,47.0,144.3,5.08,252.0,1.221,369.0,3.077,6.49,1632.8,12.06,9319.26,101336.61,-92017.35,44.7,27.3
1634,2023,Kharif,Barley,Odisha,Small,2.88,Black,7.01,High-Yield Variety,Borewell,780.5,25.9,77.2,125.5,3.82,523.0,0.879,343.0,4.6,13.25,1941.4,12.07,22618.97,147334.78,-124715.81,42.9,30.4
1635,2024,Zaid,Barley,Chhattisgarh,Small,8.11,Black,7.36,High-Yield Variety,Rainfed,147.3,31.7,40.2,136.4,3.39,164.3,2.04,309.0,3.352,27.18,1996.6,7.81,50029.93,330528.89,-280498.96,24.5,20.7
1636,2023,Rabi,Groundnut,Punjab,Small,2.61,Black,6.99,Traditional,Rainfed,222.3,25.1,61.1,118.5,2.97,180.7,1.486,218.0,2.686,7.01,2273.5,5.71,15027.72,113733.7,-98705.98,27.5,22.7
1637,2023,Rabi,Wheat,Punjab,Medium,4.39,Black,6.47,High-Yield Variety,Canal,127.1,21.6,56.4,155.3,5.08,314.6,1.412,312.0,4.442,19.5,2093.6,9.07,37122.93,196281.77,-159158.84,17.9,13.7
1638,2022,Zaid,Rice,Jharkhand,Small,2.1,Black,7.13,Traditional,Borewell,82.9,29.3,45.2,52.9,2.51,350.6,1.092,402.0,3.829,8.04,1804.4,6.81,13519.12,94896.98,-81377.86,19.6,14.0
1639,2021,Zaid,Wheat,Punjab,Large,0.87,Sandy,6.51,High-Yield Variety,Borewell,204.3,30.6,30.4,88.6,3.14,325.5,1.148,268.0,3.737,3.25,1761.4,4.4,5472.72,44337.69,-38864.97,21.9,21.4
1640,2021,Kharif,Wheat,Assam,Large,1.88,Alluvial,7.24,Traditional,Sprinkler,789.1,25.3,70.7,158.2,3.72,433.1,1.389,250.0,6.014,11.31,1993.0,9.64,20367.98,92820.08,-72452.1,50.2,41.0
1641,2021,Kharif,Maize,Odisha,Large,2.43,Sandy,6.3,Traditional,Canal,761.3,29.0,75.2,161.2,5.47,471.4,1.398,279.0,6.588,16.01,2128.7,7.41,31555.62,122419.17,-90863.55,42.5,40.1
1642,2021,Kharif,Soybean,Punjab,Large,1.7,Clay,6.49,High-Yield Variety,Rainfed,814.4,29.0,79.0,125.7,3.69,297.4,1.19,392.0,3.539,6.02,1950.1,9.96,10570.69,87906.24,-77335.55,35.3,25.9
1643,2021,Rabi,Soybean,Bihar,Small,2.61,Black,6.35,Traditional,Drip,170.3,18.0,49.2,145.7,3.73,207.7,2.074,291.0,4.308,11.24,1790.7,9.89,18137.18,121131.66,-102994.48,32.3,34.1
1644,2022,Rabi,Maize,Punjab,Medium,3.76,Loamy,6.46,High-Yield Variety,Borewell,,22.8,62.3,129.8,3.95,338.2,1.614,222.0,5.457,20.52,2155.2,1.31,43645.76,162619.11,-118973.35,19.1,11.8
1645,2023,Rabi,Mustard,Odisha,Small,3.51,Clay,6.27,High-Yield Variety,Canal,300.0,20.9,72.8,95.3,4.36,362.3,0.645,347.0,2.338,8.21,2093.8,8.52,15725.61,154430.34,-138704.73,33.0,33.3
1646,2022,Rabi,Rice,Jharkhand,Small,3.35,Sandy,7.09,Traditional,Borewell,182.8,21.3,50.3,75.9,4.06,389.5,1.381,301.0,5.38,18.02,1870.7,8.4,30876.39,141424.72,-110548.33,25.6,26.3
1647,2022,Rabi,Rice,Jharkhand,Small,1.57,Sandy,7.11,High-Yield Variety,Borewell,222.1,20.1,47.8,155.7,1.82,302.2,1.757,284.0,5.309,8.33,1959.5,8.78,14889.04,75693.1,-60804.06,2.0,1.9
1648,2022,Kharif,Soybean,Punjab,Medium,1.86,Black,7.3,High-Yield Variety,Rainfed,671.1,30.4,75.2,99.0,4.01,279.0,1.453,416.0,,7.54,1813.7,7.58,12638.89,100008.68,-87369.79,35.7,32.1
1649,2021,Zaid,Groundnut,Assam,Small,1.23,Clay,7.09,High-Yield Variety,Borewell,92.4,36.8,46.8,124.8,4.02,345.3,1.036,390.0,3.576,4.4,1936.2,7.51,7879.07,64903.91,-57024.84,18.3,15.0
1650,2023,Kharif,Wheat,Assam,Medium,1.08,Black,7.19,High-Yield Variety,Borewell,819.9,27.2,85.0,135.0,3.69,606.2,0.985,329.0,5.969,6.45,1828.2,4.98,11204.88,64929.61,-53724.73,48.9,52.4
1651,2023,Rabi,Barley,Chhattisgarh,Small,1.49,Loamy,6.69,High-Yield Variety,Canal,126.9,20.9,53.8,116.6,3.42,273.9,1.581,356.0,4.332,6.45,2094.7,4.33,12926.21,65910.35,-52984.14,22.0,19.0
1652,2021,Rabi,Barley,Jharkhand,Small,0.83,Black,6.57,Traditional,Borewell,218.5,20.9,62.4,106.2,3.54,310.8,1.392,277.0,4.327,3.59,2278.2,6.4,7655.37,40908.4,-33253.03,21.9,21.0
1653,2024,Zaid,Sugarcane,Assam,Medium,2.73,Loamy,6.03,Traditional,,36.0,31.1,35.0,148.9,4.35,312.5,7.449,394.0,23.277,63.55,1841.7,6.12,109883.52,118222.97,-8339.45,34.6,30.9
1654,2022,Zaid,Wheat,Odisha,Small,1.5,Loamy,6.43,High-Yield Variety,Drip,90.1,34.3,45.4,115.5,2.47,156.4,2.191,329.0,3.425,5.14,1734.5,9.76,8045.36,67275.23,-59229.87,27.0,20.9
1655,2024,Rabi,Rice,Odisha,Small,1.4,Sandy,7.3,High-Yield Variety,Canal,48.2,21.8,56.7,113.2,2.77,248.7,2.471,145.0,6.144,8.6,2062.6,8.4,16247.55,64190.26,-47942.71,22.4,19.5
1656,2024,Rabi,Mustard,Chhattisgarh,Large,0.73,Black,6.94,Traditional,Canal,231.8,17.7,58.1,144.4,1.45,295.2,1.023,327.0,3.02,2.2,2035.6,5.54,4230.14,41596.19,-37366.05,33.5,21.9
1657,2024,Kharif,Mustard,Jharkhand,Small,3.14,Loamy,6.12,High-Yield Variety,Borewell,794.5,27.9,66.5,89.9,5.61,547.3,0.586,406.0,3.206,10.07,1776.1,10.31,16041.15,157450.04,-141408.89,41.4,30.0
1658,2023,Rabi,Barley,West Bengal,Medium,2.44,Loamy,7.34,Traditional,Sprinkler,262.5,25.6,58.8,149.6,2.09,276.1,1.809,318.0,4.995,12.19,1924.7,5.47,22179.39,116504.52,-94325.13,27.3,17.5
1659,2021,Rabi,Rice,Assam,Small,3.86,Clay,6.62,High-Yield Variety,Rainfed,282.9,22.0,62.8,26.9,3.53,233.6,1.86,214.0,4.345,16.77,2008.6,8.59,30788.56,170122.12,-139333.56,25.6,19.2
1660,2024,Kharif,Barley,West Bengal,Small,2.5,Alluvial,5.77,Traditional,Drip,743.3,29.9,77.2,120.7,2.79,375.0,1.484,379.0,5.564,13.91,1897.6,12.44,23111.96,125316.96,-102205.0,41.8,40.9
1661,2024,Zaid,Barley,Assam,Medium,2.56,Loamy,6.14,Traditional,Drip,5.0,34.9,46.7,130.3,0.75,165.8,2.131,254.0,3.532,9.04,1522.2,4.73,13109.69,113003.83,-99894.14,42.6,25.9
1662,2021,Rabi,Rice,Punjab,Small,2.77,Black,6.81,High-Yield Variety,Borewell,142.2,20.7,59.5,110.0,3.61,314.4,1.61,319.0,5.061,14.02,1641.4,10.05,20699.5,128586.08,-107886.58,31.7,21.3
1663,2024,Rabi,Barley,Jharkhand,Medium,2.24,Sandy,6.55,Traditional,Canal,179.1,21.9,74.8,197.1,3.97,310.3,1.366,382.0,,9.5,1910.1,7.83,16725.3,104182.26,-87456.96,41.6,39.0
1664,2024,Kharif,Sugarcane,Jharkhand,Large,1.31,Alluvial,7.38,Traditional,Sprinkler,660.2,26.3,73.5,123.0,4.44,411.9,9.066,343.0,37.347,48.92,1758.3,5.96,80890.26,74541.96,6348.3,45.6,28.4
1665,2021,Rabi,Rice,Bihar,Large,2.1,Sandy,6.0,Traditional,Canal,178.5,24.5,59.5,146.8,4.55,357.2,1.345,332.0,4.803,10.09,1991.0,6.05,18873.9,96473.69,-77599.79,28.6,21.5
1666,2022,Rabi,Rice,Uttar Pradesh,Small,2.33,Loamy,6.33,Traditional,Borewell,63.6,25.0,57.6,,2.93,296.4,1.621,256.0,4.805,11.2,2192.1,8.61,22437.64,108989.5,-86551.86,20.4,22.3
1667,2023,Kharif,Soybean,Jharkhand,Small,1.3,Alluvial,6.71,High-Yield Variety,Borewell,846.0,29.4,77.6,149.2,2.71,582.1,0.661,293.0,3.848,5.0,1894.4,7.59,8753.39,68195.87,-59442.48,54.1,52.1
1668,2024,Rabi,Maize,Odisha,Small,2.95,Black,6.42,High-Yield Variety,,283.9,17.3,48.6,68.8,1.36,163.1,2.311,328.0,3.77,11.12,2026.8,4.31,21567.34,127126.59,-105559.25,22.7,20.6
1669,2021,Kharif,Rice,Odisha,Small,4.13,Alluvial,6.99,High-Yield Variety,Borewell,874.6,29.2,75.7,121.4,3.21,642.8,0.894,344.0,5.745,23.73,1851.9,13.22,38136.43,202577.33,-164440.9,36.8,22.4
1670,2021,Kharif,Barley,West Bengal,Small,1.72,Sandy,6.98,Traditional,Canal,765.2,27.9,77.5,111.2,3.82,462.9,1.249,355.0,5.782,9.94,1891.3,4.51,17952.05,94734.33,-76782.28,24.3,15.6
1671,2024,Rabi,Rice,West Bengal,Large,2.87,Clay,7.64,High-Yield Variety,Rainfed,218.4,21.2,58.1,79.3,5.54,146.5,3.214,317.0,4.708,13.51,2225.6,2.99,29170.1,129612.73,-100442.63,13.2,10.2
1672,2021,Rabi,Barley,Punjab,Small,0.82,Loamy,7.39,High-Yield Variety,Rainfed,375.2,22.2,51.8,125.4,3.94,200.2,2.04,428.0,4.085,3.35,2208.4,9.17,6719.68,45767.72,-39048.04,26.7,27.2
1673,2024,Kharif,Rice,West Bengal,Small,5.92,Sandy,7.49,High-Yield Variety,Rainfed,788.3,32.4,80.9,149.1,4.57,325.0,1.63,281.0,5.298,31.37,1765.8,7.96,50984.39,288803.51,-237819.12,34.6,36.9
1674,2022,Rabi,Mustard,Uttar Pradesh,Medium,4.35,Alluvial,6.97,Traditional,Rainfed,184.2,21.0,59.7,96.8,3.99,157.0,1.138,249.0,1.788,7.78,2048.8,7.59,14730.6,185244.09,-170513.49,17.2,18.1
1675,2021,Rabi,Sugarcane,Jharkhand,Medium,1.39,Black,7.02,Traditional,Borewell,263.1,21.2,58.7,109.5,4.62,420.2,7.415,299.0,31.155,43.31,1818.2,0.5,78350.71,65446.04,12904.67,36.3,35.8
1676,2023,Zaid,Maize,Assam,Medium,1.47,Alluvial,6.44,High-Yield Variety,Canal,149.2,33.8,44.6,101.2,2.72,331.2,1.32,229.0,4.373,6.43,1503.8,0.5,9621.2,66081.49,-56460.29,33.1,21.9
1677,2023,Kharif,Groundnut,Chhattisgarh,Small,1.27,Sandy,5.72,High-Yield Variety,Borewell,816.2,30.6,79.0,143.1,4.03,618.2,0.695,330.0,4.296,5.46,1613.3,9.37,7983.14,72427.29,-64444.15,30.3,21.5
1678,2023,Kharif,Rice,Odisha,Small,1.03,Alluvial,5.93,High-Yield Variety,Canal,855.0,27.1,74.4,109.0,3.9,517.2,1.023,336.0,5.291,5.45,1978.9,6.01,10137.01,58811.25,-48674.24,35.0,23.8
1679,2023,Rabi,Barley,Bihar,Medium,2.35,Sandy,6.64,High-Yield Variety,Canal,196.6,22.6,64.4,132.4,2.17,263.7,1.498,312.0,3.95,9.28,2174.4,2.19,19736.39,106661.93,-86925.54,19.9,14.5
1680,2024,Kharif,Maize,Assam,Medium,5.1,Sandy,6.1,Traditional,Drip,901.9,32.3,87.5,121.2,3.69,383.7,1.807,314.0,6.936,35.37,1972.3,3.1,67598.74,246152.75,-178554.01,29.6,30.5
1681,2022,Rabi,Groundnut,Uttar Pradesh,Small,2.62,Black,6.34,Traditional,Drip,270.0,18.5,64.5,187.1,4.42,193.1,2.26,226.0,4.364,11.43,2301.5,9.84,23716.07,115505.37,-91789.3,19.6,15.0
1682,2021,Kharif,Mustard,Uttar Pradesh,Small,3.6,Black,5.83,Traditional,Borewell,815.3,29.7,79.2,178.6,2.4,568.6,0.536,350.0,3.049,10.97,1972.8,10.47,19374.95,179622.0,-160247.05,53.2,46.8
1683,2024,Kharif,Wheat,Bihar,Small,2.44,Black,6.43,High-Yield Variety,Drip,716.2,25.2,73.3,151.8,2.34,307.1,1.878,492.0,5.768,14.07,1659.6,8.19,21439.66,121536.51,-100096.85,28.7,22.3
1684,2024,Zaid,Sugarcane,West Bengal,Medium,0.66,Sandy,6.37,High-Yield Variety,Rainfed,201.4,32.5,48.1,89.8,1.91,181.8,10.373,225.0,18.859,12.45,1469.5,4.73,17430.54,36828.49,-19397.95,30.3,33.0
1685,2022,Rabi,Sugarcane,West Bengal,Medium,1.95,Alluvial,6.88,High-Yield Variety,Canal,212.2,24.6,58.5,146.1,5.17,425.1,7.369,247.0,31.321,61.08,1951.6,2.97,115658.24,93756.6,21901.64,13.3,11.2
1686,2021,Kharif,Barley,Punjab,Large,2.81,Clay,6.05,Traditional,Canal,782.3,28.1,78.3,118.8,4.24,498.3,0.89,370.0,4.436,12.47,1738.0,9.95,19516.78,143577.73,-124060.95,49.5,43.5
1687,2024,Kharif,Groundnut,Jharkhand,Small,2.4,Alluvial,6.14,High-Yield Variety,Drip,774.8,30.4,81.1,88.9,2.03,301.6,1.311,305.0,3.955,9.49,1840.0,7.02,16236.43,123288.38,-107051.95,33.9,24.1
1688,2024,Zaid,Maize,Jharkhand,Large,1.24,Loamy,6.65,High-Yield Variety,Drip,137.9,33.3,44.5,123.5,1.62,216.8,2.302,316.0,4.992,6.19,1840.0,4.28,10902.71,53432.02,-42529.31,23.5,25.7
1689,2024,Zaid,Rice,Bihar,Small,2.57,Black,6.24,High-Yield Variety,Drip,127.1,35.5,52.0,184.4,3.46,221.6,2.026,315.0,4.49,11.54,1703.5,5.53,18570.84,113319.41,-94748.57,17.3,15.4
1690,2024,Kharif,Rice,Assam,Small,3.99,Black,5.58,Traditional,Sprinkler,628.3,28.9,74.9,171.1,3.89,349.5,1.817,267.0,6.349,25.33,1645.5,7.68,38478.81,196807.88,-158329.07,42.4,26.1
1691,2024,Kharif,Rice,Jharkhand,Large,0.91,Alluvial,6.48,Traditional,Borewell,695.5,27.3,74.1,69.4,4.96,444.6,1.283,149.0,5.704,5.19,1911.3,2.42,9679.81,60918.89,-51239.08,39.1,38.3
1692,2021,Rabi,Rice,West Bengal,Small,1.89,Alluvial,7.05,High-Yield Variety,Rainfed,144.9,17.6,53.0,,5.61,169.4,2.563,325.0,4.341,8.2,2060.9,7.12,15696.61,90399.02,-74702.41,17.7,11.1
1693,2021,Kharif,Mustard,Chhattisgarh,Small,3.39,Alluvial,5.22,Traditional,Canal,739.1,30.7,83.2,139.0,5.81,510.8,0.63,321.0,3.218,10.91,1992.5,7.29,20153.27,167698.29,-147545.02,49.4,53.5
1694,2023,Zaid,Sugarcane,Bihar,Large,2.12,Loamy,5.16,Traditional,Canal,89.4,31.2,43.9,89.9,3.81,275.5,8.805,312.0,24.255,51.42,1683.8,6.99,80531.06,87873.51,-7342.45,38.0,37.5
1695,2022,Rabi,Groundnut,Assam,Medium,1.59,Clay,5.4,High-Yield Variety,Drip,203.7,23.3,52.2,,2.33,209.9,1.733,351.0,3.637,5.78,2438.5,10.06,12675.9,77145.16,-64469.26,7.5,5.2
1696,2022,Rabi,Mustard,Assam,Medium,0.92,Loamy,6.13,High-Yield Variety,Rainfed,187.8,20.1,51.3,144.9,2.54,176.2,1.001,438.0,1.764,1.62,2053.6,5.19,3154.07,45539.18,-42385.11,28.2,23.3
1697,2024,Kharif,Mustard,West Bengal,Large,2.07,Clay,7.25,High-Yield Variety,Canal,782.7,30.8,92.1,117.7,3.94,587.7,0.584,312.0,3.432,7.1,1955.2,9.6,12549.71,103024.09,-90474.38,41.1,41.4
1698,2024,Rabi,Soybean,Uttar Pradesh,Medium,4.19,Loamy,6.07,High-Yield Variety,Sprinkler,234.0,17.7,52.6,140.4,3.56,292.7,1.317,341.0,3.855,16.15,1942.6,7.16,29126.81,184450.5,-155323.69,17.1,13.7
1699,2024,Rabi,Sugarcane,Odisha,Small,1.08,Black,5.93,Traditional,Canal,290.4,21.6,65.0,138.6,2.99,415.3,7.617,284.0,31.638,34.17,2000.2,8.14,62782.21,59300.1,3482.11,20.1,14.3
1700,2022,Kharif,Wheat,Jharkhand,Small,2.84,Black,6.84,High-Yield Variety,Drip,738.0,32.3,79.7,171.6,3.13,325.8,2.083,132.0,6.785,19.27,2018.2,7.17,36103.0,131663.79,-95560.79,25.2,22.9
1701,2023,Rabi,Sugarcane,Chhattisgarh,Medium,3.33,Alluvial,6.99,High-Yield Variety,Drip,196.4,18.3,48.2,146.4,3.09,236.3,15.238,322.0,36.007,119.9,,9.57,208450.74,146400.07,62050.67,21.3,19.2
1702,2021,Zaid,Mustard,Punjab,Medium,2.99,Sandy,6.62,High-Yield Variety,Canal,,34.1,41.2,178.1,3.63,266.4,0.834,294.0,2.223,6.65,1518.6,6.4,9451.76,126418.42,-116966.66,22.4,15.2
1703,2023,Rabi,Soybean,West Bengal,Small,1.77,Alluvial,6.61,High-Yield Variety,Sprinkler,217.0,21.1,60.1,127.6,3.6,305.0,1.606,316.0,4.899,8.67,2102.7,10.84,16254.45,79402.49,-63148.04,17.2,12.7
1704,2024,Rabi,Maize,Assam,Medium,4.63,Loamy,6.36,High-Yield Variety,Rainfed,267.6,22.8,56.4,103.0,2.61,202.0,2.174,355.0,4.391,20.33,2144.4,7.29,40418.45,202401.15,-161982.7,8.9,7.3
1705,2023,Kharif,Rice,Punjab,Medium,1.55,Sandy,6.09,High-Yield Variety,Canal,868.9,27.1,73.7,143.3,3.46,562.6,1.028,169.0,,8.97,1904.5,7.1,15870.35,83100.7,-67230.35,31.8,20.0
1706,2024,Kharif,Soybean,Odisha,Small,6.06,Loamy,6.82,High-Yield Variety,Canal,652.3,25.8,87.4,103.4,3.46,474.5,0.887,314.0,4.211,25.52,,7.84,43695.98,288294.26,-244598.28,34.3,29.6
1707,2021,Rabi,Groundnut,Jharkhand,Medium,3.96,Sandy,7.3,High-Yield Variety,Sprinkler,308.4,22.7,60.6,116.0,3.88,294.7,1.463,427.0,4.31,17.07,2047.2,1.78,34324.62,179555.13,-145230.51,19.9,15.3
1708,2021,Kharif,Rice,Assam,Medium,4.09,Sandy,7.14,High-Yield Variety,Canal,728.5,26.7,71.5,156.9,3.54,490.4,1.228,315.0,6.021,24.63,1716.5,7.99,38900.07,200473.74,-161573.67,40.6,39.1
1709,2022,Zaid,Maize,Bihar,Small,1.05,Alluvial,6.99,High-Yield Variety,Sprinkler,45.7,33.2,41.6,98.7,3.79,248.8,1.736,301.0,4.319,4.53,1648.2,13.13,6485.86,49549.84,-43063.98,27.6,19.5
1710,2023,Zaid,Wheat,Uttar Pradesh,Small,5.97,Clay,7.02,High-Yield Variety,Sprinkler,,32.6,47.0,95.3,2.64,255.2,1.642,315.0,4.191,25.02,1672.0,3.8,40243.38,242844.1,-202600.72,19.8,14.5
1711,2022,Kharif,Soybean,Chhattisgarh,Small,9.9,Black,6.3,Traditional,Rainfed,822.9,33.4,82.7,87.7,5.52,320.5,1.018,426.0,3.263,32.3,1884.3,4.68,58013.24,471305.46,-413292.22,49.6,38.2
1712,2022,Kharif,Maize,West Bengal,Small,1.08,Clay,6.85,High-Yield Variety,Sprinkler,704.0,27.2,70.7,88.5,4.25,410.3,1.623,235.0,6.658,7.19,1985.8,8.65,13043.49,60365.43,-47321.94,38.1,41.6
1713,2022,Rabi,Barley,Odisha,Large,2.04,Alluvial,7.06,High-Yield Variety,Canal,247.4,18.8,66.2,142.4,5.68,324.7,1.41,311.0,4.577,9.34,2074.2,6.79,18057.93,90377.97,-72320.04,6.3,6.4
1714,2023,Zaid,Mustard,Punjab,Small,1.7,Loamy,6.48,High-Yield Variety,Rainfed,137.4,34.3,50.8,78.9,2.54,168.0,0.865,245.0,1.454,2.47,1660.2,10.09,3686.77,85462.63,-81775.86,14.2,12.0
1715,2022,Kharif,Groundnut,West Bengal,Large,1.98,Loamy,6.79,High-Yield Variety,Rainfed,727.4,31.4,64.2,181.2,2.4,264.4,1.402,289.0,3.707,7.34,2098.9,1.5,15174.49,102849.66,-87675.17,36.9,36.5
1716,2022,Rabi,Maize,Odisha,Medium,2.62,Sandy,6.23,High-Yield Variety,Sprinkler,96.7,24.3,57.7,84.7,4.07,282.7,2.097,244.0,5.929,15.53,2256.9,8.36,32118.03,114459.43,-82341.4,12.1,10.7
1717,2023,Rabi,Barley,Chhattisgarh,Small,2.71,Clay,6.18,High-Yield Variety,Canal,241.0,22.7,57.2,179.9,2.68,352.9,1.292,242.0,4.558,12.35,1993.8,5.93,23163.58,115560.44,-92396.86,20.4,18.5
1718,2022,Kharif,Maize,Punjab,Large,1.58,Clay,7.23,High-Yield Variety,Drip,,30.8,77.9,124.1,3.38,309.7,2.342,377.0,7.254,11.46,1760.2,7.51,18657.72,86599.58,-67941.86,31.1,27.9
1719,2023,Kharif,Mustard,Uttar Pradesh,Small,1.33,Loamy,5.68,Traditional,Borewell,739.4,29.6,84.2,164.9,3.21,578.1,0.569,383.0,,4.38,1858.8,8.83,7422.8,71096.63,-63673.83,34.5,32.1
1720,2021,Rabi,Rice,Assam,Small,0.96,Black,6.64,Traditional,Rainfed,,23.1,52.7,65.8,1.95,154.8,2.594,300.0,4.017,3.86,2087.7,6.08,7568.97,47779.9,-40210.93,33.1,20.6
1721,2021,Kharif,Barley,Chhattisgarh,Medium,1.41,Black,6.74,High-Yield Variety,Borewell,743.2,22.4,73.1,123.0,3.95,566.8,0.764,227.0,4.332,6.11,1636.5,9.02,9096.72,70787.39,-61690.67,35.4,27.3
1722,2024,Zaid,Rice,Jharkhand,Small,3.36,Clay,7.67,High-Yield Variety,Canal,30.8,33.9,42.4,119.3,4.17,283.3,1.56,241.0,4.418,14.85,1840.6,8.92,24894.56,136630.39,-111735.83,20.8,17.5
1723,2023,Kharif,Mustard,Uttar Pradesh,Small,1.05,Loamy,7.22,High-Yield Variety,Canal,885.7,28.3,73.6,88.2,1.29,548.7,0.662,304.0,3.632,3.81,1875.3,5.79,6731.64,58213.8,-51482.16,25.4,27.6
1724,2022,Zaid,Soybean,Assam,Large,1.37,Clay,7.01,Traditional,Rainfed,,36.1,48.1,196.8,5.35,167.6,1.514,313.0,2.538,3.48,1670.4,6.61,5428.68,73366.83,-67938.15,20.0,14.5
1725,2021,Zaid,Rice,West Bengal,Medium,1.38,Loamy,6.75,Traditional,Drip,95.4,33.2,55.4,180.2,1.62,214.7,2.109,344.0,4.528,6.25,1534.5,5.76,9038.17,69924.64,-60886.47,14.0,9.7
1726,2023,Rabi,Maize,Odisha,Small,3.89,Black,6.6,Traditional,Sprinkler,274.3,20.4,57.5,155.7,3.67,286.5,2.217,299.0,6.351,24.71,2289.5,6.01,53173.1,164598.42,-111425.32,29.9,26.0
1727,2022,Kharif,Wheat,Assam,Small,2.2,Black,6.3,Traditional,Borewell,758.8,26.2,76.4,106.8,3.21,529.3,1.013,364.0,5.362,11.8,1897.9,9.57,20252.46,111024.16,-90771.7,60.6,48.5
1728,2023,Kharif,Sugarcane,Odisha,Small,2.04,Black,7.47,Traditional,Sprinkler,825.8,28.5,82.0,124.1,5.67,392.1,9.621,269.0,37.726,76.96,1929.3,10.95,132227.76,104294.31,27933.45,28.6,19.7
1729,2021,Rabi,Maize,Punjab,Small,3.04,Sandy,7.09,High-Yield Variety,Rainfed,256.4,23.6,55.3,133.0,3.95,191.1,2.365,334.0,4.519,13.74,2081.8,13.15,24841.0,131775.89,-106934.89,30.2,32.2
1730,2021,Kharif,Barley,Jharkhand,Medium,3.11,Clay,6.17,High-Yield Variety,Borewell,794.8,27.1,71.8,85.2,2.28,553.7,0.812,377.0,4.497,13.99,1859.5,5.14,24678.44,154945.98,-130267.54,41.6,33.1
1731,2023,Rabi,Sugarcane,Punjab,Medium,2.59,Clay,6.31,Traditional,Rainfed,191.3,21.8,50.1,71.1,4.17,209.2,12.014,327.0,25.131,65.09,2025.3,3.81,126808.63,108000.61,18808.02,30.0,19.6
1732,2023,Rabi,Maize,Odisha,Small,1.66,Clay,7.18,High-Yield Variety,Canal,247.5,18.8,72.1,156.9,3.48,312.8,1.87,207.0,5.848,9.71,1968.4,5.17,18125.9,84120.82,-65994.92,26.2,17.1
1733,2024,Kharif,Mustard,Uttar Pradesh,Small,5.21,Black,7.12,High-Yield Variety,,769.8,29.5,76.5,128.9,3.22,445.3,0.642,270.0,,14.9,2111.1,3.94,30215.69,259356.27,-229140.58,37.5,41.2
1734,2023,Rabi,Mustard,Chhattisgarh,Small,2.56,Black,6.27,High-Yield Variety,Canal,227.5,20.8,65.6,135.9,5.14,338.7,0.72,321.0,2.438,6.24,1965.3,8.1,11270.53,120570.22,-109299.69,37.2,33.4
1735,2024,Rabi,Mustard,Jharkhand,Large,5.2,Black,6.1,High-Yield Variety,Borewell,199.4,20.2,58.7,89.4,3.97,339.1,0.762,287.0,2.582,13.43,2008.7,8.75,24615.62,227792.71,-203177.09,20.5,14.3
1736,2023,Kharif,Sugarcane,Assam,Small,3.74,Black,5.47,High-Yield Variety,Rainfed,748.7,31.8,71.4,106.5,2.31,304.1,9.18,208.0,27.916,104.41,1991.6,10.43,186248.56,180743.97,5504.59,31.0,30.0
1737,2024,Zaid,Sugarcane,West Bengal,Small,3.19,Clay,6.67,Traditional,Drip,10.7,34.5,51.3,117.5,2.49,180.2,15.592,382.0,28.102,89.64,1645.1,6.78,137457.4,136549.2,908.2,44.5,36.0
1738,2022,Rabi,Maize,Odisha,Small,1.78,Alluvial,6.42,Traditional,Rainfed,217.8,18.2,58.4,119.1,1.85,178.3,2.721,319.0,4.852,8.64,2166.1,7.87,17243.01,84038.54,-66795.53,27.3,24.2
1739,2023,Kharif,Mustard,Assam,Small,3.18,Loamy,6.46,High-Yield Variety,,803.4,30.8,76.4,180.0,4.79,263.3,0.921,450.0,2.424,7.71,1945.7,5.23,14216.73,157995.29,-143778.56,41.6,39.9
1740,2022,Rabi,Wheat,Assam,Medium,2.22,Black,,Traditional,Drip,271.4,21.7,49.8,99.4,3.93,225.8,2.24,391.0,5.06,11.23,2232.3,7.66,23147.48,97011.71,-73864.23,29.7,28.7
1741,2024,Rabi,Mustard,Jharkhand,Medium,2.59,Sandy,7.3,Traditional,Drip,121.3,21.3,49.7,117.4,5.61,195.6,1.887,358.0,3.69,9.56,2166.2,5.44,19582.15,117213.29,-97631.14,30.8,27.6
1742,2024,Zaid,Soybean,Punjab,Small,3.72,Loamy,6.56,High-Yield Variety,Borewell,5.0,34.4,32.3,72.3,3.11,338.9,0.924,293.0,3.131,11.65,1984.8,3.61,22288.89,154011.46,-131722.57,20.1,22.1
1743,2022,Zaid,Soybean,Jharkhand,Small,2.21,Loamy,6.23,High-Yield Variety,Sprinkler,,32.5,43.8,185.5,3.69,279.6,1.075,411.0,3.007,6.65,1677.7,6.13,10472.45,102630.05,-92157.6,30.5,28.9
1744,2022,Kharif,Soybean,Uttar Pradesh,Medium,2.32,Sandy,6.54,Traditional,Rainfed,753.7,27.6,89.5,121.0,4.08,293.8,1.088,244.0,3.195,7.41,2269.5,9.2,15270.33,119919.97,-104649.64,41.8,45.4
1745,2022,Kharif,Mustard,Uttar Pradesh,Small,2.45,Sandy,6.58,High-Yield Variety,Canal,906.8,31.1,71.3,146.2,5.17,638.6,0.505,326.0,3.223,7.9,1934.2,8.43,13991.53,133537.65,-119546.12,40.6,43.2
1746,2024,Zaid,Rice,Punjab,Medium,2.3,Loamy,6.5,High-Yield Variety,Sprinkler,136.1,32.3,41.5,163.1,4.36,238.1,1.834,288.0,4.367,10.04,1513.1,8.03,13971.12,99640.25,-85669.13,25.2,22.9
1747,2021,Kharif,Mustard,Uttar Pradesh,Small,1.69,Clay,6.72,High-Yield Variety,Canal,824.5,29.1,77.9,111.0,3.23,583.9,0.628,312.0,3.665,6.19,1745.7,4.77,10291.16,88521.28,-78230.12,50.2,44.3
1748,2024,Rabi,Maize,Bihar,Small,5.33,Black,7.11,High-Yield Variety,Borewell,65.3,24.4,58.1,95.8,2.24,285.8,2.033,311.0,5.812,30.98,1987.5,9.86,55505.0,230222.67,-174717.67,15.6,11.0
1749,2024,Rabi,Soybean,Punjab,Small,2.59,Alluvial,6.24,High-Yield Variety,Rainfed,261.5,23.3,45.3,128.9,4.4,185.0,1.631,295.0,3.019,7.82,2312.8,9.77,16318.76,122868.43,-106549.67,23.8,16.0
1750,2021,Kharif,Wheat,Uttar Pradesh,Medium,1.43,Sandy,6.63,High-Yield Variety,Drip,780.7,32.2,74.2,105.1,3.73,344.4,1.684,163.0,5.798,8.29,1869.8,4.94,14735.3,67535.0,-52799.7,32.8,28.3
1751,2024,Kharif,Groundnut,Chhattisgarh,Small,0.72,Alluvial,7.03,Traditional,Borewell,819.0,26.8,76.2,119.3,2.84,599.9,0.755,384.0,4.531,3.26,1921.5,5.38,5927.16,45640.77,-39713.61,38.5,32.6
1752,2021,Kharif,Barley,Uttar Pradesh,Small,1.71,Black,5.7,High-Yield Variety,Drip,781.3,29.2,86.3,134.8,4.16,324.1,1.604,376.0,5.199,8.89,1671.7,5.87,13988.38,87792.75,-73804.37,45.3,40.3
1753,2022,Rabi,Barley,Bihar,Medium,1.37,Clay,6.15,High-Yield Variety,Drip,192.5,19.1,55.6,124.0,5.03,197.2,2.343,257.0,4.621,6.33,1740.1,6.46,10303.5,68946.35,-58642.85,22.0,16.1
1754,2023,Kharif,Mustard,Assam,Small,2.01,Clay,5.74,Traditional,Rainfed,821.4,25.7,82.0,160.4,2.18,322.8,0.87,322.0,2.809,5.65,1710.9,4.71,9210.7,108750.71,-99540.01,41.4,29.7
1755,2024,Zaid,Sugarcane,Odisha,Small,2.16,Loamy,6.38,High-Yield Variety,Sprinkler,184.5,33.5,44.1,116.8,3.48,226.8,11.468,205.0,26.009,56.18,1732.5,7.35,90173.15,94427.7,-4254.55,26.4,27.2
1756,2024,Rabi,Mustard,Assam,Medium,1.54,Black,7.31,Traditional,Canal,287.9,15.8,61.3,106.8,3.65,351.2,0.875,409.0,3.072,4.73,1946.2,7.59,8507.13,80984.5,-72477.37,22.6,16.9
1757,2021,Rabi,Maize,Uttar Pradesh,Medium,2.99,Clay,5.54,Traditional,Drip,231.0,19.6,64.5,141.7,2.43,227.2,2.914,405.0,6.62,19.79,1777.6,8.18,32302.39,137126.33,-104823.94,17.7,12.1
1758,2024,Rabi,Soybean,West Bengal,Small,2.8,Loamy,5.87,High-Yield Variety,Borewell,227.2,21.3,60.5,107.6,1.63,396.0,0.931,415.0,3.686,10.32,1628.8,5.08,15955.95,130028.67,-114072.72,13.2,11.9
1759,2024,Kharif,Mustard,West Bengal,Large,6.07,Alluvial,7.58,Traditional,,723.3,34.4,83.4,151.7,5.26,553.2,0.599,372.0,3.312,20.1,1821.3,1.0,36240.77,301668.84,-265428.07,44.4,39.1
1760,2024,Rabi,Wheat,Bihar,Small,1.29,Black,6.72,Traditional,Canal,107.3,20.0,60.0,109.8,4.9,363.7,1.401,350.0,5.094,6.57,1985.0,9.56,11793.96,66085.49,-54291.53,35.6,25.3
1761,2022,Rabi,Groundnut,Assam,Small,2.62,Black,6.81,High-Yield Variety,Drip,69.1,22.6,64.6,128.7,0.42,153.3,2.738,384.0,4.197,11.0,2002.1,6.16,20665.99,121204.86,-100538.87,25.9,18.9
1762,2022,Zaid,Groundnut,Uttar Pradesh,Large,5.03,Clay,6.62,Traditional,Borewell,96.0,32.1,48.6,141.2,4.09,294.8,0.996,265.0,2.936,14.77,1619.1,7.96,22010.16,212469.9,-190459.74,13.3,13.0
1763,2022,Rabi,Soybean,Uttar Pradesh,Small,4.15,Sandy,7.03,High-Yield Variety,Borewell,238.8,17.4,57.1,168.6,1.49,377.5,1.045,319.0,3.946,16.38,1760.0,8.46,26390.9,184400.41,-158009.51,18.1,13.6
1764,2023,Kharif,Soybean,Assam,Medium,3.0,Loamy,6.73,High-Yield Variety,Borewell,811.4,25.5,74.6,175.8,2.94,602.0,0.625,309.0,3.763,11.29,2024.1,3.02,22160.91,148704.72,-126543.81,51.2,53.1
1765,2023,Zaid,Maize,West Bengal,Small,3.89,Loamy,6.43,High-Yield Variety,Borewell,14.2,34.6,41.9,69.3,2.68,297.0,1.48,310.0,4.396,17.1,1922.2,8.03,30231.68,162406.23,-132174.55,13.5,9.6
1766,2024,Rabi,Sugarcane,West Bengal,Medium,1.47,Loamy,7.08,High-Yield Variety,Borewell,286.9,19.0,61.5,121.6,2.86,469.6,6.405,325.0,30.077,44.21,1954.5,7.05,80319.32,70474.62,9844.7,16.5,15.3
1767,2024,Kharif,Wheat,Assam,Small,1.44,Clay,6.21,High-Yield Variety,Rainfed,855.8,29.5,89.3,144.1,1.48,311.4,1.157,317.0,3.603,5.19,1820.5,9.89,8513.45,80076.61,-71563.16,37.5,23.0
1768,2024,Kharif,Maize,Bihar,Small,5.36,Clay,7.38,Traditional,Rainfed,815.7,27.6,80.0,119.1,2.15,304.1,1.854,220.0,5.638,30.22,1606.1,9.78,43791.88,249548.38,-205756.5,36.3,25.5
1769,2023,Kharif,Maize,West Bengal,Medium,1.01,Alluvial,6.71,Traditional,Borewell,794.4,26.1,75.1,141.3,2.18,641.7,0.901,315.0,5.781,5.84,1930.6,5.67,10635.51,54161.78,-43526.27,42.8,35.7
1770,2023,Zaid,Rice,Chhattisgarh,Large,4.29,Alluvial,6.7,High-Yield Variety,Borewell,82.3,35.3,45.3,132.5,2.69,316.7,1.319,265.0,4.179,17.93,1630.2,6.24,27403.98,173209.44,-145805.46,21.4,18.2
1771,2024,Kharif,Wheat,Jharkhand,Large,2.12,Loamy,6.98,High-Yield Variety,Sprinkler,842.1,29.2,82.1,61.4,4.08,393.3,1.468,298.0,5.775,12.24,1844.6,3.96,21684.18,108555.07,-86870.89,33.2,20.3
1772,2023,Kharif,Rice,Chhattisgarh,Small,1.5,Alluvial,6.52,High-Yield Variety,Borewell,813.4,31.0,72.8,118.3,3.9,638.3,0.93,254.0,5.935,8.9,2046.9,5.5,17215.05,76192.38,-58977.33,42.2,31.8
1773,2021,Kharif,Rice,West Bengal,Medium,2.45,Alluvial,6.76,Traditional,Borewell,695.5,26.1,76.4,97.1,5.64,569.3,1.009,393.0,5.747,14.08,1527.4,6.06,20202.65,124014.16,-103811.51,45.6,48.8
1774,2023,Kharif,Sugarcane,Chhattisgarh,Small,2.13,Black,7.2,Traditional,Sprinkler,667.8,29.0,81.3,175.3,3.23,420.7,8.958,337.0,37.682,80.26,1822.3,12.92,127357.93,108644.2,18713.73,34.1,22.5
1775,2021,Rabi,Mustard,Punjab,Small,5.07,Sandy,6.5,High-Yield Variety,Canal,206.4,20.9,66.9,163.3,4.41,286.7,0.9,337.0,2.581,13.09,2120.1,11.24,24633.68,217744.38,-193110.7,19.8,18.0
1776,2024,Kharif,Groundnut,Odisha,Small,1.46,Alluvial,6.44,High-Yield Variety,Rainfed,773.6,31.3,85.7,102.5,3.48,247.1,1.348,343.0,3.331,4.86,1460.1,8.52,6491.51,79745.38,-73253.87,33.6,32.0
1777,2024,Rabi,Groundnut,Uttar Pradesh,Small,1.33,Sandy,6.65,High-Yield Variety,Sprinkler,203.1,22.1,70.6,125.1,4.17,262.2,1.076,269.0,2.821,3.75,2114.9,6.78,7393.02,63761.4,-56368.38,12.4,7.9
1778,2021,Rabi,Maize,West Bengal,Medium,1.29,Loamy,6.5,High-Yield Variety,Canal,324.4,21.4,67.2,97.0,2.47,317.1,1.702,239.0,5.398,6.96,2316.2,7.42,14923.54,58191.53,-43267.99,19.9,16.7
1779,2021,Rabi,Sugarcane,Odisha,Small,2.08,Clay,6.36,High-Yield Variety,Sprinkler,280.8,22.1,49.2,72.7,2.76,280.4,12.016,341.0,33.693,70.08,1696.1,4.39,113637.48,92137.86,21499.62,38.1,29.1
1780,2024,Kharif,Barley,Assam,Small,4.43,Clay,7.51,High-Yield Variety,Canal,705.1,27.2,87.4,164.0,4.6,521.2,1.062,489.0,5.536,24.53,1799.1,8.12,40549.03,226866.0,-186316.97,55.1,51.0
1781,2023,Zaid,Sugarcane,Chhattisgarh,Small,2.51,Black,5.99,High-Yield Variety,Canal,152.1,32.6,54.3,126.3,3.23,294.6,8.317,167.0,24.501,61.5,1435.2,7.84,81346.21,102912.2,-21565.99,28.9,28.7
1782,2021,Rabi,Mustard,Punjab,Medium,1.92,Clay,6.12,High-Yield Variety,Drip,240.6,22.8,55.1,66.8,4.18,209.4,1.31,345.0,2.743,5.27,1869.7,0.5,9803.82,93242.59,-83438.77,30.9,28.3
1783,2023,Zaid,Rice,Chhattisgarh,Large,1.35,Sandy,7.42,Traditional,Canal,127.7,31.3,32.7,133.7,1.6,311.4,1.525,292.0,4.748,6.41,1508.9,5.06,9182.23,58733.46,-49551.23,41.7,40.0
1784,2021,Kharif,Wheat,Punjab,Small,1.79,Clay,6.6,High-Yield Variety,Canal,685.8,34.0,76.3,110.4,2.98,514.8,1.009,359.0,5.195,9.3,1833.9,7.8,15725.18,89482.43,-73757.25,30.5,33.4
1785,2023,Kharif,Wheat,Assam,Small,2.5,Alluvial,7.11,Traditional,Rainfed,641.4,28.0,76.1,119.0,1.95,246.2,1.659,320.0,4.085,10.21,1850.5,8.41,17304.21,122772.64,-105468.43,46.1,40.8
1786,2023,Rabi,Rice,Assam,Small,3.56,Black,6.86,Traditional,Canal,226.9,21.1,52.3,85.5,2.76,267.0,2.155,201.0,5.754,20.48,2096.1,8.7,39195.09,158904.19,-119709.1,22.4,16.1
1787,2021,Zaid,Mustard,Jharkhand,Small,3.69,Sandy,6.71,High-Yield Variety,Sprinkler,94.6,36.6,53.0,120.5,3.89,275.3,0.974,362.0,2.682,9.9,1652.7,10.56,14633.73,154353.14,-139719.41,30.9,23.7
1788,2024,Zaid,Maize,Bihar,Medium,2.62,Clay,7.28,High-Yield Variety,Rainfed,62.1,34.2,47.8,121.4,2.38,124.4,3.078,251.0,3.828,10.03,1589.7,5.72,15032.54,111459.92,-96427.38,17.1,15.9
1789,2021,Zaid,Soybean,Punjab,Medium,2.14,Alluvial,6.21,Traditional,Rainfed,65.4,34.6,43.1,132.3,3.16,141.2,0.993,187.0,1.401,3.0,1837.4,9.37,4995.62,84746.53,-79750.91,15.7,12.9
1790,2023,Kharif,Maize,Punjab,Small,4.18,Loamy,6.13,Traditional,Canal,783.2,28.5,79.5,79.2,2.58,575.8,1.044,297.0,6.011,25.13,1964.3,5.05,46870.15,197787.37,-150917.22,47.2,45.6
1791,2022,Rabi,Maize,Odisha,Medium,1.73,Clay,6.12,High-Yield Variety,Drip,272.6,20.9,59.6,114.4,3.65,229.4,2.889,287.0,6.626,11.46,2074.8,5.68,22426.43,84639.95,-62213.52,29.3,31.4
1792,2021,Rabi,Maize,Uttar Pradesh,Medium,1.51,Alluvial,5.67,High-Yield Variety,Borewell,155.0,19.2,53.7,195.3,3.69,300.4,1.636,316.0,4.913,7.42,2107.4,7.9,14401.11,73414.72,-59013.61,17.5,13.2
1793,2022,Kharif,Wheat,Bihar,Large,2.65,Sandy,6.15,High-Yield Variety,Canal,834.0,26.2,79.4,108.9,3.63,506.1,1.085,272.0,5.491,14.55,1922.5,5.21,26514.5,136369.14,-109854.64,36.0,23.3
1794,2024,Rabi,Wheat,Assam,Small,0.86,Alluvial,6.69,Traditional,Rainfed,177.1,21.7,62.3,100.5,2.58,191.0,2.116,306.0,4.042,3.48,2050.7,7.32,6614.41,44021.48,-37407.07,25.3,25.8
1795,2022,Zaid,Sugarcane,Uttar Pradesh,Large,1.59,Alluvial,5.61,High-Yield Variety,Rainfed,94.8,34.8,39.0,151.0,2.32,150.1,13.053,348.0,19.595,31.16,1611.9,6.98,46718.75,72535.76,-25817.01,30.0,19.9
1796,2023,Zaid,Maize,Chhattisgarh,Medium,3.41,Sandy,7.0,High-Yield Variety,Canal,146.3,32.1,50.4,144.9,4.43,331.0,1.427,264.0,4.723,16.11,1625.1,9.27,23755.26,138703.01,-114947.75,27.4,25.5
1797,2023,Kharif,Wheat,Jharkhand,Medium,3.79,Loamy,6.47,Traditional,Canal,659.2,29.8,80.4,117.2,3.92,456.1,1.276,232.0,5.818,22.05,1916.8,11.06,37590.85,178662.87,-141072.02,35.1,23.1
1798,2021,Zaid,Barley,West Bengal,Small,5.01,Alluvial,7.4,High-Yield Variety,Canal,36.7,32.9,45.6,62.6,3.08,283.7,1.343,257.0,3.809,19.08,1928.9,9.39,33347.75,211040.2,-177692.45,19.9,20.6
1799,2023,Rabi,Wheat,Punjab,Small,4.84,Loamy,6.36,High-Yield Variety,Drip,187.7,22.4,60.8,110.7,1.65,255.1,2.169,280.0,5.533,26.78,2088.9,9.66,50536.07,209957.83,-159421.76,26.3,21.5
1800,2021,Rabi,Sugarcane,Assam,Small,5.5,Loamy,7.12,Traditional,Borewell,139.5,18.3,58.0,151.8,3.05,303.2,9.902,244.0,30.024,165.13,1683.4,7.59,256875.89,229508.6,27367.29,37.2,34.6
1801,2024,Kharif,Mustard,West Bengal,Medium,2.7,Clay,6.89,Traditional,Canal,668.0,28.8,75.2,138.3,4.7,510.2,0.753,316.0,3.842,10.37,1637.8,8.92,15468.49,128753.77,-113285.28,38.4,30.3
1802,2024,Rabi,Mustard,Bihar,Medium,3.35,Black,6.64,High-Yield Variety,Sprinkler,354.1,23.7,52.7,116.8,2.87,269.3,1.025,194.0,2.761,9.25,2045.9,5.38,17906.87,143252.34,-125345.47,21.3,22.8
1803,2022,Zaid,Mustard,Bihar,Small,2.89,Loamy,6.27,Traditional,Drip,82.8,31.7,48.1,121.9,3.7,175.3,1.503,362.0,2.635,7.62,1657.2,8.76,11521.77,123636.97,-112115.2,28.3,22.5
1804,2024,Rabi,Soybean,West Bengal,Large,4.22,Alluvial,6.27,Traditional,Sprinkler,73.3,20.1,59.2,125.1,3.02,236.4,1.627,300.0,3.848,16.24,2172.1,7.49,32630.82,179218.91,-146588.09,30.0,23.2
1805,2021,Kharif,Soybean,Bihar,Large,1.0,Loamy,7.05,High-Yield Variety,Canal,876.1,25.0,83.4,138.8,3.89,491.4,1.003,257.0,4.931,4.93,1996.1,7.41,9110.95,57536.83,-48425.88,29.4,21.9
1806,2022,Zaid,Maize,Jharkhand,Medium,0.97,Alluvial,6.17,Traditional,Canal,182.1,36.5,53.4,125.2,3.98,410.1,1.02,337.0,4.185,4.06,1744.0,3.97,6799.97,44995.34,-38195.37,22.5,18.8
1807,2024,Kharif,Rice,Bihar,Small,3.39,Sandy,6.25,High-Yield Variety,Drip,717.6,30.5,75.0,64.3,3.53,351.5,1.74,414.0,6.115,20.73,1912.3,5.16,37597.3,169564.95,-131967.65,36.7,30.5
1808,2024,Kharif,Rice,Chhattisgarh,Large,2.34,Clay,6.53,High-Yield Variety,Rainfed,826.5,29.0,73.7,170.2,4.2,339.7,1.208,230.0,4.103,9.6,1834.7,8.66,16087.6,119924.52,-103836.92,37.6,22.6
1809,2021,Rabi,Barley,Jharkhand,Large,1.27,Black,6.54,High-Yield Variety,Drip,272.3,23.4,64.5,125.5,3.25,211.3,2.161,281.0,4.568,5.8,2043.5,5.64,11183.94,58665.58,-47481.64,17.4,16.5
1810,2021,Rabi,Soybean,Chhattisgarh,Medium,2.05,Loamy,6.52,Traditional,Borewell,230.3,24.1,69.1,129.9,3.21,319.5,1.136,285.0,3.629,7.44,1751.6,5.45,12321.78,96602.51,-84280.73,22.9,18.3
1811,2024,Rabi,Mustard,Punjab,Small,3.34,Alluvial,6.79,Traditional,Drip,252.3,21.9,61.1,123.7,2.57,209.6,1.608,416.0,3.371,11.26,2176.7,9.01,22301.2,150289.4,-127988.2,28.2,20.1
1812,2024,Zaid,Maize,Assam,Small,2.14,Alluvial,6.62,High-Yield Variety,Rainfed,27.9,39.4,51.1,103.9,3.54,132.3,2.91,282.0,3.85,8.24,1717.6,5.98,13305.97,91083.23,-77777.26,29.3,22.4
1813,2022,Kharif,Maize,Chhattisgarh,Medium,1.93,Sandy,6.58,Traditional,Borewell,798.2,30.1,76.3,156.6,3.04,578.6,1.168,279.0,6.756,13.04,2043.9,6.85,24825.73,94854.04,-70028.31,36.9,38.0
1814,2024,Rabi,Groundnut,Punjab,Medium,4.07,Loamy,6.58,Traditional,Drip,203.0,19.8,57.4,91.1,1.68,180.2,2.003,156.0,3.609,14.69,2076.9,5.62,28794.02,174593.34,-145799.32,24.5,15.6
1815,2023,Kharif,Groundnut,Punjab,Medium,1.71,Alluvial,6.22,High-Yield Variety,Borewell,877.5,29.3,80.5,168.3,3.63,631.0,0.634,185.0,4.001,6.84,1890.2,5.05,12276.12,87541.92,-75265.8,44.4,37.8
1816,2022,Kharif,Maize,West Bengal,Small,3.64,Loamy,6.14,Traditional,Sprinkler,867.7,32.2,75.4,113.3,3.86,457.5,1.325,370.0,6.062,22.06,1811.2,7.07,37129.92,183423.07,-146293.15,40.6,25.8
1817,2021,Zaid,Soybean,Chhattisgarh,Small,4.94,Black,7.38,High-Yield Variety,Borewell,207.6,31.4,37.9,171.5,3.92,289.6,1.169,193.0,3.384,16.72,1581.4,2.65,25740.42,201666.95,-175926.53,19.4,20.2
1818,2024,Zaid,Barley,Chhattisgarh,Large,1.53,Loamy,6.19,Traditional,Rainfed,120.1,31.7,44.6,139.3,4.16,129.8,1.371,241.0,1.78,2.72,1826.4,8.52,4544.77,66778.92,-62234.15,36.3,31.9
1819,2022,Kharif,Maize,Jharkhand,Medium,1.26,Alluvial,7.03,Traditional,Canal,756.4,25.6,81.1,190.4,3.34,554.8,1.132,334.0,6.279,7.91,1915.6,5.37,14338.08,67083.05,-52744.97,32.0,31.1
1820,2021,Rabi,Wheat,Chhattisgarh,Medium,1.77,Black,7.19,High-Yield Variety,Canal,158.4,23.4,64.1,189.5,3.56,254.8,2.026,355.0,5.162,9.14,,0.5,17196.02,81428.65,-64232.63,22.2,16.1
1821,2023,Kharif,Maize,Odisha,Small,3.02,Black,7.55,High-Yield Variety,Rainfed,801.5,27.5,75.3,182.7,2.61,325.3,1.654,252.0,5.379,16.25,1539.0,6.06,23493.04,147413.85,-123920.81,14.9,16.0
1822,2023,Kharif,Groundnut,Uttar Pradesh,Medium,3.9,Loamy,7.08,High-Yield Variety,Canal,761.4,25.3,80.5,137.3,3.59,527.1,0.807,417.0,4.252,16.58,1957.1,4.99,30830.75,194883.08,-164052.33,25.0,24.4
1823,2022,Rabi,Groundnut,Uttar Pradesh,Medium,2.96,Black,7.06,High-Yield Variety,Borewell,259.8,20.7,69.0,122.8,3.21,333.4,1.219,446.0,4.064,12.03,2159.4,6.84,24200.51,131865.53,-107665.02,11.4,9.8
1824,2022,Zaid,Mustard,Chhattisgarh,Small,3.87,Black,6.91,Traditional,Rainfed,229.5,31.3,45.2,51.4,4.98,200.6,0.93,335.0,1.866,7.22,1731.1,9.19,11349.9,168167.2,-156817.3,32.1,30.1
1825,2022,Zaid,Soybean,Bihar,Medium,3.99,Black,6.14,Traditional,,124.8,36.7,41.3,125.7,2.38,325.6,0.813,431.0,2.647,10.56,1782.6,5.47,17794.74,168526.66,-150731.92,35.3,25.9
1826,2023,Rabi,Mustard,Assam,Small,3.88,Sandy,7.35,High-Yield Variety,Canal,187.7,22.5,64.1,115.6,5.28,317.6,0.948,235.0,3.012,11.69,2130.6,6.69,23239.98,174579.3,-151339.32,18.8,16.2
1827,2024,Zaid,Soybean,Assam,Medium,2.38,Alluvial,6.68,Traditional,Drip,46.0,32.1,49.6,149.6,4.72,178.4,1.94,237.0,3.461,8.24,1792.9,8.29,13548.46,97052.94,-83504.48,42.7,43.7
1828,2024,Kharif,Sugarcane,Uttar Pradesh,Small,2.22,Sandy,6.56,Traditional,Drip,734.5,31.5,77.9,122.9,1.99,366.5,10.886,354.0,39.896,88.57,1818.6,7.27,149360.49,120642.98,28717.51,39.5,24.5
1829,2022,Kharif,Mustard,West Bengal,Medium,3.02,Black,6.11,High-Yield Variety,Rainfed,698.9,31.2,67.9,,4.78,258.1,0.871,252.0,2.248,6.79,2008.4,3.1,13214.22,154994.99,-141780.77,37.7,40.5
1830,2021,Rabi,Groundnut,Assam,Small,0.68,Sandy,6.28,Traditional,Canal,215.1,20.1,56.5,148.6,3.3,345.5,1.068,362.0,3.689,2.51,1877.7,5.58,4449.97,37952.28,-33502.31,19.8,15.5
1831,2022,Rabi,Soybean,Punjab,Large,1.27,Clay,6.95,Traditional,Sprinkler,162.5,23.5,56.7,85.7,3.04,262.8,1.543,218.0,4.055,5.15,2073.6,0.78,10595.93,65445.06,-54849.13,17.6,11.9
1832,2022,Kharif,Soybean,Uttar Pradesh,Large,3.37,Sandy,6.37,Traditional,Sprinkler,864.4,28.7,71.7,106.0,6.0,446.7,1.048,254.0,4.682,15.78,1854.8,4.39,27983.71,165264.89,-137281.18,40.1,27.7
1833,2022,Kharif,Groundnut,Chhattisgarh,Medium,2.91,Sandy,6.77,Traditional,Rainfed,761.2,26.1,85.5,166.4,3.53,274.9,1.296,406.0,3.563,10.37,1708.6,0.5,17629.63,149286.95,-131657.32,44.9,39.1
1834,2023,Kharif,Rice,West Bengal,Small,3.68,Black,5.72,High-Yield Variety,Canal,941.5,26.2,79.1,197.0,2.47,605.1,0.931,285.0,5.634,20.73,2014.0,4.78,39754.22,174637.86,-134883.64,36.3,36.4
1835,2023,Rabi,Soybean,West Bengal,Medium,2.64,Sandy,6.89,Traditional,Drip,199.6,20.0,65.3,116.8,0.83,228.2,2.091,189.0,4.773,12.6,1795.0,7.4,20943.18,120480.43,-99537.25,2.8,2.0
1836,2022,Kharif,Sugarcane,Odisha,Medium,3.93,Alluvial,6.44,Traditional,Sprinkler,843.5,27.5,82.9,159.6,4.94,438.9,8.546,420.0,37.504,147.39,2059.6,9.65,274285.57,195389.87,78895.7,32.2,25.7
1837,2022,Kharif,Maize,Odisha,Small,3.21,Alluvial,6.19,High-Yield Variety,Drip,702.8,26.6,79.7,177.6,5.51,335.5,2.246,364.0,7.537,24.19,1996.2,10.73,43106.0,157183.34,-114077.34,36.1,31.6
1838,2024,Zaid,Barley,West Bengal,Medium,1.93,Black,5.27,High-Yield Variety,Canal,76.5,38.4,42.1,104.9,5.25,284.2,1.266,278.0,3.598,6.94,1960.1,9.4,12324.95,91790.62,-79465.67,22.2,16.9
1839,2022,Zaid,Mustard,Uttar Pradesh,Medium,3.85,Alluvial,6.41,Traditional,Rainfed,102.5,33.8,39.5,134.0,0.69,165.7,0.836,356.0,1.386,5.34,1775.1,4.77,9027.29,163515.12,-154487.83,34.8,34.9
1840,2024,Rabi,Soybean,Bihar,Medium,1.38,Alluvial,6.94,High-Yield Variety,,271.2,22.1,63.3,140.6,2.71,315.7,1.237,358.0,3.906,5.39,1683.3,9.12,8245.34,74529.4,-66284.06,12.9,8.7
1841,2023,Zaid,Maize,Jharkhand,Medium,1.79,Sandy,7.07,High-Yield Variety,Drip,62.6,35.9,37.8,156.9,2.83,193.5,2.628,320.0,5.086,9.1,1718.5,7.27,14500.45,82774.89,-68274.44,16.0,13.1
1842,2024,Kharif,Sugarcane,Bihar,Medium,2.58,Clay,6.41,High-Yield Variety,Canal,799.0,27.6,80.6,144.9,4.55,561.4,6.353,328.0,35.669,92.03,1871.8,3.33,166523.57,138742.78,27780.79,35.7,39.0
1843,2022,Kharif,Maize,Assam,Small,2.04,Alluvial,6.4,Traditional,Canal,745.0,26.9,78.2,72.3,4.44,552.5,1.198,223.0,6.618,13.5,1671.0,6.27,21143.51,99496.17,-78352.66,29.3,18.4
1844,2024,Rabi,Wheat,Punjab,Large,3.7,Clay,6.51,Traditional,Rainfed,203.7,18.8,58.2,97.5,3.89,128.3,3.214,318.0,4.124,15.26,2176.3,4.65,31664.76,153207.59,-121542.83,23.4,25.5
1845,2024,Rabi,Wheat,Odisha,Small,1.35,Loamy,7.11,High-Yield Variety,Drip,259.9,17.9,60.7,127.1,3.23,228.4,2.419,292.0,5.525,7.46,1707.1,6.31,11931.21,62607.87,-50676.66,30.5,32.6
1846,2024,Rabi,Barley,Chhattisgarh,Small,4.29,Clay,6.55,High-Yield Variety,Rainfed,204.4,22.7,56.2,184.4,2.32,180.7,1.583,319.0,2.86,12.27,2075.8,5.39,24095.83,188740.58,-164644.75,24.7,21.0
1847,2023,Rabi,Wheat,Uttar Pradesh,Small,3.02,Clay,6.61,Traditional,Rainfed,239.1,16.9,58.2,101.3,2.3,201.0,1.794,376.0,3.607,10.89,2120.4,7.87,21273.14,137168.8,-115895.66,30.6,28.8
1848,2021,Rabi,Soybean,Punjab,Small,1.2,Loamy,7.07,Traditional,Rainfed,188.1,18.8,56.4,123.5,4.05,170.5,1.927,350.0,3.285,3.94,1720.3,4.38,6481.32,61490.69,-55009.37,19.4,18.4
1849,2022,Rabi,Groundnut,West Bengal,Medium,1.72,Sandy,7.03,High-Yield Variety,Canal,303.8,20.5,55.6,153.6,2.46,373.6,1.07,302.0,3.999,6.88,1957.0,5.74,12690.68,84464.28,-71773.6,15.6,16.3
1850,2021,Rabi,Soybean,West Bengal,Medium,1.29,Clay,6.59,Traditional,Borewell,269.4,26.3,54.9,138.8,4.42,352.9,1.022,227.0,3.607,4.65,1912.1,7.6,8216.07,59645.87,-51429.8,5.3,3.9
1851,2024,Zaid,Groundnut,Odisha,Small,1.69,Loamy,6.87,High-Yield Variety,Borewell,74.0,34.1,46.4,93.8,5.46,403.0,0.633,373.0,2.55,4.31,1799.6,5.19,7353.89,82994.86,-75640.97,19.9,14.6
1852,2021,Rabi,Mustard,Punjab,Large,3.39,Sandy,6.5,High-Yield Variety,Borewell,,20.0,53.6,114.7,2.88,333.1,0.877,427.0,2.921,9.9,1997.7,8.01,18192.77,152036.69,-133843.92,11.2,7.5
1853,2024,Kharif,Soybean,West Bengal,Small,3.34,Sandy,6.59,High-Yield Variety,Rainfed,735.3,31.1,83.7,70.3,3.62,279.6,1.224,388.0,3.422,11.43,2062.2,7.08,21902.46,162818.77,-140916.31,36.9,28.8
1854,2024,Zaid,Groundnut,West Bengal,Medium,4.65,Alluvial,7.52,Traditional,Rainfed,52.8,35.6,60.0,119.0,2.88,149.4,1.807,355.0,2.7,12.55,1739.9,9.92,19670.3,195632.97,-175962.67,44.4,27.3
1855,2024,Kharif,Wheat,Chhattisgarh,Medium,6.2,Alluvial,5.86,Traditional,Borewell,675.2,24.2,68.9,197.2,2.5,515.6,1.029,318.0,5.305,32.89,1994.4,5.8,61792.09,301145.25,-239353.16,38.4,42.2
1856,2024,Rabi,Groundnut,West Bengal,Small,4.48,Clay,6.73,Traditional,Canal,300.5,23.1,49.8,149.3,3.25,335.2,1.123,420.0,3.764,16.86,1915.3,6.53,30183.5,204432.63,-174249.13,33.5,33.3
1857,2022,Kharif,Wheat,Jharkhand,Small,1.27,Clay,6.71,High-Yield Variety,Rainfed,860.6,30.1,85.9,127.6,5.4,273.8,1.489,464.0,4.078,5.18,1747.0,5.25,8574.35,71230.49,-62656.14,34.7,25.7
1858,2024,Kharif,Mustard,Assam,Medium,2.71,Alluvial,7.26,High-Yield Variety,Drip,794.7,26.9,79.4,165.9,2.6,333.9,1.131,354.0,3.775,10.23,1821.7,6.72,17384.04,132460.13,-115076.09,56.8,43.1
1859,2021,Rabi,Soybean,Bihar,Small,2.37,Alluvial,6.72,High-Yield Variety,Drip,197.1,21.2,60.7,111.0,2.78,204.4,2.159,250.0,,10.46,2185.7,6.85,21297.55,107235.63,-85938.08,22.5,16.9
1860,2024,Rabi,Sugarcane,Bihar,Medium,1.36,Loamy,5.36,High-Yield Variety,Canal,157.0,17.4,61.7,162.9,3.44,232.9,13.336,375.0,31.061,42.24,2301.7,5.97,91416.16,68569.86,22846.3,19.5,12.7
1861,2023,Kharif,Mustard,Bihar,Small,2.93,Sandy,6.79,High-Yield Variety,Drip,728.5,27.3,75.3,133.7,4.98,339.5,1.017,247.0,3.454,10.12,1859.7,10.3,16882.26,141974.74,-125092.48,41.5,31.4
1862,2024,Rabi,Sugarcane,Assam,Small,2.27,Loamy,6.43,High-Yield Variety,Borewell,,20.6,55.6,186.1,1.99,298.4,10.084,287.0,30.094,68.31,2278.5,4.26,149016.53,98280.03,50736.5,20.9,13.9
1863,2023,Kharif,Sugarcane,Punjab,Small,1.35,Loamy,6.45,High-Yield Variety,Canal,756.3,28.7,74.8,143.2,4.53,443.9,8.12,321.0,36.046,48.66,1740.0,6.28,79348.52,74119.4,5229.12,37.6,33.5
1864,2021,Kharif,Groundnut,Bihar,Medium,2.7,Clay,6.57,Traditional,Borewell,833.0,29.8,75.4,162.6,3.19,579.7,0.553,398.0,,8.66,2136.8,7.96,17032.51,139892.78,-122860.27,42.1,27.8
1865,2024,Rabi,Mustard,Odisha,Large,2.83,Clay,5.64,Traditional,Rainfed,183.2,18.7,65.8,123.7,3.8,175.4,1.182,323.0,2.073,5.87,2006.8,7.06,10948.52,120697.84,-109749.32,20.6,22.3
1866,2022,Rabi,Maize,Jharkhand,Large,3.99,Loamy,6.35,High-Yield Variety,Rainfed,160.5,22.8,70.7,86.2,2.95,197.9,2.678,354.0,5.299,21.14,1796.9,5.72,35815.86,178945.53,-143129.67,23.3,22.2
1867,2022,Kharif,Wheat,Odisha,Small,1.54,Clay,6.07,Traditional,Borewell,863.0,28.6,70.2,161.8,2.66,629.9,0.815,383.0,5.131,7.9,1709.3,7.64,12471.52,86576.84,-74105.32,42.1,33.9
1868,2024,Rabi,Groundnut,Bihar,Small,1.7,Black,7.14,High-Yield Variety,Drip,100.4,22.3,42.2,108.8,3.76,158.8,2.71,234.0,,7.32,1812.0,6.91,12347.57,79265.57,-66918.0,33.2,23.6
1869,2021,Zaid,Sugarcane,Assam,Small,1.97,Alluvial,6.22,Traditional,Rainfed,58.4,33.8,44.0,74.0,3.44,137.1,14.31,132.0,19.622,38.66,1672.0,6.79,60247.33,82629.72,-22382.39,42.6,42.8
1870,2021,Kharif,Mustard,Bihar,Large,3.32,Black,5.96,Traditional,Rainfed,849.1,30.7,90.4,135.9,2.61,284.3,0.87,186.0,2.473,8.21,1518.4,10.83,11115.74,162036.18,-150920.44,53.0,54.6
1871,2021,Rabi,Maize,Bihar,Large,1.25,Sandy,7.26,Traditional,Canal,247.3,19.2,58.7,188.4,4.55,238.0,2.629,344.0,6.257,7.82,1967.8,13.87,13254.84,57617.39,-44362.55,9.5,7.8
1872,2021,Kharif,Groundnut,Odisha,Small,3.98,Clay,5.9,High-Yield Variety,Borewell,830.0,26.4,70.6,148.8,3.7,555.3,0.578,384.0,3.209,12.77,1661.2,7.9,19538.19,189513.67,-169975.48,30.1,20.5
1873,2021,Kharif,Maize,Chhattisgarh,Small,2.58,Alluvial,7.1,Traditional,Borewell,802.3,29.0,77.3,139.3,4.88,483.3,1.396,205.0,6.745,17.4,1575.2,8.6,25052.65,123769.58,-98716.93,31.2,25.8
1874,2023,Kharif,Sugarcane,Assam,Large,1.96,Sandy,6.03,Traditional,Rainfed,871.5,29.9,73.1,112.3,2.66,284.7,9.786,286.0,27.858,54.6,1901.3,3.32,100367.09,103999.24,-3632.15,34.5,32.9
1875,2022,Kharif,Maize,Chhattisgarh,Medium,2.3,Clay,5.87,Traditional,Canal,788.2,32.5,75.6,119.4,3.33,598.7,1.008,412.0,6.036,13.88,1917.9,6.79,24812.98,115492.9,-90679.92,49.3,40.1
1876,2022,Rabi,Maize,Assam,Small,1.94,Sandy,6.75,High-Yield Variety,Canal,148.0,21.0,68.3,81.5,2.13,304.4,2.077,213.0,6.323,12.27,2267.3,4.52,26561.97,81982.36,-55420.39,37.1,25.0
1877,2023,Rabi,Barley,Odisha,Large,3.21,Alluvial,6.6,Traditional,Canal,311.3,25.9,58.2,187.5,2.44,352.8,1.297,348.0,4.577,14.69,1945.2,7.2,26517.21,145252.13,-118734.92,28.8,21.8
1878,2024,Kharif,Rice,Bihar,Large,1.79,Alluvial,6.49,High-Yield Variety,Drip,796.2,28.2,78.7,83.9,3.42,350.1,1.836,464.0,6.426,11.5,2162.9,3.42,24024.13,97493.07,-73468.94,37.6,33.4
1879,2024,Kharif,Rice,Chhattisgarh,Small,4.56,Alluvial,,High-Yield Variety,Rainfed,821.1,27.5,84.7,113.9,4.46,336.8,1.329,299.0,4.476,20.41,1906.6,3.46,37567.53,220382.02,-182814.49,40.3,36.4
1880,2021,Kharif,Mustard,West Bengal,Small,1.26,Sandy,7.02,Traditional,Drip,785.3,28.8,68.6,165.8,4.68,309.1,1.21,258.0,3.739,4.71,1746.5,3.52,7936.42,65082.11,-57145.69,43.4,42.8
1881,2021,Zaid,Mustard,Uttar Pradesh,Small,0.85,Sandy,6.64,High-Yield Variety,Rainfed,5.0,33.1,49.4,79.7,3.68,175.8,0.771,498.0,1.356,1.15,1685.1,6.41,1813.63,45857.59,-44043.96,11.0,9.6
1882,2022,Rabi,Sugarcane,Assam,Small,1.62,Clay,6.01,High-Yield Variety,Rainfed,228.6,23.8,58.4,82.4,2.93,132.7,18.35,240.0,24.36,39.46,2153.3,5.62,80197.84,67704.72,12493.12,23.8,25.2
1883,2024,Rabi,Rice,Chhattisgarh,Small,2.3,Sandy,6.95,Traditional,Canal,205.1,17.7,54.7,76.5,3.57,242.8,2.065,139.0,5.013,11.53,1827.7,7.06,19586.16,103278.37,-83692.21,29.9,18.2
1884,2022,Rabi,Soybean,Jharkhand,Medium,1.33,Black,7.13,High-Yield Variety,Canal,184.8,23.0,48.9,141.0,1.99,278.3,1.717,270.0,4.777,6.35,2047.9,4.94,12362.09,69064.94,-56702.85,27.5,26.0
1885,2023,Kharif,Groundnut,Odisha,Medium,1.36,Black,6.47,High-Yield Variety,Borewell,811.2,30.6,76.0,150.8,3.57,545.8,0.723,346.0,3.947,5.37,1685.3,6.02,8505.08,79653.99,-71148.91,33.9,26.5
1886,2024,Kharif,Sugarcane,Bihar,Medium,5.08,Clay,7.1,High-Yield Variety,Borewell,822.7,28.5,71.2,181.9,4.31,599.5,5.708,452.0,34.216,173.82,1812.5,7.52,291365.96,255148.74,36217.22,40.3,35.3
1887,2023,Zaid,Maize,Bihar,Small,2.46,Loamy,6.17,Traditional,Rainfed,63.6,32.3,47.2,162.3,2.68,184.2,1.949,373.0,3.589,8.83,1902.5,8.61,15351.69,113461.76,-98110.07,17.3,18.2
1888,2021,Rabi,Maize,Assam,Small,1.36,Clay,6.51,Traditional,Rainfed,201.7,25.0,57.4,133.4,4.25,200.3,2.276,119.0,4.558,6.2,2093.2,4.99,12329.79,54202.35,-41872.56,15.7,16.6
1889,2024,Rabi,Barley,Jharkhand,Large,1.63,Sandy,5.5,High-Yield Variety,Rainfed,,19.3,54.7,137.6,2.25,190.0,1.263,247.0,2.399,3.91,1993.0,6.1,7317.79,71688.91,-64371.12,16.6,11.6
1890,2024,Rabi,Rice,Bihar,Small,2.56,Black,6.36,High-Yield Variety,Sprinkler,241.5,18.4,54.6,135.5,5.14,303.1,1.944,421.0,5.892,15.08,2004.7,10.24,27135.39,117119.46,-89984.07,16.9,13.8
1891,2021,Rabi,Soybean,West Bengal,Small,1.99,Black,6.57,High-Yield Variety,Drip,214.9,16.4,54.5,152.2,1.69,217.3,2.031,415.0,4.411,8.78,2198.9,9.46,17480.83,94883.92,-77403.09,19.4,13.5
1892,2024,Kharif,Maize,Assam,Medium,1.72,Black,6.65,High-Yield Variety,Borewell,715.1,28.8,81.5,154.1,2.69,525.8,1.089,274.0,5.726,9.85,1981.7,3.2,18895.47,86492.02,-67596.55,47.8,30.2
1893,2023,Kharif,Wheat,Odisha,Small,3.52,Black,7.2,High-Yield Variety,Sprinkler,780.2,29.0,75.1,102.7,4.18,426.7,1.541,413.0,6.574,23.14,1929.6,6.79,41620.92,177484.87,-135863.95,33.4,36.4
1894,2024,Kharif,Barley,Jharkhand,Small,1.76,Black,5.8,High-Yield Variety,Canal,819.0,30.9,76.7,142.1,4.93,593.0,0.754,395.0,4.472,7.87,1746.4,4.35,13146.67,105020.62,-91873.95,36.7,23.6
1895,2021,Kharif,Groundnut,Uttar Pradesh,Small,0.92,Alluvial,7.05,High-Yield Variety,Borewell,861.0,25.4,93.6,156.4,4.28,599.8,0.714,386.0,4.281,3.94,2000.1,7.02,7327.53,57206.74,-49879.21,38.0,29.9
1896,2023,Rabi,Mustard,Odisha,Medium,2.1,Loamy,7.63,High-Yield Variety,Borewell,141.3,19.7,65.1,112.2,3.42,322.7,1.14,381.0,3.68,7.73,2041.3,6.63,14733.6,97307.92,-82574.32,4.8,3.9
1897,2024,Kharif,Mustard,Assam,Large,1.3,Clay,7.93,Traditional,Canal,821.2,23.8,78.4,124.9,4.64,477.9,0.685,290.0,3.273,4.25,1988.1,4.37,8080.61,67356.56,-59275.95,33.6,21.2
1898,2022,Kharif,Groundnut,Bihar,Small,2.01,Black,6.53,Traditional,Rainfed,753.0,28.3,95.0,136.3,2.38,283.6,1.207,372.0,3.425,6.88,1774.8,5.58,11529.46,110461.82,-98932.36,26.0,24.9
1899,2021,Zaid,Barley,Odisha,Medium,1.74,Clay,6.29,Traditional,Drip,167.0,29.1,45.8,91.6,4.48,206.4,1.944,325.0,4.013,6.98,1609.9,5.89,10574.94,85659.88,-75084.94,17.9,12.8
1900,2024,Kharif,Sugarcane,Bihar,Medium,2.73,Alluvial,7.28,High-Yield Variety,Canal,686.1,33.0,86.8,95.2,4.82,487.3,7.35,310.0,35.816,97.78,1787.7,6.86,162811.39,135170.66,27640.73,40.2,34.4
1901,2022,Kharif,Mustard,Odisha,Small,2.49,Clay,,Traditional,Rainfed,771.4,29.1,69.5,170.2,3.07,288.2,1.096,289.0,3.158,7.86,1577.9,11.16,11018.42,121146.34,-110127.92,42.1,30.7
1902,2021,Rabi,Soybean,Uttar Pradesh,Small,1.61,Loamy,6.28,Traditional,Borewell,128.7,21.2,57.1,145.9,4.46,283.1,1.299,309.0,3.677,5.92,2244.8,9.33,12049.12,79983.78,-67934.66,35.8,30.4
1903,2023,Kharif,Sugarcane,Jharkhand,Medium,1.48,Clay,6.22,Traditional,Sprinkler,744.9,26.9,76.7,81.2,4.15,398.6,9.22,378.0,36.749,54.39,1557.3,7.58,78283.93,83229.88,-4945.95,38.6,31.0
1904,2021,Zaid,Mustard,Odisha,Medium,2.2,Black,6.23,High-Yield Variety,Rainfed,197.1,33.9,37.3,110.6,1.47,160.8,1.04,303.0,1.673,3.68,1418.0,2.23,5101.85,99094.97,-93993.12,25.9,24.7
1905,2023,Rabi,Wheat,Bihar,Large,1.48,Sandy,6.78,Traditional,Drip,194.0,22.4,67.0,124.2,1.57,202.6,2.776,469.0,5.624,8.32,2207.3,4.3,17575.41,73257.65,-55682.24,18.9,18.2
1906,2024,Rabi,Maize,Uttar Pradesh,Large,2.74,Alluvial,7.49,Traditional,Canal,100.2,20.6,58.2,151.7,3.36,307.3,1.865,321.0,5.731,15.7,1805.0,3.23,27422.35,119827.34,-92404.99,32.2,26.4
1907,2024,Kharif,Soybean,Assam,Medium,1.5,Clay,5.34,Traditional,Rainfed,689.5,23.4,67.7,106.3,4.81,261.1,1.367,318.0,3.569,5.35,,8.11,9272.15,74142.16,-64870.01,48.6,45.6
1908,2022,Kharif,Mustard,Chhattisgarh,Small,1.74,Alluvial,6.14,High-Yield Variety,Rainfed,782.3,30.8,80.2,125.2,3.06,329.0,0.665,357.0,2.189,3.81,1526.9,9.22,5281.1,92833.29,-87552.19,39.0,42.4
1909,2024,Kharif,Wheat,Assam,Large,1.1,Loamy,6.74,High-Yield Variety,Drip,756.3,28.6,77.0,146.6,4.4,365.7,1.638,321.0,5.991,6.59,1879.3,4.05,11883.65,60994.15,-49110.5,35.8,31.1
1910,2021,Kharif,Barley,Punjab,Small,2.46,Sandy,6.74,Traditional,Drip,760.9,28.7,65.7,194.4,3.54,295.9,2.004,265.0,5.93,14.59,1757.7,8.07,23574.83,127481.52,-103906.69,29.8,21.5
1911,2022,Rabi,Barley,Chhattisgarh,Small,1.28,Clay,6.04,High-Yield Variety,Borewell,250.6,22.0,47.7,119.9,2.97,381.5,1.022,252.0,3.899,4.99,2403.2,8.59,10961.34,65349.1,-54387.76,17.6,17.4
1912,2021,Rabi,Soybean,Chhattisgarh,Small,0.61,Sandy,6.84,Traditional,Canal,228.1,22.3,56.6,79.9,4.85,357.7,0.993,384.0,3.551,2.17,1855.6,8.23,3695.44,37548.49,-33853.05,24.7,17.4
1913,2023,Kharif,Soybean,Odisha,Small,1.06,Clay,6.88,High-Yield Variety,Rainfed,695.1,27.8,70.3,124.5,3.87,301.7,1.312,184.0,3.959,4.2,2001.9,4.72,8011.48,61027.43,-53015.95,34.1,29.0
1914,2023,Rabi,Rice,Jharkhand,Small,3.97,Loamy,6.88,Traditional,Drip,206.3,19.1,48.0,95.3,3.08,243.8,2.55,284.0,6.217,24.68,2140.6,7.78,48717.53,170669.82,-121952.29,19.9,15.5
1915,2022,Kharif,Soybean,Assam,Large,1.38,Loamy,7.33,Traditional,Rainfed,783.0,26.7,79.6,199.7,3.74,274.1,1.478,321.0,4.052,5.59,1785.8,7.9,9194.2,73536.91,-64342.71,48.7,48.6
1916,2022,Kharif,Soybean,Punjab,Small,1.76,Black,6.63,High-Yield Variety,Borewell,774.8,29.3,75.9,107.0,5.51,561.6,0.888,283.0,4.989,8.78,1899.0,4.88,15860.27,94350.26,-78489.99,46.3,36.5
1917,2024,Rabi,Sugarcane,West Bengal,Medium,2.05,Clay,6.78,High-Yield Variety,Canal,208.5,22.1,52.1,87.2,4.38,339.0,9.297,301.0,31.513,64.6,2094.4,10.16,121550.58,101085.9,20464.68,14.1,14.9
1918,2021,Kharif,Wheat,Assam,Small,1.88,Clay,6.47,High-Yield Variety,Rainfed,795.7,28.2,79.4,164.9,4.26,286.0,1.693,502.0,4.841,9.1,1858.9,6.59,15801.2,98439.36,-82638.16,36.5,32.9
1919,2021,Rabi,Rice,West Bengal,Medium,4.16,Clay,5.71,High-Yield Variety,Borewell,227.3,23.8,61.3,95.8,2.95,336.1,1.505,333.0,5.059,21.05,2233.0,6.65,43878.8,184177.59,-140298.79,19.0,14.3
1920,2021,Kharif,Mustard,Uttar Pradesh,Small,3.43,Clay,6.18,Traditional,Canal,741.9,26.2,85.1,138.5,3.29,502.6,0.62,390.0,3.117,10.69,1569.3,2.38,16376.93,171073.67,-154696.74,39.2,35.1
1921,2024,Rabi,Maize,Uttar Pradesh,Small,2.63,Black,6.51,High-Yield Variety,Canal,150.0,25.6,59.3,115.7,2.72,289.2,1.861,253.0,5.383,14.16,2123.0,6.49,28111.11,114372.33,-86261.22,12.0,12.4
1922,2024,Kharif,Maize,Bihar,Small,2.07,Loamy,6.93,High-Yield Variety,Rainfed,802.8,28.2,82.9,142.3,2.65,252.8,2.017,468.0,5.099,10.56,1874.9,8.6,18095.8,115680.11,-97584.31,41.0,38.1
1923,2024,Rabi,Mustard,Odisha,Medium,1.39,Sandy,6.43,High-Yield Variety,Canal,213.6,20.6,54.5,104.0,2.82,314.3,1.025,125.0,3.222,4.48,1831.0,6.31,7685.54,63482.82,-55797.28,9.7,10.2
1924,2023,Kharif,Barley,West Bengal,Medium,3.79,Alluvial,7.29,Traditional,Canal,824.5,24.7,94.3,52.4,4.45,546.7,1.045,164.0,5.712,21.65,1878.8,2.44,39684.91,178810.57,-139125.66,47.3,45.6
1925,2022,Kharif,Wheat,Punjab,Medium,1.78,Clay,6.44,High-Yield Variety,Canal,847.7,28.8,72.9,180.8,1.28,560.8,0.892,244.0,5.002,8.9,1779.3,5.08,15031.62,91457.89,-76426.27,29.7,26.0
1926,2024,Rabi,Mustard,Bihar,Large,1.0,Loamy,6.36,High-Yield Variety,Borewell,238.6,21.6,50.5,124.7,3.47,271.1,1.067,401.0,2.894,2.89,2017.2,13.91,5019.0,50838.08,-45819.08,20.3,17.0
1927,2022,Zaid,Soybean,Jharkhand,Medium,1.72,Clay,7.26,High-Yield Variety,Sprinkler,52.4,33.5,48.2,133.0,1.71,218.7,1.724,238.0,3.771,6.49,1844.2,9.09,10880.41,76063.04,-65182.63,27.9,21.6
1928,2022,Zaid,Mustard,Punjab,Medium,5.42,Sandy,6.96,High-Yield Variety,Sprinkler,91.3,35.1,40.8,137.5,3.96,248.7,0.888,336.0,2.209,11.97,2136.7,4.37,24458.25,225430.85,-200972.6,24.9,20.1
1929,2024,Kharif,Mustard,Jharkhand,Small,1.32,Black,7.17,Traditional,Rainfed,729.9,31.9,80.9,109.5,2.11,290.2,1.032,361.0,2.997,3.96,1827.6,6.34,6778.82,64676.78,-57897.96,42.1,41.9
1930,2024,Kharif,Maize,Uttar Pradesh,Small,0.83,Loamy,7.38,High-Yield Variety,Rainfed,772.8,33.0,78.5,111.6,4.8,277.7,2.011,262.0,5.586,4.64,1597.4,12.49,6486.64,50162.21,-43675.57,33.2,34.5
1931,2023,Kharif,Maize,Assam,Medium,1.02,Clay,6.13,High-Yield Variety,Rainfed,834.4,26.2,86.9,120.6,5.15,327.1,1.498,309.0,4.899,5.0,1804.6,4.7,8599.51,60020.67,-51421.16,30.3,27.1
1932,2021,Kharif,Soybean,Punjab,Large,1.43,Alluvial,7.17,High-Yield Variety,Drip,757.3,23.8,75.7,137.8,2.85,293.8,1.711,325.0,5.027,7.19,1772.9,9.8,11498.33,79317.9,-67819.57,49.9,44.4
1933,2021,Kharif,Maize,Jharkhand,Large,2.64,Alluvial,6.86,High-Yield Variety,Drip,865.9,27.2,72.4,136.4,2.21,375.2,2.073,377.0,7.781,20.54,1857.6,0.5,37965.05,128310.91,-90345.86,36.9,24.3
1934,2023,Kharif,Sugarcane,Odisha,Small,3.0,Loamy,5.84,Traditional,Canal,837.5,30.5,81.5,127.6,3.75,595.4,5.895,398.0,35.096,105.29,1535.7,6.64,150956.61,154740.61,-3784.0,44.7,27.3
1935,2023,Rabi,Soybean,Bihar,Small,3.19,Clay,6.56,High-Yield Variety,Canal,205.9,22.2,58.1,106.2,1.89,350.3,1.237,265.0,4.332,13.82,1948.2,14.0,23153.5,133555.08,-110401.58,6.8,6.1
1936,2023,Zaid,Maize,Assam,Medium,1.66,Sandy,6.08,High-Yield Variety,Canal,67.1,33.6,47.7,88.0,3.34,295.8,1.546,225.0,4.572,7.59,1731.8,8.51,12026.45,71267.05,-59240.6,2.0,2.1
1937,2022,Rabi,Maize,Jharkhand,Medium,3.25,Black,6.9,High-Yield Variety,Drip,178.9,22.0,68.2,160.6,1.87,245.3,2.499,404.0,6.128,19.92,2037.2,7.74,37440.96,147007.82,-109566.86,12.6,11.1
1938,2023,Kharif,Wheat,Chhattisgarh,Medium,1.83,Loamy,5.81,High-Yield Variety,Sprinkler,724.5,26.5,89.8,134.0,5.97,368.0,1.654,340.0,6.086,11.14,1847.0,6.78,19180.63,89861.46,-70680.83,39.8,36.8
1939,2021,Rabi,Barley,Jharkhand,Small,2.79,Alluvial,6.52,High-Yield Variety,Borewell,156.2,23.7,50.5,89.7,1.74,318.9,1.265,353.0,4.036,11.26,2252.9,11.02,22573.27,123225.69,-100652.42,15.8,10.6
1940,2024,Kharif,Wheat,Bihar,Large,1.27,Clay,6.79,High-Yield Variety,Canal,719.3,31.4,78.7,101.1,3.84,492.5,1.046,344.0,5.15,6.54,2042.8,7.6,12344.26,67887.39,-55543.13,39.2,38.3
1941,2023,Zaid,Barley,Punjab,Small,1.01,Black,6.38,High-Yield Variety,Borewell,147.5,33.1,37.7,158.3,2.37,351.6,0.961,344.0,3.378,3.41,1585.1,10.31,4847.78,43672.64,-38824.86,20.8,18.8
1942,2022,Kharif,Maize,West Bengal,Medium,3.9,Clay,,Traditional,Borewell,710.8,29.9,69.0,102.7,5.05,603.7,1.049,138.0,6.332,24.7,1899.5,8.92,42731.54,188158.19,-145426.65,29.7,25.7
1943,2023,Rabi,Barley,Uttar Pradesh,Small,1.26,Sandy,6.77,High-Yield Variety,Borewell,113.0,20.4,69.0,126.5,2.93,338.4,1.321,252.0,4.469,5.63,2180.1,8.04,11287.26,63189.23,-51901.97,16.2,10.1
1944,2022,Rabi,Maize,West Bengal,Large,3.89,Loamy,6.01,High-Yield Variety,Canal,248.6,18.8,74.9,88.0,2.96,416.6,1.262,328.0,5.256,20.45,1736.0,10.04,31934.65,166357.4,-134422.75,8.2,8.4
1945,2024,Rabi,Maize,Punjab,Small,1.91,Black,6.53,Traditional,Drip,258.3,19.3,63.1,139.5,3.34,235.7,2.806,414.0,6.613,12.63,1898.9,7.44,22199.51,92802.44,-70602.93,32.2,31.1
1946,2021,Rabi,Maize,West Bengal,Small,2.06,Sandy,6.07,Traditional,Drip,261.8,24.1,56.0,146.0,3.33,247.0,2.673,329.0,6.604,13.6,2100.9,7.43,26451.14,99458.98,-73007.84,19.2,15.8
1947,2023,Rabi,Rice,Uttar Pradesh,Small,3.19,Sandy,6.59,High-Yield Variety,Borewell,240.6,22.9,55.2,148.6,1.0,260.4,1.49,301.0,3.879,12.37,,6.46,26421.84,138093.84,-111672.0,12.8,8.0
1948,2023,Kharif,Wheat,Bihar,Large,1.48,Loamy,7.52,High-Yield Variety,Borewell,740.4,27.5,71.6,92.2,1.44,682.3,0.837,364.0,5.714,8.46,2162.6,7.41,16940.73,76406.09,-59465.36,40.7,35.3
1949,2023,Rabi,Barley,Assam,Medium,4.21,Clay,6.25,High-Yield Variety,Sprinkler,173.9,18.6,61.8,106.5,3.27,323.3,1.489,192.0,4.814,20.27,2116.5,7.93,39497.16,187823.45,-148326.29,17.0,13.6
1950,2024,Kharif,Soybean,Punjab,Small,1.23,Black,7.09,Traditional,Borewell,755.0,30.2,76.7,181.1,5.23,466.7,0.905,193.0,4.222,5.19,1755.2,12.45,7975.22,61133.14,-53157.92,45.3,46.9
1951,2023,Rabi,Wheat,Jharkhand,Small,1.92,Clay,7.25,Traditional,Sprinkler,230.5,22.5,52.1,101.0,2.98,257.0,2.096,344.0,5.388,10.35,2123.3,10.43,19684.62,95095.65,-75411.03,22.6,24.2
1952,2022,Kharif,Mustard,Punjab,Small,3.67,Loamy,7.42,High-Yield Variety,,739.8,25.9,74.1,115.5,3.8,321.4,0.883,322.0,2.837,10.41,1899.7,12.18,17367.41,174269.22,-156901.81,39.3,35.0
1953,2022,Zaid,Wheat,Punjab,Large,4.23,Clay,6.78,High-Yield Variety,Canal,165.7,33.5,52.1,40.6,3.75,263.1,1.819,343.0,4.785,20.24,1454.7,4.17,28214.18,178793.01,-150578.83,19.6,19.8
1954,2022,Rabi,Wheat,Chhattisgarh,Small,1.85,Clay,7.45,Traditional,Sprinkler,254.8,22.1,61.9,136.2,2.11,268.0,1.778,274.0,4.766,8.82,2035.1,9.57,16232.65,81713.76,-65481.11,8.3,6.3
1955,2021,Zaid,Soybean,Assam,Large,1.83,Black,6.54,High-Yield Variety,Canal,124.4,33.4,44.1,157.3,3.13,344.4,0.976,313.0,3.361,6.15,1825.3,9.07,10207.77,85816.65,-75608.88,20.9,17.2
1956,2024,Rabi,Sugarcane,Chhattisgarh,Medium,2.15,Alluvial,7.33,High-Yield Variety,Rainfed,246.2,21.7,60.3,122.7,2.46,194.6,12.598,334.0,24.51,52.7,1903.1,4.71,95570.87,100562.75,-4991.88,18.3,16.0
1957,2024,Kharif,Mustard,Uttar Pradesh,Medium,1.04,Sandy,6.07,Traditional,Rainfed,763.3,26.3,76.5,186.1,1.15,276.3,0.781,289.0,2.157,2.24,1869.1,4.14,4013.62,54503.6,-50489.98,31.0,29.0
1958,2022,Kharif,Mustard,Uttar Pradesh,Medium,2.55,Sandy,6.69,High-Yield Variety,Rainfed,784.5,28.1,78.4,101.8,3.52,282.5,0.882,305.0,2.491,6.35,1713.9,6.89,10133.16,125027.69,-114894.53,22.6,20.6
1959,2023,Kharif,Rice,Punjab,Small,1.3,Clay,6.78,Traditional,Drip,879.4,29.6,70.5,140.7,4.96,416.5,1.619,354.0,6.744,8.77,1851.9,11.32,14402.39,78394.5,-63992.11,46.5,50.9
1960,2021,Zaid,Maize,West Bengal,Small,2.75,Black,7.13,High-Yield Variety,Drip,39.6,31.7,49.6,121.1,4.09,154.9,3.398,349.0,5.262,14.47,1615.8,5.42,22114.03,121947.58,-99833.55,28.0,20.1
1961,2024,Kharif,Rice,Bihar,Small,3.89,Sandy,5.87,High-Yield Variety,Canal,792.5,31.8,72.5,168.3,4.43,542.8,1.008,332.0,5.472,21.29,1964.5,5.81,39395.86,189058.71,-149662.85,35.0,30.1
1962,2022,Zaid,Rice,Jharkhand,Small,2.13,Clay,7.31,Traditional,Borewell,175.9,31.7,44.3,122.7,1.39,360.8,1.244,354.0,4.487,9.56,1668.6,2.31,15582.95,95479.19,-79896.24,40.5,34.9
1963,2024,Kharif,Sugarcane,West Bengal,Small,1.62,Alluvial,7.42,High-Yield Variety,Drip,720.6,28.3,71.6,99.1,3.64,305.9,13.152,332.0,40.24,65.19,,7.85,96823.8,94341.78,2482.02,45.8,36.0
1964,2021,Kharif,Maize,Uttar Pradesh,Small,3.0,Clay,6.72,High-Yield Variety,Canal,830.9,28.0,76.2,78.2,3.06,542.1,1.218,309.0,6.605,19.81,2047.4,7.24,37623.32,150928.88,-113305.56,41.5,32.4
1965,2021,Kharif,Mustard,Punjab,Large,3.23,Clay,5.06,Traditional,Borewell,856.2,29.3,74.9,153.0,3.7,609.9,0.454,444.0,2.769,8.94,1866.0,4.88,15866.92,158712.39,-142845.47,42.2,45.1
1966,2024,Zaid,Maize,Assam,Large,3.31,Sandy,7.18,High-Yield Variety,Rainfed,153.5,34.1,44.8,105.3,2.4,207.3,1.788,483.0,3.705,12.26,1811.0,7.58,20519.89,135079.88,-114559.99,22.0,18.9
1967,2022,Zaid,Rice,Uttar Pradesh,Medium,2.72,Loamy,6.26,High-Yield Variety,Canal,217.8,36.5,49.6,129.3,2.92,339.2,1.157,298.0,3.925,10.68,1608.6,4.57,16394.32,114624.72,-98230.4,23.8,15.2
1968,2023,Rabi,Barley,Odisha,Small,1.31,Black,6.08,Traditional,Borewell,182.4,23.7,49.8,123.1,3.15,330.1,1.254,253.0,4.139,5.42,1718.7,8.22,8549.29,70888.06,-62338.77,30.9,30.2
1969,2022,Kharif,Soybean,Chhattisgarh,Medium,3.47,Clay,6.51,High-Yield Variety,Sprinkler,811.2,26.7,76.5,89.5,5.4,467.4,0.916,229.0,4.282,14.86,1932.7,5.15,27240.7,172095.7,-144855.0,37.4,37.6
1970,2024,Rabi,Mustard,Uttar Pradesh,Small,1.39,Alluvial,7.18,High-Yield Variety,Borewell,248.3,20.8,56.0,61.7,6.58,378.5,0.782,216.0,2.959,4.11,2159.3,7.63,8198.09,65963.72,-57765.63,23.3,21.5
1971,2021,Zaid,Barley,Uttar Pradesh,Small,1.51,Sandy,5.76,High-Yield Variety,Sprinkler,110.2,37.1,60.4,117.4,2.7,220.2,1.533,403.0,3.375,5.1,1618.3,7.21,7658.42,70065.52,-62407.1,31.1,23.7
1972,2024,Kharif,Rice,Jharkhand,Small,3.0,Loamy,6.3,Traditional,Borewell,720.8,24.6,71.8,105.0,4.1,439.8,1.169,330.0,5.14,15.42,1611.9,7.67,22949.54,148570.2,-125620.66,44.5,41.0
1973,2023,Kharif,Wheat,Assam,Small,3.68,Loamy,,High-Yield Variety,Borewell,752.7,28.6,79.2,157.1,2.71,538.0,1.034,303.0,5.564,20.47,1724.8,6.46,33026.54,182525.95,-149499.41,38.5,25.4
1974,2021,Kharif,Barley,Odisha,Small,2.41,Sandy,,High-Yield Variety,Sprinkler,779.5,26.0,70.5,139.1,4.99,469.6,1.109,370.0,5.207,12.55,1729.1,8.26,19907.98,125472.09,-105564.11,40.4,43.7
1975,2021,Rabi,Barley,Uttar Pradesh,Small,2.3,Black,6.34,High-Yield Variety,Sprinkler,57.0,18.3,56.4,154.5,3.61,202.3,1.997,358.0,4.038,9.29,2161.6,8.9,18293.57,116409.4,-98115.83,17.4,17.2
1976,2024,Zaid,Mustard,Uttar Pradesh,Medium,2.27,Alluvial,6.27,High-Yield Variety,Rainfed,214.0,33.5,58.6,205.3,3.47,163.3,1.195,314.0,1.95,4.43,1557.7,6.66,6440.89,92969.06,-86528.17,25.9,27.8
1977,2024,Zaid,Maize,Bihar,Small,3.03,Sandy,6.87,Traditional,Rainfed,197.8,30.9,46.5,150.5,2.47,162.3,2.144,281.0,3.48,10.54,1639.4,5.04,16408.35,129282.04,-112873.69,43.8,33.2
1978,2023,Kharif,Rice,Punjab,Medium,0.73,Alluvial,6.2,Traditional,Canal,788.0,31.7,68.0,138.7,3.9,535.5,1.128,203.0,6.041,4.41,1898.0,7.75,7721.57,43923.54,-36201.97,47.2,38.4
1979,2024,Kharif,Wheat,Punjab,Small,2.18,Sandy,6.56,Traditional,Rainfed,772.4,29.9,70.5,145.5,3.75,250.2,1.727,343.0,4.322,9.42,1921.3,10.42,16211.81,118737.79,-102525.98,54.8,58.7
1980,2024,Rabi,Mustard,West Bengal,Small,2.74,Alluvial,6.52,High-Yield Variety,Sprinkler,234.4,19.0,59.7,131.7,3.27,327.8,1.105,237.0,3.621,9.92,2188.7,6.16,20373.43,121083.46,-100710.03,24.4,20.7
1981,2024,Kharif,Wheat,Assam,Medium,1.3,Sandy,6.03,High-Yield Variety,Borewell,911.1,33.0,77.2,95.6,2.61,596.6,0.78,264.0,4.655,6.05,2001.7,7.2,11237.88,72474.64,-61236.76,47.1,35.9
1982,2022,Kharif,Maize,Bihar,Small,1.53,Alluvial,5.97,Traditional,Rainfed,780.4,31.5,79.4,105.2,3.79,276.7,1.822,419.0,5.043,7.72,1994.6,6.31,14427.21,90583.23,-76156.02,45.7,38.2
1983,2024,Kharif,Rice,West Bengal,Medium,7.55,Alluvial,,Traditional,Drip,774.3,24.7,83.4,88.1,3.85,290.0,2.195,339.0,6.365,48.06,2097.9,3.01,97791.48,357541.47,-259749.99,36.6,30.2
1984,2021,Kharif,Maize,Assam,Large,2.76,Alluvial,5.65,High-Yield Variety,Sprinkler,884.7,30.2,73.3,137.6,3.5,494.1,1.252,298.0,6.184,17.07,1827.9,8.69,28489.58,136465.1,-107975.52,27.9,25.3
1985,2023,Kharif,Groundnut,Punjab,Small,1.5,Sandy,6.76,Traditional,Drip,786.6,25.0,79.1,172.0,2.84,325.1,1.415,257.0,4.6,6.9,1852.1,4.7,12178.38,81005.02,-68826.64,41.6,38.2
1986,2023,Rabi,Maize,Odisha,Medium,2.82,Black,6.59,High-Yield Variety,Rainfed,128.1,22.5,57.1,53.5,2.53,159.2,2.762,259.0,4.398,12.4,1940.7,8.06,22124.27,120409.4,-98285.13,7.7,6.8
1987,2023,Rabi,Groundnut,Odisha,Medium,1.95,Sandy,5.9,Traditional,Sprinkler,305.2,23.1,54.6,69.3,5.52,308.5,1.097,384.0,3.385,6.6,2024.7,7.39,12375.17,92251.47,-79876.3,23.3,14.5
1988,2023,Zaid,Groundnut,Bihar,Large,1.07,Loamy,7.09,High-Yield Variety,Borewell,131.8,33.4,50.0,148.0,6.46,323.9,0.886,162.0,2.868,3.07,1563.3,6.45,4489.89,56058.98,-51569.09,26.7,22.5
1989,2022,Rabi,Rice,Punjab,Small,1.99,Alluvial,6.05,High-Yield Variety,Canal,276.0,21.8,60.0,139.9,2.31,400.7,1.131,186.0,4.531,9.02,2115.6,5.75,17984.87,93722.43,-75737.56,37.9,26.3
1990,2024,Rabi,Barley,Assam,Medium,2.19,Black,6.63,Traditional,Drip,84.8,23.3,56.1,79.8,4.32,189.3,2.751,292.0,5.207,11.4,2111.4,1.44,23724.46,96142.23,-72417.77,25.4,26.4
1991,2023,Zaid,Maize,Odisha,Medium,1.84,Loamy,5.99,Traditional,Canal,106.7,34.9,49.9,92.6,2.29,252.7,1.864,368.0,4.71,8.67,1789.7,4.6,14802.21,81568.42,-66766.21,31.0,30.6
1992,2022,Kharif,Barley,Punjab,Medium,2.14,Alluvial,6.13,High-Yield Variety,Borewell,833.4,27.7,79.4,126.6,3.06,614.9,0.749,298.0,4.608,9.86,2029.9,9.51,18111.22,104660.62,-86549.4,35.4,29.6
1993,2023,Rabi,Sugarcane,Uttar Pradesh,Small,1.24,Alluvial,5.98,High-Yield Variety,Drip,101.3,16.9,49.3,151.1,1.71,156.1,22.628,262.0,35.328,43.81,2008.5,9.38,79736.08,56848.31,22887.77,35.8,24.9
1994,2023,Rabi,Barley,Odisha,Medium,3.83,Sandy,6.63,High-Yield Variety,Canal,129.5,22.0,61.3,81.8,3.29,321.4,1.38,288.0,4.438,17.0,1751.7,6.23,27923.89,167575.23,-139651.34,26.5,19.7
1995,2021,Kharif,Mustard,Chhattisgarh,Medium,0.67,Sandy,7.32,High-Yield Variety,Rainfed,902.1,28.4,80.2,151.0,1.96,285.8,0.929,223.0,2.655,1.78,1870.0,5.27,3153.11,36504.1,-33350.99,51.2,39.6
1996,2023,Zaid,Sugarcane,West Bengal,Small,0.8,Loamy,6.67,Traditional,Rainfed,81.5,36.7,32.2,141.0,1.33,174.9,11.004,420.0,19.241,15.39,1576.9,2.64,23627.9,38631.34,-15003.44,33.2,29.3
1997,2022,Rabi,Rice,Odisha,Medium,1.52,Black,6.64,Traditional,Borewell,214.4,17.6,59.2,129.8,2.23,393.7,1.363,308.0,5.365,8.16,2176.8,4.06,17040.8,74758.96,-57718.16,16.7,15.4
1998,2023,Rabi,Groundnut,Punjab,Medium,2.26,Sandy,6.46,High-Yield Variety,Rainfed,293.7,19.7,62.6,107.2,3.9,193.3,1.288,400.0,2.489,5.62,1902.2,10.5,9567.94,101542.4,-91974.46,27.8,17.6
1999,2023,Rabi,Rice,Assam,Small,4.41,Black,8.02,High-Yield Variety,Sprinkler,227.9,22.9,62.3,81.1,3.09,248.0,2.527,305.0,6.266,27.63,1895.6,5.47,49512.63,201897.8,-152385.17,8.5,7.3
2000,2024,Rabi,Barley,Jharkhand,Small,2.13,Black,6.87,Traditional,Canal,143.8,17.2,58.8,107.7,4.36,274.1,1.71,277.0,4.689,9.99,1925.9,9.89,17336.05,100822.81,-83486.76,26.7,16.9
2001,2021,Kharif,Soybean,Assam,Small,1.87,Loamy,6.02,High-Yield Variety,Borewell,772.2,32.0,68.0,127.2,4.35,596.7,0.585,177.0,3.491,6.53,1591.5,6.51,9716.24,91593.57,-81877.33,49.9,42.8
2002,2021,Zaid,Maize,Odisha,Medium,0.82,Alluvial,6.68,High-Yield Variety,Rainfed,158.0,36.3,44.1,126.5,3.35,149.8,2.194,229.0,3.287,2.7,1739.2,7.67,4335.68,36314.53,-31978.85,9.0,8.8
2003,2021,Kharif,Wheat,Assam,Small,1.36,Clay,5.74,Traditional,Borewell,765.6,33.2,83.9,145.3,3.56,530.5,0.93,294.0,4.931,6.71,1766.7,9.29,10752.47,80237.86,-69485.39,33.7,21.6
2004,2023,Rabi,Mustard,Chhattisgarh,Small,2.53,Clay,6.67,High-Yield Variety,Drip,184.3,22.0,57.8,95.3,3.57,166.1,1.592,368.0,2.644,6.69,2439.4,10.07,14676.09,108675.2,-93999.11,20.5,17.9
2005,2024,Rabi,Rice,Jharkhand,Small,2.51,Sandy,6.83,High-Yield Variety,Borewell,238.3,15.7,45.7,150.8,4.45,377.5,1.453,412.0,5.485,13.77,2031.2,11.32,24802.22,121723.96,-96921.74,17.3,17.1
2006,2024,Rabi,Wheat,Chhattisgarh,Large,3.1,Black,6.94,Traditional,Canal,185.6,21.4,52.3,150.6,5.34,262.3,1.915,424.0,5.022,15.57,2157.6,5.77,31655.24,140302.18,-108646.94,41.5,30.5
2007,2023,Rabi,Soybean,Bihar,Small,1.37,Alluvial,5.65,High-Yield Variety,Rainfed,87.6,21.2,61.8,117.9,1.29,154.5,2.168,208.0,3.35,4.59,1931.4,4.61,8456.67,62370.18,-53913.51,17.6,19.1
2008,2024,Kharif,Soybean,West Bengal,Small,1.69,Sandy,6.48,High-Yield Variety,Drip,787.0,29.8,86.8,114.1,4.41,311.6,1.481,151.0,4.615,7.8,2121.2,5.8,15585.22,83797.44,-68212.22,37.9,39.2
2009,2023,Rabi,Barley,Chhattisgarh,Medium,4.35,Clay,5.93,High-Yield Variety,Sprinkler,160.1,21.2,53.8,107.1,4.02,253.4,1.827,268.0,4.629,20.14,1937.1,8.68,35626.53,191896.81,-156270.28,11.3,7.6
2010,2023,Zaid,Maize,Punjab,Medium,2.34,Sandy,5.29,Traditional,Rainfed,54.8,29.6,36.4,125.7,2.94,137.7,2.354,258.0,3.242,7.59,1800.2,2.76,13287.12,102158.29,-88871.17,27.9,26.7
2011,2021,Kharif,Sugarcane,Uttar Pradesh,Small,1.38,Clay,6.07,Traditional,Borewell,845.6,28.1,85.9,151.8,3.91,583.0,5.714,342.0,33.317,45.98,1921.2,9.62,79833.86,77998.57,1835.29,33.9,22.6
2012,2023,Rabi,Maize,West Bengal,Medium,2.72,Black,8.1,Traditional,Borewell,153.5,20.9,69.7,86.2,1.88,396.1,1.543,237.0,6.11,16.62,2047.6,9.48,30805.67,128095.87,-97290.2,24.2,26.6
2013,2024,Kharif,Mustard,Odisha,Medium,2.1,Black,5.65,Traditional,Rainfed,794.4,30.6,80.5,,2.16,300.8,0.797,248.0,2.397,5.03,1740.7,3.73,8428.97,104622.79,-96193.82,43.7,36.4
2014,2023,Kharif,Mustard,Uttar Pradesh,Large,0.92,Sandy,7.91,High-Yield Variety,Rainfed,828.1,26.5,81.1,144.4,1.95,261.2,1.077,276.0,2.813,2.59,1720.3,9.62,4027.17,53355.93,-49328.76,29.2,20.8
2015,2024,Kharif,Wheat,Odisha,Small,2.46,Loamy,6.64,Traditional,Canal,,29.4,76.3,105.7,4.39,563.7,0.984,229.0,5.545,13.64,1761.5,6.47,22472.78,120121.95,-97649.17,42.6,45.7
2016,2023,Rabi,Mustard,West Bengal,Small,2.43,Alluvial,7.01,High-Yield Variety,Canal,226.6,18.2,64.3,155.2,3.43,375.7,0.866,377.0,3.256,7.91,2186.3,8.5,15823.6,120115.57,-104291.97,26.8,26.8
2017,2022,Kharif,Sugarcane,Uttar Pradesh,Small,1.17,Sandy,6.42,High-Yield Variety,Canal,856.9,25.1,86.2,141.6,6.82,561.1,6.264,295.0,35.144,41.12,1867.8,7.55,71009.51,64109.59,6899.92,32.5,25.1
2018,2021,Rabi,Wheat,Bihar,Small,2.54,Black,7.5,High-Yield Variety,Canal,212.2,22.1,56.9,77.2,2.65,369.5,1.223,362.0,4.517,11.47,1945.5,10.06,20069.34,117906.61,-97837.27,5.0,3.7
2019,2024,Zaid,Soybean,Uttar Pradesh,Small,4.21,Black,7.28,Traditional,Canal,38.1,31.5,49.3,119.9,1.32,268.8,1.315,417.0,,14.88,1493.4,5.13,21081.89,172118.35,-151036.46,41.7,34.6
2020,2024,Rabi,Soybean,Odisha,Small,1.33,Sandy,6.26,Traditional,Rainfed,247.8,22.8,62.8,116.8,1.34,195.9,1.262,403.0,2.472,3.29,2150.5,8.88,6446.76,62499.15,-56052.39,15.3,13.3
2021,2022,Zaid,Barley,Assam,Small,1.68,Clay,6.11,High-Yield Variety,Canal,83.9,32.2,48.4,109.3,2.49,302.4,1.009,411.0,3.049,5.12,1583.6,9.16,7365.28,81726.4,-74361.12,20.9,21.6
2022,2023,Rabi,Wheat,Bihar,Medium,2.28,Loamy,5.6,High-Yield Variety,Sprinkler,330.8,20.5,55.9,69.9,3.8,283.2,1.587,354.0,4.495,10.25,1961.4,5.09,19081.57,110625.84,-91544.27,23.6,15.9
2023,2022,Rabi,Barley,Odisha,Small,1.34,Loamy,6.85,High-Yield Variety,Borewell,195.6,21.1,62.2,65.9,3.79,400.2,0.989,342.0,3.958,5.3,2117.6,9.23,10187.24,66981.07,-56793.83,29.2,17.9
2024,2024,Kharif,Barley,Assam,Small,2.01,Loamy,6.63,High-Yield Variety,Canal,834.2,31.7,82.2,149.6,4.94,564.7,0.817,266.0,4.611,9.27,1881.9,6.1,16380.9,101194.88,-84813.98,42.1,35.4
2025,2021,Kharif,Maize,West Bengal,Large,1.63,Clay,6.13,High-Yield Variety,Borewell,859.3,25.8,83.7,132.9,3.57,595.8,1.106,239.0,,10.74,1938.9,11.74,18377.66,84154.65,-65776.99,37.3,22.9
2026,2023,Zaid,Wheat,Punjab,Medium,2.71,Loamy,6.13,High-Yield Variety,Rainfed,84.8,32.8,52.0,125.0,3.17,166.7,1.682,431.0,2.804,7.6,2000.2,9.22,13799.89,113301.83,-99501.94,37.7,35.2
2027,2023,Rabi,Soybean,Jharkhand,Small,1.85,Loamy,7.11,High-Yield Variety,Rainfed,196.2,21.5,59.3,122.9,3.7,227.2,1.63,322.0,3.704,6.85,2047.7,7.83,12928.78,89106.94,-76178.16,25.0,22.7
2028,2021,Rabi,Rice,Uttar Pradesh,Medium,1.33,Alluvial,6.7,High-Yield Variety,Rainfed,282.2,23.1,67.2,109.0,4.17,224.7,1.838,458.0,,5.49,2100.0,8.54,10544.11,74750.88,-64206.77,23.2,15.2
2029,2022,Kharif,Barley,Jharkhand,Small,2.73,Clay,6.59,High-Yield Variety,Drip,833.5,27.6,79.5,115.2,3.43,365.8,1.474,153.0,5.393,14.72,1900.9,8.61,25573.39,134327.86,-108754.47,37.7,40.9
2030,2023,Kharif,Maize,West Bengal,Medium,1.69,Black,6.43,High-Yield Variety,Canal,712.2,25.2,78.3,91.7,3.58,529.1,1.2,352.0,6.35,10.73,1858.0,7.48,18445.45,92328.89,-73883.44,22.5,13.9
2031,2022,Zaid,Groundnut,Chhattisgarh,Small,3.02,Sandy,6.51,Traditional,Canal,66.2,33.9,52.7,113.4,1.73,256.2,1.07,231.0,2.742,8.28,1729.9,8.87,13053.0,122715.23,-109662.23,37.8,32.1
2032,2022,Kharif,Barley,Uttar Pradesh,Large,3.96,Clay,5.98,High-Yield Variety,Canal,822.9,24.1,74.2,165.0,5.05,492.6,0.894,225.0,4.405,17.44,1865.1,6.82,30308.77,191954.82,-161646.05,42.0,43.4
2033,2024,Rabi,Rice,Assam,Small,2.04,Black,6.77,High-Yield Variety,Drip,227.6,21.5,63.4,117.5,2.4,183.8,3.319,414.0,6.101,12.45,2164.7,7.48,24935.02,93926.52,-68991.5,21.8,20.2
2034,2021,Rabi,Barley,Bihar,Small,0.76,Sandy,6.09,High-Yield Variety,Canal,197.3,24.4,45.1,107.3,3.72,316.3,1.295,262.0,4.096,3.11,1953.6,6.53,5679.19,36690.63,-31011.44,7.9,7.8
2035,2021,Kharif,Sugarcane,Jharkhand,Medium,1.79,Loamy,6.37,Traditional,Canal,858.8,30.6,77.3,88.6,5.05,481.5,7.423,225.0,35.741,63.98,1802.0,4.55,110040.16,94692.81,15347.35,59.1,61.7
2036,2024,Kharif,Rice,Odisha,Small,1.44,Alluvial,6.38,Traditional,Borewell,729.9,28.4,72.8,178.9,4.94,542.9,0.959,353.0,5.204,7.49,1843.5,7.18,12816.3,83864.09,-71047.79,49.1,33.6
2037,2023,Kharif,Sugarcane,Assam,Small,1.85,Alluvial,7.69,High-Yield Variety,Canal,745.8,30.4,66.5,136.5,5.5,579.1,6.122,255.0,35.45,65.58,1813.9,8.84,108435.88,85909.62,22526.26,7.5,7.3
2038,2024,Kharif,Mustard,West Bengal,Small,2.32,Alluvial,6.39,High-Yield Variety,Borewell,681.6,25.5,80.5,68.0,4.3,574.7,0.523,332.0,3.006,6.97,1732.5,8.58,11038.83,120030.69,-108991.86,41.8,36.5
2039,2024,Kharif,Barley,Uttar Pradesh,Large,0.51,Black,7.25,High-Yield Variety,Rainfed,838.4,28.1,82.3,142.7,4.72,281.6,1.41,314.0,3.972,2.03,1953.4,7.33,3674.62,45110.12,-41435.5,51.9,36.6
2040,2023,Rabi,Rice,Assam,Medium,1.37,Sandy,7.04,High-Yield Variety,Sprinkler,242.2,20.2,67.1,126.8,3.22,281.9,2.042,321.0,5.757,7.89,1942.6,8.38,14042.69,71318.11,-57275.42,23.1,19.3
2041,2024,Kharif,Mustard,Odisha,Large,1.89,Loamy,7.3,Traditional,Borewell,843.9,30.4,81.3,121.1,2.19,572.1,0.703,296.0,4.021,7.6,1749.9,6.32,12458.43,107153.45,-94695.02,40.9,42.8
2042,2024,Zaid,Rice,Uttar Pradesh,Small,1.28,Sandy,6.73,Traditional,Canal,91.9,34.5,49.4,158.1,5.38,327.6,1.409,352.0,4.616,5.91,1673.9,8.12,9088.74,78044.89,-68956.15,25.7,23.2
2043,2022,Zaid,Groundnut,Chhattisgarh,Large,5.53,Black,7.46,High-Yield Variety,Borewell,108.9,30.9,34.7,143.8,2.47,329.9,0.735,187.0,2.424,13.41,1651.9,11.44,19617.01,229383.82,-209766.81,46.4,27.9
2044,2024,Rabi,Rice,West Bengal,Small,0.99,Loamy,6.63,High-Yield Variety,Borewell,117.6,18.8,59.1,106.5,2.27,343.1,1.304,350.0,4.475,4.43,2316.8,8.6,9380.45,59136.07,-49755.62,22.8,23.3
2045,2022,Rabi,Rice,Bihar,Small,1.13,Sandy,5.44,Traditional,Sprinkler,215.5,20.3,53.9,139.5,3.74,280.9,2.023,275.0,5.683,6.42,2190.9,5.47,13295.85,55243.5,-41947.65,19.0,14.7
2046,2022,Kharif,Groundnut,Jharkhand,Small,3.29,Black,6.3,Traditional,Canal,832.5,31.6,73.0,117.8,3.68,537.7,0.742,445.0,3.991,13.13,2026.1,5.97,25013.63,166728.82,-141715.19,48.1,44.4
2047,2021,Zaid,Wheat,Jharkhand,Large,3.24,Loamy,5.84,Traditional,Drip,46.9,36.0,45.8,148.3,2.61,222.9,1.87,471.0,4.168,13.5,1664.1,5.39,21254.77,147266.87,-126012.1,37.1,27.6
2048,2024,Rabi,Maize,Jharkhand,Small,1.19,Sandy,6.59,Traditional,Rainfed,282.4,19.6,54.5,135.5,3.3,232.4,2.02,292.0,4.694,5.59,1998.8,9.55,10105.97,55864.04,-45758.07,11.9,11.1
2049,2024,Kharif,Sugarcane,Bihar,Small,1.03,Clay,5.91,Traditional,Borewell,781.4,26.2,73.6,113.2,5.49,556.5,6.048,173.0,33.653,34.66,1793.0,7.7,57360.15,60893.95,-3533.8,37.2,26.1
2050,2022,Kharif,Groundnut,Punjab,Small,1.94,Black,6.98,High-Yield Variety,Canal,792.2,32.1,84.7,,3.65,515.1,0.775,261.0,3.993,7.75,2115.9,6.8,15282.74,94502.89,-79220.15,38.9,41.4
2051,2022,Rabi,Maize,Punjab,Small,1.73,Alluvial,6.9,Traditional,Canal,171.8,20.1,58.2,159.1,1.47,317.8,1.813,277.0,5.764,9.97,2097.0,7.6,19317.79,82555.83,-63238.04,18.5,11.9
2052,2023,Kharif,Wheat,Uttar Pradesh,Large,1.77,Sandy,5.94,High-Yield Variety,Borewell,859.3,32.0,67.6,134.9,3.53,565.9,0.873,332.0,4.94,8.74,1730.8,10.18,13586.94,95766.5,-82179.56,24.9,15.9
2053,2024,Kharif,Wheat,Odisha,Medium,1.22,Sandy,7.32,Traditional,Canal,695.3,27.6,76.7,123.2,4.97,482.2,1.218,324.0,5.874,7.17,1880.4,8.02,12400.94,63882.83,-51481.89,25.9,27.4
2054,2022,Kharif,Sugarcane,Bihar,Small,4.01,Sandy,6.52,High-Yield Variety,Rainfed,713.7,31.2,68.5,148.1,4.66,262.5,10.574,348.0,27.762,111.33,1903.9,9.43,191965.07,205339.27,-13374.2,27.2,19.7
2055,2024,Kharif,Groundnut,Odisha,Small,0.68,Alluvial,5.67,Traditional,Canal,738.0,33.7,68.5,165.0,2.64,533.8,0.701,426.0,3.74,2.54,1860.8,6.58,4415.48,50752.28,-46336.8,43.1,31.7
2056,2023,Rabi,Maize,Jharkhand,Small,3.92,Black,6.26,High-Yield Variety,Canal,232.7,21.6,60.8,129.7,1.45,278.3,1.98,307.0,5.511,21.6,1983.4,5.35,40552.09,168059.51,-127507.42,10.9,8.5
2057,2021,Zaid,Sugarcane,Bihar,Small,2.12,Clay,5.58,Traditional,Drip,117.7,32.3,51.1,121.6,3.33,165.8,16.14,332.0,26.765,56.74,1758.8,5.36,94440.16,94822.15,-381.99,27.2,26.2
2058,2022,Rabi,Soybean,West Bengal,Large,0.79,Alluvial,7.03,High-Yield Variety,Canal,273.7,21.4,49.8,157.1,3.12,292.7,1.292,168.0,3.781,2.99,2118.1,6.05,5949.92,37003.36,-31053.44,34.7,38.1
2059,2024,Kharif,Barley,Jharkhand,Medium,2.2,Loamy,6.58,Traditional,,824.1,28.4,68.4,107.2,3.21,283.4,1.427,229.0,4.045,8.9,1826.1,6.93,15125.52,120124.72,-104999.2,43.6,34.0
2060,2022,Rabi,Maize,West Bengal,Large,2.82,Sandy,6.39,High-Yield Variety,Borewell,242.3,21.4,51.9,150.6,3.17,363.6,1.535,259.0,5.582,15.74,1988.5,1.67,30778.11,120910.23,-90132.12,15.2,9.4
2061,2023,Rabi,Mustard,Jharkhand,Medium,1.42,Clay,6.86,High-Yield Variety,Borewell,172.9,17.0,65.9,146.3,3.24,364.0,0.698,336.0,2.539,3.61,2098.6,7.25,7026.31,68200.0,-61173.69,27.6,21.1
2062,2022,Kharif,Rice,Odisha,Large,2.92,Black,6.83,High-Yield Variety,Canal,856.8,28.4,67.9,124.7,4.91,629.5,0.982,241.0,6.185,18.06,1823.7,5.17,31235.12,150124.79,-118889.67,39.8,28.0
2063,2024,Kharif,Sugarcane,West Bengal,Large,1.26,Black,5.93,Traditional,Canal,865.5,26.9,78.5,147.4,4.01,580.5,6.153,171.0,35.719,45.01,1749.8,9.04,71641.97,69305.58,2336.39,45.6,50.2
2064,2021,Zaid,Soybean,Uttar Pradesh,Small,1.82,Loamy,6.38,Traditional,Sprinkler,120.3,31.4,51.0,146.1,5.52,198.9,1.761,320.0,3.503,6.38,1629.2,5.46,9826.63,81899.91,-72073.28,38.3,38.0
2065,2021,Zaid,Mustard,Bihar,Small,2.57,Loamy,6.89,Traditional,Borewell,68.2,31.9,39.6,127.0,1.79,341.1,0.596,194.0,2.033,5.22,1884.5,1.67,9673.1,105101.5,-95428.4,24.4,17.4
2066,2023,Kharif,Rice,Assam,Medium,1.9,Sandy,6.29,Traditional,,774.1,25.3,78.7,101.2,4.08,506.5,0.996,348.0,5.047,9.59,1842.8,10.59,15801.82,101744.16,-85942.34,56.7,47.2
2067,2024,Rabi,Sugarcane,Bihar,Large,2.8,Loamy,6.92,High-Yield Variety,Borewell,309.8,22.3,55.9,127.1,3.3,416.8,7.354,349.0,30.651,85.82,2058.2,4.69,168339.21,127625.5,40713.71,22.7,20.8
2068,2021,Rabi,Groundnut,Assam,Medium,2.6,Clay,6.62,Traditional,Drip,193.5,22.9,63.0,137.0,1.91,190.3,2.077,307.0,3.952,10.27,2170.2,7.4,20637.43,120304.7,-99667.27,19.5,18.6
2069,2022,Rabi,Sugarcane,Odisha,Small,2.92,Sandy,6.61,High-Yield Variety,Rainfed,216.1,20.3,71.6,,2.18,165.9,15.086,352.0,25.019,73.06,2082.5,6.84,141740.83,128648.71,13092.12,11.1,8.7
2070,2023,Rabi,Mustard,Uttar Pradesh,Small,2.17,Loamy,6.72,High-Yield Variety,Canal,211.0,18.7,59.2,122.0,3.94,274.9,1.215,222.0,3.339,7.25,2277.7,8.97,15032.05,95240.02,-80207.97,20.2,14.1
2071,2021,Rabi,Maize,Chhattisgarh,Medium,3.78,Sandy,5.78,High-Yield Variety,Rainfed,215.0,24.4,60.3,101.0,3.95,184.5,2.249,394.0,4.149,15.68,2257.9,7.93,32595.05,176047.06,-143452.01,13.0,10.7
2072,2023,Rabi,Rice,Assam,Medium,4.82,Black,6.74,High-Yield Variety,Rainfed,113.7,19.2,77.4,,3.12,153.0,3.015,290.0,4.613,22.24,1996.9,6.88,41357.68,205562.41,-164204.73,25.1,20.4
2073,2023,Zaid,Groundnut,Punjab,Medium,4.99,Loamy,7.48,High-Yield Variety,Sprinkler,136.5,34.2,55.2,93.2,2.12,205.2,1.602,333.0,3.287,16.4,1662.4,5.67,25716.67,208107.22,-182390.55,32.1,24.3
2074,2022,Zaid,Wheat,Uttar Pradesh,Small,1.02,Alluvial,6.3,High-Yield Variety,Sprinkler,47.3,28.1,50.0,103.3,2.76,275.9,1.304,213.0,3.597,3.67,1590.1,4.22,5589.36,54305.83,-48716.47,19.7,12.2
2075,2023,Kharif,Groundnut,Odisha,Small,2.65,Alluvial,7.09,High-Yield Variety,Rainfed,843.8,27.6,76.0,99.9,4.72,320.2,1.157,328.0,3.704,9.82,2041.4,7.63,18515.74,132372.61,-113856.87,33.8,28.0
2076,2023,Rabi,Rice,Chhattisgarh,Small,1.86,Loamy,7.01,High-Yield Variety,Borewell,173.0,25.1,66.9,122.2,3.68,371.1,1.298,272.0,4.818,8.96,2049.1,6.94,17084.71,81734.97,-64650.26,11.4,8.7
2077,2022,Kharif,Groundnut,Assam,Small,3.79,Black,6.81,High-Yield Variety,Borewell,833.7,29.1,72.2,122.8,3.73,586.7,0.68,364.0,3.992,15.13,1735.3,6.09,24655.64,188725.01,-164069.37,33.4,23.2
2078,2022,Zaid,Rice,Assam,Large,3.42,Alluvial,6.65,High-Yield Variety,Rainfed,48.2,32.8,45.2,147.9,3.35,159.1,2.28,211.0,3.628,12.41,1469.0,3.55,17582.97,134925.58,-117342.61,29.7,28.1
2079,2024,Kharif,Soybean,Uttar Pradesh,Small,1.99,Loamy,7.01,Traditional,Sprinkler,693.1,29.6,71.3,116.9,3.54,413.6,1.114,378.0,4.609,9.17,1769.9,17.03,13466.45,101708.1,-88241.65,39.6,38.5
2080,2023,Kharif,Mustard,Jharkhand,Small,3.34,Alluvial,6.55,High-Yield Variety,Borewell,808.8,33.1,73.9,110.9,3.86,538.7,0.645,415.0,3.475,11.61,1828.1,6.82,19777.81,167265.32,-147487.51,37.7,27.3
2081,2021,Rabi,Wheat,West Bengal,Small,3.09,Black,6.93,High-Yield Variety,Drip,248.3,17.7,48.7,91.2,5.44,195.3,2.703,239.0,5.28,16.31,1956.4,11.21,28333.17,130713.1,-102379.93,10.4,9.7
2082,2024,Rabi,Soybean,Odisha,Medium,1.65,Clay,6.71,Traditional,Rainfed,138.0,19.5,60.8,121.3,1.17,156.2,1.847,472.0,2.885,4.76,1986.6,4.48,9032.79,86547.3,-77514.51,20.2,18.1
2083,2022,Rabi,Maize,Uttar Pradesh,Large,2.85,Loamy,6.28,High-Yield Variety,Canal,209.3,22.5,62.0,94.4,4.34,230.3,2.508,293.0,5.775,16.46,2063.7,11.64,30014.95,130110.25,-100095.3,23.2,20.4
2084,2024,Kharif,Rice,Uttar Pradesh,Medium,1.85,Alluvial,6.58,High-Yield Variety,Borewell,862.2,31.3,77.8,146.2,2.94,508.1,1.217,428.0,6.183,11.44,1901.3,9.71,19638.06,97806.0,-78167.94,36.3,31.4
2085,2021,Rabi,Wheat,Uttar Pradesh,Small,2.0,Loamy,6.63,Traditional,Canal,190.9,19.6,37.7,99.7,2.86,323.9,1.371,238.0,4.441,8.88,1965.0,6.35,16341.92,90772.32,-74430.4,22.4,15.6
2086,2023,Kharif,Groundnut,Punjab,Small,3.41,Loamy,7.55,Traditional,Borewell,744.3,26.0,70.6,201.7,4.36,535.6,0.662,81.0,3.544,12.09,2151.5,6.71,24267.38,162322.67,-138055.29,40.6,40.1
2087,2022,Zaid,Rice,Chhattisgarh,Small,3.26,Alluvial,7.05,Traditional,Canal,178.8,34.6,40.6,108.8,3.49,277.8,1.654,310.0,4.595,14.98,1645.7,2.61,24009.22,151523.89,-127514.67,38.3,33.8
2088,2023,Kharif,Rice,Uttar Pradesh,Medium,3.41,Clay,6.3,High-Yield Variety,Rainfed,799.8,30.1,69.7,186.6,2.63,284.6,1.734,325.0,4.936,16.83,1752.1,7.67,27226.0,160535.05,-133309.05,35.8,28.4
2089,2021,Kharif,Maize,Uttar Pradesh,Medium,2.65,Clay,5.51,High-Yield Variety,Borewell,771.5,27.4,71.9,136.6,3.77,602.0,0.834,265.0,5.021,13.31,1650.7,7.17,20396.04,131946.8,-111550.76,32.4,22.1
2090,2023,Kharif,Sugarcane,Bihar,Medium,2.12,Alluvial,6.07,Traditional,Rainfed,943.2,31.6,79.5,104.6,4.56,338.6,8.282,256.0,28.047,59.46,1778.9,5.01,100468.75,104269.31,-3800.56,48.2,38.7
2091,2021,Rabi,Sugarcane,West Bengal,Large,3.17,Black,6.58,High-Yield Variety,Drip,178.5,22.0,55.0,,3.31,197.7,18.086,173.0,35.762,113.36,2189.8,7.04,230761.78,135650.81,95110.97,27.1,19.5
2092,2022,Zaid,Soybean,Jharkhand,Medium,5.59,Clay,6.31,High-Yield Variety,Drip,116.5,32.1,41.4,137.7,3.13,163.6,1.857,337.0,3.038,16.98,1605.9,9.21,24757.78,231761.25,-207003.47,19.0,19.4
2093,2022,Zaid,Groundnut,Uttar Pradesh,Small,3.32,Alluvial,6.42,Traditional,Rainfed,132.1,34.4,52.2,110.3,3.76,189.0,1.355,236.0,2.561,8.5,,9.69,12325.0,135442.83,-123117.83,31.4,26.0
2094,2021,Kharif,Mustard,West Bengal,Small,1.53,Clay,8.02,Traditional,Canal,793.9,24.2,76.8,94.3,4.34,568.3,0.636,304.0,3.616,5.53,1925.7,9.89,9595.77,71794.75,-62198.98,39.7,27.6
2095,2023,Zaid,Groundnut,Uttar Pradesh,Medium,1.58,Sandy,6.68,Traditional,Rainfed,37.2,33.9,54.2,117.8,4.21,133.7,1.436,473.0,1.92,3.03,1783.5,4.26,5173.72,70925.99,-65752.27,26.2,18.2
2096,2021,Zaid,Mustard,Bihar,Large,1.85,Alluvial,6.81,Traditional,Canal,144.9,35.1,49.9,99.5,4.17,292.1,0.873,254.0,2.55,4.72,1524.7,3.31,6958.17,76318.95,-69360.78,28.7,19.6
2097,2021,Kharif,Mustard,Jharkhand,Medium,2.38,Clay,6.74,High-Yield Variety,Canal,734.4,32.8,72.6,125.5,4.96,452.2,0.753,346.0,3.404,8.1,1834.2,8.13,13648.84,123260.17,-109611.33,35.2,37.5
2098,2021,Rabi,Barley,Bihar,Medium,1.57,Black,5.92,Traditional,Sprinkler,267.6,22.3,55.6,111.6,4.31,298.2,1.44,313.0,4.295,6.74,2133.2,1.52,14158.4,77010.96,-62852.56,34.7,22.5
2099,2021,Kharif,Soybean,Assam,Small,2.31,Alluvial,6.87,Traditional,Canal,744.2,31.5,83.9,105.0,3.66,535.0,0.876,376.0,4.685,10.82,1895.9,6.19,19244.3,111608.0,-92363.7,26.3,23.8
2100,2022,Rabi,Barley,Jharkhand,Medium,1.17,Sandy,6.55,Traditional,Canal,176.9,21.2,56.5,161.3,4.1,321.5,1.301,272.0,4.183,4.89,1934.9,5.17,8972.94,57105.92,-48132.98,27.8,22.5
2101,2024,Kharif,Mustard,Bihar,Small,2.21,Sandy,6.65,High-Yield Variety,Borewell,724.2,28.4,75.5,162.1,1.96,500.1,0.656,279.0,3.281,7.25,1825.7,11.7,11687.7,107036.1,-95348.4,44.4,38.1
2102,2023,Kharif,Barley,Punjab,Medium,1.56,Clay,6.31,Traditional,Rainfed,884.3,27.8,72.7,113.3,4.92,278.3,1.273,350.0,3.541,5.52,2012.2,6.88,10343.02,82632.93,-72289.91,20.0,20.8
2103,2023,Rabi,Groundnut,Jharkhand,Small,7.45,Sandy,6.26,High-Yield Variety,Sprinkler,192.8,24.1,54.1,150.1,3.44,251.4,1.149,382.0,2.888,21.52,2184.7,4.96,44680.19,315059.93,-270379.74,24.5,15.4
2104,2023,Rabi,Mustard,West Bengal,Small,1.19,Alluvial,7.29,Traditional,Sprinkler,169.2,22.4,63.4,119.4,3.17,269.7,1.171,148.0,3.158,3.76,2085.8,11.42,6946.48,57078.75,-50132.27,20.7,13.0
2105,2024,Rabi,Maize,Odisha,Medium,1.39,Loamy,7.06,High-Yield Variety,Canal,182.4,21.3,63.1,103.3,2.25,351.1,1.646,229.0,5.781,8.04,1987.7,5.8,15054.52,66003.28,-50948.76,37.7,39.8
2106,2023,Zaid,Mustard,Bihar,Medium,1.69,Clay,7.57,High-Yield Variety,Canal,,33.4,33.0,175.8,2.35,319.7,0.875,400.0,2.798,4.73,1804.3,10.16,7666.87,78443.52,-70776.65,28.6,22.1
2107,2021,Rabi,Wheat,West Bengal,Medium,2.89,Clay,6.07,High-Yield Variety,Borewell,209.3,22.7,57.7,132.7,3.44,396.4,1.01,343.0,4.005,11.58,2259.0,6.24,24526.46,130405.62,-105879.16,19.4,17.1
2108,2022,Rabi,Wheat,Odisha,Medium,5.68,Black,6.75,Traditional,Borewell,195.8,21.6,53.3,96.7,3.94,348.4,1.386,366.0,4.829,27.43,1985.1,2.92,52863.8,248432.34,-195568.54,21.9,20.8
2109,2022,Kharif,Barley,West Bengal,Small,3.39,Sandy,7.06,High-Yield Variety,Canal,872.1,32.2,71.8,182.5,3.67,554.5,0.897,281.0,4.972,16.86,1852.4,9.15,28372.57,163410.66,-135038.09,48.7,33.5
2110,2023,Rabi,Groundnut,Jharkhand,Small,0.85,Loamy,6.98,High-Yield Variety,Rainfed,265.5,21.6,47.4,150.6,2.78,165.0,2.275,338.0,3.753,3.19,,3.23,6085.37,44650.01,-38564.64,20.1,12.3
2111,2021,Kharif,Wheat,West Bengal,Small,2.51,Sandy,7.32,High-Yield Variety,Canal,719.8,28.8,83.7,204.6,4.47,562.5,1.092,264.0,6.14,15.41,1909.0,8.91,26794.87,124858.68,-98063.81,45.7,36.9
2112,2023,Kharif,Wheat,Jharkhand,Small,0.75,Clay,7.04,Traditional,Sprinkler,732.2,27.6,80.0,125.1,5.4,366.2,1.457,285.0,5.335,4.0,1685.3,2.96,6541.67,44039.42,-37497.75,50.5,46.4
2113,2022,Kharif,Mustard,Odisha,Medium,4.1,Sandy,6.58,Traditional,Borewell,838.9,31.0,84.2,98.9,4.38,537.3,0.658,336.0,3.535,14.49,1978.5,6.98,26665.77,204675.5,-178009.73,35.9,36.7
2114,2024,Rabi,Rice,Uttar Pradesh,Small,2.63,Alluvial,7.04,High-Yield Variety,Canal,221.3,18.8,59.0,120.9,1.65,407.2,1.342,209.0,5.467,14.38,1984.4,5.68,26913.04,111873.28,-84960.24,15.3,13.2
2115,2021,Rabi,Soybean,Uttar Pradesh,Medium,3.11,Loamy,6.17,High-Yield Variety,Rainfed,240.0,21.3,51.0,99.5,2.69,207.5,1.47,248.0,3.05,9.49,2030.8,7.92,17745.24,134372.22,-116626.98,13.0,11.4
2116,2022,Rabi,Wheat,Odisha,Small,1.0,Sandy,6.81,High-Yield Variety,Borewell,142.4,18.3,62.9,119.6,3.1,248.5,1.977,294.0,4.913,4.91,2127.2,3.68,10060.27,58764.95,-48704.68,35.5,25.9
2117,2023,Rabi,Mustard,Uttar Pradesh,Large,1.43,Loamy,6.56,Traditional,Rainfed,219.0,18.5,48.7,114.5,2.32,216.8,1.159,348.0,2.514,3.59,1821.2,6.54,6110.39,79572.46,-73462.07,12.7,12.3
2118,2022,Rabi,Sugarcane,Chhattisgarh,Medium,2.34,Alluvial,6.54,High-Yield Variety,Drip,82.6,23.5,58.9,100.0,0.41,158.8,22.421,264.0,35.613,83.33,2294.2,8.12,175646.88,106685.53,68961.35,31.2,22.6
2119,2022,Zaid,Soybean,Jharkhand,Small,2.2,Clay,6.62,Traditional,Canal,5.0,33.0,39.0,122.4,4.14,281.9,0.793,370.0,2.235,4.92,1821.9,8.85,8170.96,100126.29,-91955.33,20.6,14.7
2120,2023,Rabi,Sugarcane,Assam,Large,3.53,Alluvial,6.62,Traditional,Sprinkler,226.7,22.5,47.2,121.4,4.68,280.1,11.862,286.0,33.223,117.28,2188.9,9.46,232422.99,157756.54,74666.45,13.5,8.3
2121,2023,Zaid,Mustard,Bihar,Large,4.91,Alluvial,6.86,High-Yield Variety,Borewell,156.5,32.9,46.9,112.5,3.07,340.6,0.694,275.0,2.363,11.6,1622.1,7.56,17393.26,201680.1,-184286.84,30.8,23.5
2122,2024,Kharif,Wheat,Odisha,Small,1.68,Loamy,5.97,High-Yield Variety,Rainfed,784.7,26.1,79.2,111.9,2.32,257.7,1.454,257.0,3.748,6.3,2052.2,8.07,11885.12,82577.16,-70692.04,38.8,29.4
2123,2023,Rabi,Wheat,Assam,Medium,5.35,Clay,6.65,Traditional,Rainfed,277.1,21.8,55.2,148.2,2.9,147.9,2.659,148.0,3.932,21.03,2253.7,6.83,44157.64,222727.17,-178569.53,19.5,13.8
2124,2023,Kharif,Barley,Punjab,Small,1.17,Loamy,6.24,High-Yield Variety,Canal,868.1,26.0,81.1,124.1,5.08,579.9,0.711,360.0,4.124,4.83,1756.5,5.23,8040.35,66727.72,-58687.37,33.4,36.0
2125,2021,Kharif,Sugarcane,Chhattisgarh,Small,1.97,Sandy,6.2,Traditional,Canal,809.4,28.4,81.9,192.4,3.79,523.6,6.835,376.0,35.791,70.51,1830.8,7.28,119696.78,109018.98,10677.8,39.8,25.5
2126,2023,Zaid,Barley,Jharkhand,Large,0.9,Black,6.8,High-Yield Variety,Canal,32.6,34.2,48.2,102.3,3.46,284.6,1.297,328.0,3.69,3.32,,11.29,4959.24,46048.98,-41089.74,33.7,28.7
2127,2022,Zaid,Rice,Uttar Pradesh,Medium,1.72,Clay,6.13,High-Yield Variety,Canal,118.3,35.9,46.5,83.7,1.84,259.2,1.592,359.0,4.126,7.1,1697.0,1.31,11890.48,80178.75,-68288.27,38.5,35.5
2128,2022,Kharif,Rice,Uttar Pradesh,Medium,2.19,Sandy,6.39,High-Yield Variety,Drip,803.4,26.8,72.6,141.5,5.73,304.7,2.118,422.0,6.454,14.13,1808.5,4.44,24418.41,115898.36,-91479.95,27.2,19.6
2129,2024,Kharif,Soybean,Odisha,Medium,2.19,Clay,6.29,High-Yield Variety,Canal,836.8,29.4,70.7,80.3,3.68,584.0,0.739,236.0,4.318,9.46,1853.9,10.41,15712.89,110158.59,-94445.7,31.6,23.5
2130,2023,Kharif,Groundnut,Uttar Pradesh,Large,0.55,Loamy,6.36,High-Yield Variety,Sprinkler,852.2,28.7,74.9,106.4,3.75,421.8,0.903,393.0,3.809,2.1,1837.0,7.21,3579.36,37802.45,-34223.09,44.7,46.8
2131,2022,Kharif,Mustard,West Bengal,Medium,1.47,Loamy,6.16,High-Yield Variety,Canal,739.0,32.6,78.5,162.1,4.78,500.1,0.572,259.0,2.86,4.2,1958.4,7.23,7630.29,80964.33,-73334.04,49.4,42.2
2132,2023,Rabi,Sugarcane,West Bengal,Small,3.68,Clay,7.06,High-Yield Variety,Borewell,172.5,20.7,64.3,138.8,3.26,284.8,10.629,383.0,30.274,111.41,2084.8,11.21,206235.45,164405.35,41830.1,16.8,10.5
2133,2022,Rabi,Soybean,West Bengal,Large,1.41,Clay,7.34,Traditional,Drip,230.9,18.9,57.9,136.5,1.19,189.4,2.419,284.0,4.581,6.46,1778.1,6.47,10743.08,73958.25,-63215.17,34.3,21.7
2134,2021,Rabi,Maize,Jharkhand,Medium,1.15,Sandy,6.35,Traditional,Canal,195.0,20.2,64.0,158.2,2.14,279.2,2.005,323.0,5.599,6.44,2024.9,11.52,11538.27,49930.57,-38392.3,37.1,30.8
2135,2022,Rabi,Sugarcane,Assam,Small,2.8,Loamy,6.13,High-Yield Variety,Canal,334.5,18.5,63.9,101.2,3.09,383.0,8.261,166.0,31.639,88.59,2081.8,8.87,168071.92,118338.68,49733.24,10.6,7.1
2136,2023,Rabi,Soybean,Punjab,Large,1.5,Black,7.19,High-Yield Variety,Drip,148.6,21.9,56.0,156.6,3.38,220.8,2.256,219.0,4.979,7.47,1898.9,4.54,13540.42,73986.52,-60446.1,23.6,15.7
2137,2021,Kharif,Mustard,Chhattisgarh,Medium,1.46,Alluvial,7.12,High-Yield Variety,Borewell,790.2,31.0,79.1,158.7,3.49,580.1,0.519,187.0,3.009,4.39,2103.9,10.93,8226.59,81039.85,-72813.26,31.2,30.3
2138,2021,Kharif,Soybean,Assam,Medium,1.48,Clay,6.39,Traditional,Canal,751.5,28.7,65.0,136.7,4.6,512.0,0.858,341.0,4.392,6.5,1941.0,10.14,11336.37,76555.08,-65218.71,38.6,27.1
2139,2021,Kharif,Maize,Uttar Pradesh,Medium,3.75,Black,7.49,Traditional,Borewell,700.4,26.7,76.9,113.0,0.54,519.4,1.103,246.0,5.73,21.49,2225.5,6.39,44767.8,181901.82,-137134.02,51.3,50.3
2140,2021,Rabi,Soybean,Odisha,Medium,2.7,Sandy,5.97,High-Yield Variety,Canal,191.2,21.5,63.0,172.4,2.03,343.8,1.241,270.0,4.266,11.52,2178.1,6.44,23477.15,122576.8,-99099.65,20.2,20.7
2141,2024,Kharif,Maize,Punjab,Large,1.61,Alluvial,6.89,High-Yield Variety,Canal,868.7,31.5,74.8,125.4,4.04,547.9,1.245,247.0,6.824,10.99,2031.2,10.81,19909.74,79969.0,-60059.26,50.6,51.0
2142,2023,Kharif,Wheat,Bihar,Medium,1.96,Sandy,5.98,High-Yield Variety,Rainfed,818.6,29.7,88.2,126.3,3.44,289.6,1.617,315.0,4.683,9.18,2147.5,4.95,18738.78,101553.49,-82814.71,33.5,36.6
2143,2023,Rabi,Groundnut,Assam,Small,1.74,Sandy,6.56,Traditional,Drip,272.1,20.2,56.2,91.7,2.52,200.9,1.69,377.0,3.395,5.91,1981.7,8.14,10758.77,79214.11,-68455.34,41.6,45.2
2144,2023,Kharif,Maize,Odisha,Small,2.58,Clay,6.64,Traditional,Rainfed,791.3,27.7,68.3,149.7,0.24,295.5,1.843,209.0,5.446,14.05,1980.1,10.36,24938.95,128599.53,-103660.58,45.4,41.5
2145,2022,Rabi,Rice,Bihar,Medium,0.74,Alluvial,6.18,High-Yield Variety,Borewell,204.8,18.7,64.8,85.2,3.6,338.9,1.441,285.0,4.884,3.61,2013.1,2.44,7090.02,39186.47,-32096.45,11.0,8.4
2146,2021,Kharif,Barley,Odisha,Small,3.12,Sandy,7.0,Traditional,Drip,630.8,29.5,83.0,151.5,3.11,297.4,1.888,232.0,5.616,17.52,1736.4,4.76,28974.04,157239.21,-128265.17,44.3,45.3
2147,2022,Rabi,Rice,Chhattisgarh,Large,2.16,Black,6.88,High-Yield Variety,Canal,226.7,20.7,47.1,132.0,3.46,356.7,1.41,279.0,5.028,10.86,2004.0,8.12,19996.64,101917.2,-81920.56,22.3,15.8
2148,2023,Zaid,Groundnut,Odisha,Medium,1.31,Alluvial,7.98,Traditional,Canal,144.2,37.6,43.5,119.3,2.12,330.5,0.811,278.0,2.681,3.51,1317.9,0.9,4584.3,59340.96,-54756.66,24.4,22.0
2149,2024,Kharif,Wheat,Assam,Small,3.76,Alluvial,6.86,High-Yield Variety,Canal,789.8,27.9,87.0,111.4,5.14,577.7,0.933,292.0,5.388,20.26,1730.0,4.91,33329.2,185080.23,-151751.03,21.0,19.0
2150,2024,Kharif,Wheat,Jharkhand,Small,1.87,Clay,7.11,Traditional,Drip,743.8,25.9,76.8,101.5,4.08,371.8,1.619,288.0,6.02,11.26,1803.0,5.32,19223.11,89271.99,-70048.88,40.6,28.5
2151,2022,Rabi,Wheat,Jharkhand,Medium,1.14,Alluvial,6.73,Traditional,Rainfed,184.2,20.9,53.1,139.1,4.44,170.7,2.221,399.0,3.791,4.32,2142.8,6.02,8699.05,52229.06,-43530.01,22.2,19.7
2152,2024,Rabi,Rice,Bihar,Medium,1.0,Clay,6.6,High-Yield Variety,Borewell,121.1,20.0,62.2,161.5,2.78,336.9,1.486,213.0,5.006,5.01,1867.6,1.23,9241.55,49653.83,-40412.28,9.8,9.9
2153,2024,Rabi,Rice,West Bengal,Small,1.14,Black,6.05,High-Yield Variety,Borewell,225.9,22.6,53.5,75.0,3.51,354.4,1.296,193.0,4.592,5.24,1972.6,12.87,9005.87,53424.21,-44418.34,13.2,8.7
2154,2021,Kharif,Barley,Odisha,Medium,2.16,Alluvial,7.55,High-Yield Variety,Drip,849.6,30.8,89.2,134.6,4.03,354.6,1.645,208.0,5.834,12.6,2029.0,8.08,23499.57,108404.56,-84904.99,25.4,27.3
2155,2021,Rabi,Groundnut,West Bengal,Large,1.8,Sandy,6.4,High-Yield Variety,Sprinkler,172.5,18.0,61.0,86.3,5.48,254.6,1.377,364.0,3.507,6.31,1873.0,4.86,11243.84,89497.32,-78253.48,26.5,23.9
2156,2023,Rabi,Barley,Punjab,Medium,2.22,Alluvial,6.85,High-Yield Variety,,,19.5,55.1,154.7,5.33,321.3,1.434,341.0,4.606,10.22,1968.2,8.54,18397.09,106705.7,-88308.61,27.4,26.7
2157,2023,Rabi,Maize,Uttar Pradesh,Medium,4.33,Sandy,6.88,Traditional,Canal,186.7,19.8,55.5,80.4,3.5,257.2,2.305,336.0,,25.67,2276.7,4.96,55543.32,187833.46,-132290.14,20.5,13.6
2158,2021,Kharif,Soybean,West Bengal,Medium,1.17,Loamy,7.11,High-Yield Variety,Sprinkler,832.8,31.9,79.3,116.9,4.07,474.8,0.97,302.0,4.606,5.39,1897.3,10.67,9135.52,63940.43,-54804.91,44.4,36.6
2159,2022,Kharif,Wheat,Punjab,Medium,1.72,Clay,6.59,Traditional,Canal,681.7,28.9,77.2,120.4,3.78,492.9,1.134,167.0,5.591,9.62,1791.1,7.6,15921.22,82072.83,-66151.61,49.4,40.4
2160,2024,Zaid,Barley,Bihar,Small,1.09,Black,6.62,Traditional,Rainfed,40.0,37.1,45.5,107.5,2.24,151.5,1.697,432.0,2.571,2.8,1669.8,7.46,4326.54,58665.99,-54339.45,35.2,37.0
2161,2021,Zaid,Wheat,Bihar,Medium,2.9,Alluvial,6.73,Traditional,Canal,127.5,29.9,46.5,85.5,3.93,290.3,1.257,370.0,3.65,10.58,1681.6,8.92,16203.49,125783.01,-109579.52,33.8,32.8
2162,2022,Kharif,Barley,Chhattisgarh,Small,3.03,Loamy,6.53,High-Yield Variety,Drip,783.2,27.8,81.4,107.0,2.48,393.3,1.428,340.0,5.616,17.02,1972.2,11.89,29574.27,150973.35,-121399.08,36.0,28.4
2163,2021,Zaid,Groundnut,Bihar,Small,2.16,Loamy,6.52,Traditional,Rainfed,144.7,33.5,42.6,146.1,4.36,156.9,1.309,300.0,2.055,4.44,1623.6,7.06,6699.45,103877.51,-97178.06,38.4,42.1
2164,2022,Kharif,Sugarcane,Chhattisgarh,Small,2.42,Sandy,6.69,Traditional,Canal,769.0,26.7,76.9,89.5,1.74,596.3,5.932,360.0,35.375,85.61,2047.1,5.76,165166.47,127579.09,37587.38,44.6,33.4
2165,2023,Zaid,Rice,Jharkhand,Small,1.11,Loamy,6.34,Traditional,Rainfed,33.1,33.8,36.7,99.9,4.21,117.9,2.941,390.0,3.467,3.85,1648.6,5.13,6021.74,52787.49,-46765.75,22.2,21.0
2166,2021,Rabi,Barley,Bihar,Medium,2.11,Black,6.18,High-Yield Variety,Canal,281.0,24.9,56.6,117.0,1.75,379.0,1.157,320.0,4.385,9.25,1827.8,5.06,16050.92,102980.28,-86929.36,9.6,6.3
2167,2023,Kharif,Soybean,Jharkhand,Medium,0.95,Black,6.56,Traditional,Borewell,688.7,30.7,82.3,143.7,4.82,491.9,0.748,230.0,3.677,3.49,1990.6,7.8,6405.66,57853.13,-51447.47,44.7,39.2
2168,2021,Kharif,Sugarcane,Chhattisgarh,Medium,0.91,Clay,7.17,Traditional,Canal,689.0,28.2,84.9,190.3,4.64,508.0,7.039,222.0,35.757,32.54,1836.4,3.43,57705.69,48209.75,9495.94,34.2,33.6
2169,2022,Rabi,Sugarcane,Punjab,Small,2.1,Black,6.3,High-Yield Variety,Borewell,200.4,18.3,71.1,110.6,4.27,367.9,8.279,352.0,30.463,63.97,2034.9,7.98,119788.9,104860.09,14928.81,11.7,8.9
2170,2023,Rabi,Sugarcane,West Bengal,Small,1.56,Loamy,7.45,High-Yield Variety,Drip,111.7,19.6,68.1,209.5,4.72,215.1,16.745,278.0,36.023,56.2,1707.9,5.96,90261.22,74112.29,16148.93,7.8,7.4
2171,2023,Rabi,Sugarcane,Bihar,Small,2.65,Sandy,7.44,High-Yield Variety,Sprinkler,129.5,21.9,67.5,139.8,3.83,234.5,14.06,226.0,32.972,87.38,2129.0,8.89,169490.78,119372.93,50117.85,22.2,14.5
2172,2024,Zaid,Sugarcane,Jharkhand,Medium,1.74,Clay,7.43,Traditional,Canal,18.3,34.5,59.5,103.8,3.31,192.6,13.068,299.0,25.172,43.8,1698.4,1.09,73577.45,74072.0,-494.55,41.8,43.5
2173,2024,Kharif,Soybean,Jharkhand,Medium,3.27,Alluvial,6.53,Traditional,Rainfed,718.1,27.1,83.9,87.5,2.98,318.2,0.901,397.0,2.869,9.38,1726.1,2.13,15846.59,160560.39,-144713.8,29.5,24.9
2174,2024,Kharif,Mustard,West Bengal,Small,2.24,Loamy,6.65,High-Yield Variety,Canal,807.0,29.2,90.9,147.2,3.24,531.0,0.742,281.0,3.941,8.83,1691.8,9.12,13576.61,110100.31,-96523.7,47.8,32.9
2175,2024,Kharif,Groundnut,West Bengal,Medium,1.46,Sandy,6.45,Traditional,Rainfed,785.1,27.3,72.4,134.9,4.24,240.5,1.3,372.0,3.126,4.56,,7.94,7269.44,77772.37,-70502.93,36.5,37.8
2176,2022,Rabi,Mustard,Uttar Pradesh,Large,2.8,Black,6.73,Traditional,Sprinkler,178.5,19.7,55.5,132.3,3.44,219.2,1.232,462.0,2.701,7.56,1909.8,4.8,13745.7,133887.07,-120141.37,15.6,16.4
2177,2023,Zaid,Rice,Chhattisgarh,Small,0.71,Black,5.84,High-Yield Variety,Borewell,,31.6,53.1,91.5,2.83,234.4,2.017,280.0,4.728,3.36,1411.5,6.28,4444.72,37307.68,-32862.96,24.7,22.0
2178,2023,Zaid,Groundnut,Bihar,Medium,2.68,Alluvial,6.59,Traditional,Drip,122.9,33.6,45.2,77.3,3.15,204.6,1.505,211.0,3.081,8.26,1826.4,9.11,13712.11,108399.47,-94687.36,28.4,28.7
2179,2021,Kharif,Barley,Odisha,Medium,1.8,Sandy,7.33,Traditional,Sprinkler,792.8,32.1,75.5,120.7,1.34,447.5,1.159,316.0,5.186,9.34,1635.3,3.23,14779.81,90941.62,-76161.81,37.8,26.8
2180,2023,Kharif,Rice,Punjab,Small,1.89,Black,6.67,Traditional,Canal,759.5,28.0,82.2,121.6,4.41,475.7,1.175,403.0,5.591,10.57,1835.7,10.18,17426.77,100502.71,-83075.94,52.2,46.7
2181,2022,Rabi,Rice,Assam,Small,2.28,Black,7.08,High-Yield Variety,Rainfed,212.0,18.7,63.1,120.9,1.89,192.3,2.177,206.0,4.186,9.54,1789.1,5.45,16138.06,95867.77,-79729.71,20.0,20.0
2182,2021,Rabi,Sugarcane,Uttar Pradesh,Small,2.04,Sandy,6.52,High-Yield Variety,Borewell,164.7,18.4,45.1,100.1,1.19,287.9,10.555,489.0,30.384,61.98,2077.1,3.8,123846.4,101974.65,21871.75,37.8,34.1
2183,2023,Kharif,Barley,Assam,Small,3.01,Alluvial,6.01,High-Yield Variety,Drip,776.7,32.8,75.2,95.6,4.97,324.1,1.618,306.0,5.244,15.79,,6.59,29440.33,148929.71,-119489.38,32.3,33.7
2184,2023,Kharif,Rice,Punjab,Medium,1.99,Clay,6.49,High-Yield Variety,Rainfed,831.0,26.8,82.5,108.2,3.43,300.8,1.586,397.0,4.772,9.5,1775.5,2.12,16509.77,102142.83,-85633.06,39.1,39.3
2185,2024,Kharif,Sugarcane,Odisha,Small,1.35,Loamy,5.74,High-Yield Variety,Rainfed,801.3,26.6,86.1,211.3,4.9,283.0,9.896,249.0,28.002,37.8,,5.64,71460.88,68749.38,2711.5,36.0,32.6
2186,2022,Rabi,Groundnut,Bihar,Large,2.85,Loamy,6.7,High-Yield Variety,Sprinkler,189.3,19.2,44.3,119.1,3.87,242.9,1.696,291.0,4.12,11.74,2234.1,6.34,24565.63,131867.59,-107301.96,22.7,14.5
2187,2022,Rabi,Sugarcane,Assam,Small,1.03,Sandy,7.8,High-Yield Variety,Canal,237.7,21.4,54.2,115.1,3.65,264.9,12.116,339.0,32.089,33.05,2039.5,9.5,61001.71,49018.46,11983.25,20.1,16.3
2188,2024,Kharif,Wheat,Assam,Small,2.61,Black,5.81,Traditional,Canal,769.3,26.9,81.0,118.6,2.03,484.3,1.037,378.0,5.022,13.11,1788.5,8.95,21348.57,132993.95,-111645.38,20.7,19.4
2189,2022,Zaid,Soybean,Jharkhand,Medium,0.95,Loamy,6.82,Traditional,Rainfed,178.9,35.5,50.7,161.0,3.17,192.4,1.465,379.0,2.817,2.68,1448.5,5.49,3669.08,50198.26,-46529.18,34.8,29.0
2190,2023,Rabi,Soybean,Chhattisgarh,Medium,2.65,Black,6.91,Traditional,Canal,165.5,18.8,59.0,78.6,3.33,313.6,1.21,375.0,3.795,10.06,1944.2,2.76,19017.51,125343.56,-106326.05,17.5,19.0
2191,2024,Kharif,Mustard,Bihar,Medium,1.26,Alluvial,7.01,High-Yield Variety,Drip,723.4,29.8,88.7,89.0,4.4,310.3,1.186,338.0,3.68,4.64,1744.1,5.06,7683.61,64622.85,-56939.24,34.4,30.9
2192,2023,Rabi,Wheat,Odisha,Small,2.93,Alluvial,6.43,High-Yield Variety,Canal,240.1,18.5,54.5,129.2,4.28,363.9,1.401,405.0,5.098,14.94,2275.7,6.47,31799.85,134611.73,-102811.88,19.8,16.1
2193,2021,Rabi,Mustard,Assam,Large,1.34,Clay,7.23,High-Yield Variety,Drip,178.3,20.6,55.5,121.5,3.05,226.7,1.375,321.0,3.118,4.18,1806.6,5.2,7158.81,59476.03,-52317.22,26.9,22.2
2194,2021,Kharif,Mustard,Odisha,Large,0.49,Clay,6.05,High-Yield Variety,Sprinkler,737.6,28.5,59.9,122.3,4.46,447.4,0.812,339.0,3.631,1.78,1764.4,9.7,2836.02,36442.28,-33606.26,56.0,35.6
2195,2024,Kharif,Sugarcane,Uttar Pradesh,Small,1.97,Sandy,6.96,Traditional,Canal,817.5,26.7,79.6,112.9,4.03,503.2,7.132,246.0,35.889,70.7,1809.0,11.87,112713.5,101087.4,11626.1,40.4,27.9
2196,2021,Kharif,Sugarcane,Jharkhand,Small,1.96,Alluvial,6.61,Traditional,Sprinkler,843.3,30.7,83.6,85.2,2.13,443.1,8.349,372.0,36.996,72.51,1868.0,5.46,128045.47,102953.05,25092.42,44.7,43.5
2197,2024,Rabi,Sugarcane,Uttar Pradesh,Large,1.08,Sandy,6.62,High-Yield Variety,Canal,227.7,19.5,60.3,153.7,2.04,361.6,8.591,409.0,31.061,33.55,2011.0,7.78,62224.15,56850.47,5373.68,12.2,13.2
2198,2023,Rabi,Mustard,West Bengal,Small,2.96,Clay,6.62,Traditional,Canal,141.7,24.7,61.0,81.2,3.11,332.6,0.898,295.0,2.985,8.84,2144.5,6.83,17662.45,130079.34,-112416.89,34.2,22.3
2199,2024,Kharif,Sugarcane,Jharkhand,Small,2.51,Loamy,5.91,High-Yield Variety,Borewell,830.7,26.0,84.6,123.7,4.05,583.9,5.734,354.0,33.481,84.04,2003.4,9.93,151657.53,131115.88,20541.65,40.8,25.4
2200,2024,Rabi,Barley,Bihar,Medium,1.22,Loamy,5.87,High-Yield Variety,Drip,281.4,20.0,50.6,104.5,1.11,260.2,1.81,395.0,4.711,5.75,1903.0,5.37,10354.08,63867.68,-53513.6,3.5,3.5
2201,2021,Rabi,Sugarcane,Odisha,Large,1.61,Sandy,6.19,High-Yield Variety,Borewell,184.4,22.7,54.8,144.0,4.82,309.6,9.496,278.0,29.397,47.33,2081.9,2.55,96020.93,73597.85,22423.08,15.2,11.2
2202,2022,Rabi,Soybean,Assam,Small,2.49,Loamy,7.38,High-Yield Variety,Drip,212.2,21.4,61.0,124.9,2.99,206.8,2.461,236.0,5.089,12.67,1937.5,11.42,21745.07,108375.17,-86630.1,16.6,17.8
2203,2021,Rabi,Wheat,West Bengal,Small,3.45,Alluvial,6.25,Traditional,Canal,141.3,20.1,44.7,113.4,3.31,282.5,1.659,331.0,4.686,16.17,1786.3,10.2,25937.88,148387.62,-122449.74,25.3,15.7
2204,2023,Zaid,Sugarcane,Punjab,Medium,4.01,Clay,6.22,High-Yield Variety,Sprinkler,30.0,32.6,52.8,148.9,3.52,209.4,12.503,243.0,26.184,105.0,1570.4,6.86,153577.94,167180.38,-13602.44,32.9,30.0
2205,2024,Kharif,Wheat,Bihar,Small,6.32,Black,6.07,High-Yield Variety,Canal,850.8,26.0,84.1,118.6,4.54,501.2,1.193,366.0,5.981,37.8,1887.2,6.99,66345.74,302907.73,-236561.99,45.4,47.2
2206,2021,Zaid,Maize,Jharkhand,Small,1.13,Clay,6.76,Traditional,,132.4,31.8,42.5,118.0,1.58,283.7,1.574,449.0,4.465,5.05,1833.9,4.99,8799.15,60882.29,-52083.14,30.9,32.5
2207,2021,Zaid,Barley,Odisha,Medium,3.32,Black,6.7,Traditional,Canal,158.1,35.3,49.0,109.5,4.35,286.3,1.277,323.0,3.655,12.14,1400.2,8.27,15592.52,144004.79,-128412.27,33.2,20.7
2208,2022,Kharif,Groundnut,Uttar Pradesh,Medium,1.42,Loamy,6.19,Traditional,Rainfed,748.4,29.6,83.4,,4.14,310.1,1.197,340.0,3.713,5.27,1796.7,5.74,8924.94,78332.95,-69408.01,43.4,43.0
2209,2024,Kharif,Wheat,Uttar Pradesh,Small,6.53,Sandy,6.75,High-Yield Variety,Rainfed,,29.0,74.7,230.0,4.43,337.7,1.146,345.0,3.87,25.27,1825.8,4.78,43934.2,319041.89,-275107.69,42.9,37.3
2210,2023,Rabi,Mustard,West Bengal,Small,1.68,Black,6.99,High-Yield Variety,Rainfed,240.7,19.5,63.0,152.2,2.58,174.1,1.436,277.0,2.501,4.2,2118.0,7.29,8247.21,74205.18,-65957.97,13.9,9.3
2211,2023,Rabi,Wheat,Bihar,Small,4.17,Black,6.88,Traditional,Borewell,190.9,21.2,80.1,117.8,2.36,312.3,1.575,306.0,4.919,20.51,2044.7,6.5,39212.19,184048.05,-144835.86,33.1,21.1
2212,2021,Rabi,Barley,Assam,Medium,3.75,Alluvial,6.4,Traditional,Borewell,245.3,20.7,50.8,150.8,1.75,386.9,1.142,345.0,4.416,16.56,1866.3,5.42,29230.81,166673.58,-137442.77,24.9,20.7
2213,2021,Kharif,Barley,Odisha,Small,3.22,Alluvial,5.88,High-Yield Variety,Rainfed,737.5,31.7,75.8,180.6,3.89,292.5,1.124,321.0,3.286,10.58,1907.3,7.45,18675.25,157562.94,-138887.69,55.5,39.9
2214,2022,Rabi,Wheat,Bihar,Small,2.72,Loamy,6.71,High-Yield Variety,Borewell,240.0,20.0,51.3,129.0,5.87,391.6,1.242,348.0,4.863,13.23,2037.0,1.64,26508.14,122716.79,-96208.65,11.6,10.1
2215,2024,Zaid,Maize,Jharkhand,Small,1.21,Clay,6.86,Traditional,Rainfed,31.4,36.7,40.4,119.1,2.99,83.7,3.73,219.0,3.121,3.78,,9.03,5465.34,54100.43,-48635.09,38.4,34.2
2216,2022,Rabi,Barley,Odisha,Small,2.9,Alluvial,6.27,High-Yield Variety,Canal,215.6,24.7,58.5,84.3,4.96,402.3,1.021,383.0,4.108,11.91,1936.2,5.03,21900.69,137615.18,-115714.49,13.1,12.8
2217,2023,Kharif,Wheat,Assam,Medium,2.14,Loamy,6.44,Traditional,Sprinkler,748.8,27.8,74.3,130.8,2.57,400.3,1.336,478.0,5.349,11.45,1980.1,7.17,21046.23,112149.52,-91103.29,26.8,23.7
2218,2023,Kharif,Wheat,Chhattisgarh,Small,2.26,Clay,6.16,High-Yield Variety,Drip,726.1,29.8,87.7,117.3,2.87,314.9,1.882,420.0,5.927,13.39,1667.7,10.76,19928.25,114100.17,-94171.92,39.7,30.2
2219,2021,Rabi,Barley,Bihar,Medium,2.11,Black,6.18,High-Yield Variety,Canal,281.0,24.9,56.6,117.0,1.75,379.0,1.157,320.0,4.385,9.25,1827.8,5.06,16050.92,102980.28,-86929.36,9.6,6.3
2220,2022,Kharif,Mustard,Jharkhand,Medium,1.98,Black,7.17,High-Yield Variety,Rainfed,884.5,27.7,75.2,188.0,3.4,309.6,0.901,365.0,2.791,5.53,1719.1,3.03,9218.92,102593.85,-93374.93,36.4,25.5
2221,2022,Kharif,Barley,Odisha,Small,1.88,Clay,6.04,High-Yield Variety,Canal,724.5,28.2,69.8,133.9,4.18,497.3,1.017,345.0,5.058,9.51,1850.2,0.77,17458.99,85885.85,-68426.86,28.6,18.4
2222,2022,Rabi,Soybean,West Bengal,Small,1.52,Clay,5.87,Traditional,Borewell,210.2,18.4,49.7,144.4,2.17,386.4,1.044,365.0,4.033,6.13,2032.8,5.58,11765.8,71753.0,-59987.2,27.9,24.7
2223,2023,Kharif,Rice,Punjab,Large,2.65,Sandy,6.72,High-Yield Variety,Borewell,745.1,25.7,75.3,100.7,2.72,589.8,1.115,395.0,6.574,17.42,1795.4,5.04,29698.96,132239.33,-102540.37,30.0,32.1
2224,2024,Rabi,Maize,Chhattisgarh,Small,2.58,Loamy,7.19,Traditional,Borewell,219.2,20.5,53.7,124.3,3.84,388.6,1.538,312.0,5.976,15.42,2152.0,9.19,30135.2,117730.26,-87595.06,21.5,17.6
2225,2022,Zaid,Rice,West Bengal,Small,4.24,Sandy,6.8,High-Yield Variety,Borewell,101.4,40.5,62.3,146.1,4.4,331.1,1.248,213.0,4.131,17.52,,4.39,25947.87,172632.34,-146684.47,16.7,11.7
2226,2021,Kharif,Soybean,Punjab,Large,2.41,Loamy,6.38,Traditional,Rainfed,691.5,24.1,85.8,142.1,4.72,291.8,1.407,390.0,4.106,9.9,1812.3,9.44,16248.4,121256.96,-105008.56,49.9,39.0
2227,2023,Zaid,Soybean,Odisha,Small,1.52,Black,5.6,High-Yield Variety,Drip,91.6,33.4,42.1,142.3,3.76,167.2,1.66,232.0,2.777,4.22,2076.3,8.03,8057.99,70693.15,-62635.16,34.7,34.3
2228,2022,Rabi,Soybean,Punjab,Large,3.79,Black,6.15,High-Yield Variety,Rainfed,253.1,19.1,50.8,122.1,4.72,191.7,1.508,348.0,2.891,10.96,2120.5,7.24,21556.69,163117.88,-141561.19,19.8,19.7
2229,2023,Kharif,Maize,Uttar Pradesh,Small,2.34,Sandy,6.58,High-Yield Variety,Rainfed,869.4,28.5,77.6,127.8,2.75,278.9,1.714,274.0,4.781,11.19,,6.29,17318.13,121462.5,-104144.37,40.5,43.1
2230,2021,Rabi,Wheat,Bihar,Medium,1.11,Clay,6.42,High-Yield Variety,Sprinkler,205.8,22.1,60.6,151.6,2.45,234.1,2.228,429.0,5.215,5.79,1964.0,5.79,10713.56,64415.34,-53701.78,30.7,31.7
2231,2023,Zaid,Wheat,Chhattisgarh,Small,3.99,Loamy,6.7,High-Yield Variety,Sprinkler,159.4,34.1,40.6,141.6,2.31,290.0,1.33,313.0,3.858,15.39,1828.2,11.18,24991.76,160776.71,-135784.95,22.3,20.8
2232,2024,Kharif,Sugarcane,Punjab,Small,3.15,Clay,6.7,Traditional,Rainfed,794.7,28.7,75.7,108.3,3.1,261.7,10.747,359.0,28.124,88.59,1919.3,4.75,161960.6,156887.63,5072.97,44.4,41.0
2233,2024,Rabi,Rice,Bihar,Large,3.58,Sandy,,High-Yield Variety,Drip,229.4,20.3,60.2,97.5,1.99,184.9,3.279,132.0,6.063,21.71,2194.3,0.5,47400.03,149964.88,-102564.85,17.4,11.1
2234,2022,Kharif,Barley,Bihar,Medium,1.16,Loamy,6.3,High-Yield Variety,Rainfed,737.5,28.2,78.6,132.1,3.87,253.5,1.506,244.0,3.817,4.43,1913.7,6.9,7893.28,60764.68,-52871.4,36.3,31.3
2235,2022,Zaid,Maize,Uttar Pradesh,Medium,1.5,Black,6.71,High-Yield Variety,Canal,89.5,32.0,47.9,132.2,2.79,289.7,1.816,174.0,5.26,7.89,1428.3,5.09,10695.13,66992.4,-56297.27,42.2,40.4
2236,2022,Kharif,Rice,Odisha,Small,7.54,Clay,5.92,Traditional,Drip,769.2,30.8,66.8,144.7,2.4,322.2,1.977,410.0,6.369,48.03,,12.84,72020.83,364246.71,-292225.88,51.7,54.4
2237,2023,Zaid,Sugarcane,Uttar Pradesh,Medium,1.04,Sandy,6.04,Traditional,Canal,110.8,34.8,44.0,150.5,2.26,251.0,9.686,223.0,24.309,25.28,1685.6,5.37,40323.78,45197.16,-4873.38,22.9,18.1
2238,2023,Kharif,Soybean,Jharkhand,Medium,2.55,Loamy,7.29,Traditional,Borewell,787.2,23.7,78.6,154.1,3.9,423.3,1.038,333.0,4.393,11.2,1932.0,7.22,20077.14,126810.54,-106733.4,32.1,25.4
2239,2024,Rabi,Maize,Punjab,Small,1.88,Black,6.85,High-Yield Variety,Borewell,190.8,19.0,51.8,152.9,2.14,431.6,1.163,342.0,5.018,9.43,2184.4,11.84,18160.62,93241.35,-75080.73,18.0,14.4
2240,2024,Kharif,Soybean,Assam,Small,2.81,Loamy,6.86,High-Yield Variety,Canal,865.1,27.3,85.8,142.9,4.43,550.0,0.797,273.0,4.383,12.32,1590.6,6.97,18230.96,147455.93,-129224.97,52.1,32.9
2241,2024,Kharif,Sugarcane,Bihar,Medium,1.22,Alluvial,6.67,High-Yield Variety,Borewell,720.9,28.5,84.4,146.1,4.17,503.7,6.781,314.0,34.153,41.67,1941.9,6.22,75889.69,74186.35,1703.34,47.0,37.3
2242,2021,Kharif,Sugarcane,Punjab,Medium,1.6,Loamy,7.08,Traditional,Drip,682.3,31.1,83.5,119.4,3.47,297.8,13.367,224.0,39.812,63.7,,6.95,126613.4,85944.01,40669.39,33.8,29.1
2243,2023,Rabi,Soybean,Uttar Pradesh,Large,1.09,Black,6.4,High-Yield Variety,Canal,296.1,18.4,58.5,140.4,1.63,298.5,1.343,397.0,4.008,4.37,2042.0,5.5,8432.99,53413.87,-44980.88,29.6,31.5
2244,2021,Kharif,Barley,Bihar,Small,2.4,Clay,5.67,High-Yield Variety,Rainfed,763.7,24.9,94.4,146.0,3.75,269.0,1.279,130.0,3.439,8.25,1597.8,4.71,12561.3,109371.23,-96809.93,48.5,31.4
2245,2024,Kharif,Soybean,Assam,Large,2.7,Loamy,6.3,High-Yield Variety,Drip,717.9,26.9,75.5,140.6,3.99,325.1,1.515,392.0,4.924,13.29,1759.3,7.93,21526.11,136140.77,-114614.66,41.3,40.7
2246,2023,Rabi,Barley,Uttar Pradesh,Large,2.83,Loamy,7.49,High-Yield Variety,Drip,191.3,21.2,59.7,146.8,3.09,269.2,2.06,328.0,5.545,15.69,2003.4,1.73,30888.02,130022.54,-99134.52,21.8,19.4
2247,2021,Kharif,Wheat,Punjab,Large,2.54,Sandy,6.5,High-Yield Variety,Canal,844.0,33.2,83.0,134.5,4.23,531.8,0.853,199.0,4.537,11.52,1975.1,3.82,21884.22,124687.07,-102802.85,42.2,39.1
2248,2021,Zaid,Maize,West Bengal,Small,3.26,Alluvial,6.61,Traditional,Canal,31.9,35.2,51.8,113.1,1.41,191.0,2.828,323.0,5.401,17.61,1543.1,9.54,24582.41,136894.68,-112312.27,36.9,39.7
2249,2024,Rabi,Barley,West Bengal,Large,1.04,Black,5.7,High-Yield Variety,,121.2,19.1,53.6,108.4,4.09,353.4,1.013,250.0,3.579,3.72,2046.1,9.0,6926.69,55680.95,-48754.26,18.0,14.4
2250,2021,Rabi,Wheat,Odisha,Small,4.88,Black,6.91,High-Yield Variety,Canal,161.8,20.0,42.0,105.3,3.78,331.7,1.518,330.0,5.037,24.58,2122.2,11.73,46046.13,213119.36,-167073.23,23.8,14.5
2251,2022,Rabi,Groundnut,Bihar,Medium,2.49,Loamy,7.18,Traditional,Canal,279.9,21.6,51.4,104.0,5.43,287.2,1.507,476.0,4.329,10.78,2156.0,6.95,21626.29,116998.53,-95372.24,11.5,10.2
2252,2024,Rabi,Soybean,Jharkhand,Small,1.43,Alluvial,6.11,High-Yield Variety,Canal,237.2,24.0,54.0,158.5,2.17,267.5,1.435,294.0,3.838,5.49,2130.6,11.55,10345.6,69901.07,-59555.47,18.6,17.3
2253,2024,Zaid,Wheat,Chhattisgarh,Medium,2.54,Alluvial,7.16,High-Yield Variety,Borewell,152.8,29.6,50.2,110.8,4.88,364.1,1.079,361.0,3.929,9.98,1693.5,3.32,16339.49,109849.72,-93510.23,32.9,20.7
2254,2023,Zaid,Maize,West Bengal,Medium,1.57,Sandy,7.25,High-Yield Variety,Canal,215.2,35.0,50.3,96.6,0.36,337.0,1.715,298.0,5.78,9.08,1754.3,4.69,15182.36,63949.15,-48766.79,10.9,11.0
2255,2021,Kharif,Soybean,Uttar Pradesh,Small,1.08,Alluvial,7.01,Traditional,Rainfed,781.2,26.1,78.0,135.3,5.91,305.5,1.236,334.0,3.777,4.08,1799.5,8.42,6723.84,56544.78,-49820.94,28.8,25.0
2256,2023,Zaid,Barley,Punjab,Large,6.51,Clay,6.27,High-Yield Variety,Sprinkler,59.6,32.3,51.0,119.1,3.66,207.1,1.751,193.0,3.626,23.61,1917.0,9.74,40852.24,265041.49,-224189.25,39.4,33.1
2257,2024,Zaid,Barley,Uttar Pradesh,Small,4.74,Clay,7.32,High-Yield Variety,Borewell,148.7,32.6,44.6,195.6,3.17,363.8,0.903,331.0,3.286,15.57,1349.8,6.7,19608.09,195622.6,-176014.51,31.7,28.1
2258,2024,Kharif,Soybean,Jharkhand,Small,3.57,Black,7.06,High-Yield Variety,Drip,662.7,28.4,79.0,78.1,4.73,340.1,1.587,264.0,5.398,19.27,1961.9,5.08,35884.06,174743.67,-138859.61,39.9,36.8
2259,2021,Zaid,Groundnut,Uttar Pradesh,Small,2.25,Clay,7.31,Traditional,Canal,119.5,35.5,35.3,170.4,4.84,187.8,1.625,399.0,3.052,6.87,1582.9,6.67,10149.24,99803.69,-89654.45,28.2,17.2
2260,2023,Zaid,Mustard,Punjab,Small,2.4,Black,6.18,High-Yield Variety,Canal,48.3,34.1,52.7,130.7,1.96,184.2,1.126,398.0,2.073,4.98,1884.6,5.46,8872.98,116368.58,-107495.6,26.0,24.6
2261,2023,Kharif,Groundnut,Chhattisgarh,Medium,3.07,Sandy,6.63,Traditional,Canal,,30.7,80.9,,1.71,410.7,1.047,335.0,4.3,13.2,1919.3,3.74,24387.58,152917.73,-128530.15,44.6,27.2
2262,2024,Zaid,Rice,Jharkhand,Medium,4.79,Sandy,6.81,High-Yield Variety,Drip,169.5,32.7,39.6,80.1,2.79,188.3,2.925,339.0,5.509,26.39,1931.9,5.61,48119.88,196830.61,-148710.73,38.8,37.9
2263,2023,Kharif,Soybean,Odisha,Small,2.94,Clay,6.07,High-Yield Variety,Borewell,689.1,29.7,75.0,145.9,2.93,580.6,0.652,333.0,3.784,11.13,1896.2,10.23,18944.5,151620.31,-132675.81,25.8,21.7
2264,2023,Kharif,Soybean,Bihar,Small,1.05,Loamy,6.15,High-Yield Variety,Borewell,734.2,27.3,71.8,153.7,3.94,484.4,0.8,289.0,3.876,4.07,1874.6,9.32,6918.53,64611.36,-57692.83,36.1,33.1
2265,2022,Rabi,Groundnut,Assam,Small,3.29,Clay,6.95,Traditional,Borewell,232.8,16.5,65.2,83.5,4.89,363.3,0.952,270.0,3.459,11.38,2123.3,7.97,22237.06,145135.68,-122898.62,12.4,11.2
2266,2021,Zaid,Groundnut,Jharkhand,Medium,1.92,Black,7.39,High-Yield Variety,Rainfed,108.7,34.7,47.6,118.9,3.09,169.0,1.332,467.0,2.251,4.32,1715.5,4.89,7048.85,85637.23,-78588.38,14.3,10.8
2267,2024,Kharif,Mustard,Jharkhand,Small,2.91,Alluvial,6.91,High-Yield Variety,Borewell,744.3,27.0,77.5,141.2,3.96,570.8,0.583,221.0,3.33,9.69,1650.0,7.71,14756.4,142936.04,-128179.64,47.3,47.9
2268,2024,Zaid,Rice,Chhattisgarh,Small,1.82,Sandy,7.23,Traditional,Rainfed,127.4,35.0,45.3,102.9,3.83,182.6,2.17,310.0,3.962,7.21,1732.3,8.34,11448.75,77023.47,-65574.72,21.6,19.8
2269,2022,Kharif,Barley,Bihar,Small,2.87,Loamy,6.74,High-Yield Variety,Canal,707.7,33.1,78.5,143.4,4.47,455.5,1.092,347.0,4.976,14.28,1963.8,5.21,26583.03,143673.88,-117090.85,36.4,27.6
2270,2024,Zaid,Mustard,Jharkhand,Small,1.26,Loamy,5.57,Traditional,Drip,147.1,35.0,51.8,129.6,3.26,224.6,1.006,336.0,2.259,2.85,1688.4,6.05,4520.97,59387.23,-54866.26,37.8,41.3
2271,2021,Kharif,Wheat,Punjab,Small,3.26,Loamy,6.48,High-Yield Variety,Canal,793.2,27.0,84.2,101.9,1.53,491.3,1.119,270.0,5.498,17.92,1807.0,2.99,31411.46,162164.22,-130752.76,32.2,28.2
2272,2022,Kharif,Mustard,Odisha,Small,2.75,Black,7.38,Traditional,Canal,801.5,26.1,74.2,77.9,3.99,563.0,0.685,233.0,3.854,10.6,1759.5,6.05,17522.94,136073.25,-118550.31,43.4,39.3
2273,2021,Kharif,Groundnut,Uttar Pradesh,Large,1.57,Alluvial,6.83,High-Yield Variety,Drip,838.3,29.4,82.4,149.8,4.07,364.8,1.304,462.0,4.755,7.47,1553.7,3.2,11234.75,88343.86,-77109.11,44.0,31.8
2274,2022,Zaid,Rice,Assam,Small,1.21,Sandy,6.4,High-Yield Variety,Rainfed,93.2,35.4,51.2,67.2,3.95,142.0,2.117,437.0,3.005,3.64,1604.0,6.77,5443.14,55496.19,-50053.05,31.4,29.6
2275,2022,Kharif,Barley,Odisha,Small,6.36,Black,6.14,Traditional,Borewell,756.7,29.3,83.7,176.5,5.27,540.3,0.755,326.0,4.078,25.94,1902.3,12.44,43205.13,301245.98,-258040.85,28.8,29.1
2276,2023,Zaid,Mustard,West Bengal,Small,0.99,Black,6.33,High-Yield Variety,Borewell,84.7,35.4,53.0,121.3,2.81,371.8,0.489,333.0,1.818,1.8,1537.0,12.42,2423.08,48845.25,-46422.17,29.2,22.9
2277,2022,Zaid,Mustard,Chhattisgarh,Large,0.62,Clay,6.6,Traditional,Drip,79.0,35.0,49.1,105.1,2.22,236.7,1.099,453.0,2.601,1.61,1488.8,10.77,2138.75,33304.46,-31165.71,36.6,36.3
2278,2022,Kharif,Mustard,Chhattisgarh,Small,2.74,Sandy,6.13,High-Yield Variety,Canal,766.7,29.2,81.3,147.1,4.57,481.4,0.743,209.0,3.579,9.81,1555.8,4.88,14516.57,135545.93,-121029.36,40.2,34.7
2279,2022,Kharif,Maize,West Bengal,Large,2.53,Clay,6.65,Traditional,Rainfed,808.4,25.5,82.7,125.9,3.6,322.4,1.408,234.0,4.541,11.49,1881.3,9.97,19461.34,127138.9,-107677.56,43.6,38.3
2280,2021,Rabi,Wheat,Odisha,Medium,1.48,Alluvial,7.03,High-Yield Variety,Rainfed,123.1,26.4,61.1,97.6,1.82,180.8,2.175,253.0,3.933,5.82,2026.6,10.84,10516.64,60612.67,-50096.03,36.7,32.1
2281,2021,Kharif,Rice,West Bengal,Small,2.36,Clay,6.6,High-Yield Variety,Rainfed,708.8,28.7,70.1,138.8,4.47,283.0,1.51,260.0,4.273,10.08,1838.0,7.41,17153.1,121896.81,-104743.71,26.1,26.8
2282,2024,Kharif,Sugarcane,Assam,Small,0.8,Loamy,6.77,High-Yield Variety,Canal,865.2,25.9,75.9,152.0,5.87,481.9,7.424,221.0,35.776,28.62,,6.68,50979.83,53231.93,-2252.1,31.9,32.4
2283,2023,Kharif,Mustard,Odisha,Small,2.87,Black,6.61,Traditional,Borewell,796.0,30.7,69.5,68.5,2.45,609.0,0.381,272.0,2.322,6.66,1817.7,9.4,10968.6,142086.16,-131117.56,51.3,49.1
2284,2023,Zaid,Wheat,Punjab,Small,3.71,Alluvial,6.26,Traditional,Sprinkler,156.3,34.0,48.8,121.6,1.55,263.3,1.405,206.0,3.698,13.72,1728.0,5.07,22507.0,153111.05,-130604.05,37.2,31.2
2285,2024,Zaid,Sugarcane,Odisha,Small,0.96,Alluvial,7.42,High-Yield Variety,Canal,127.9,35.3,49.5,115.5,4.26,341.8,7.477,292.0,25.56,24.54,1661.3,6.3,38199.13,40889.62,-2690.49,13.6,12.7
2286,2023,Kharif,Mustard,Uttar Pradesh,Small,5.79,Loamy,6.19,High-Yield Variety,Drip,785.5,28.1,81.1,122.8,2.97,306.0,1.0,401.0,3.061,17.73,1637.9,10.33,26040.01,276267.41,-250227.4,40.3,26.8
2287,2021,Rabi,Sugarcane,Jharkhand,Small,2.03,Alluvial,5.76,High-Yield Variety,Rainfed,198.3,19.1,54.0,154.0,3.12,170.9,14.037,209.0,23.989,48.7,1931.8,8.08,86477.02,88955.79,-2478.77,12.9,12.6
2288,2022,Rabi,Mustard,Punjab,Small,2.03,Sandy,6.4,Traditional,Sprinkler,180.1,19.5,65.1,154.1,3.14,216.7,1.431,224.0,3.101,6.3,2112.9,8.79,12140.53,92007.22,-79866.69,29.4,21.9
2289,2021,Rabi,Mustard,Uttar Pradesh,Medium,3.01,Black,5.47,High-Yield Variety,Drip,164.9,20.3,56.5,91.7,4.68,144.5,2.283,295.0,3.298,9.93,1812.2,4.96,17102.21,133725.57,-116623.36,27.0,20.8
2290,2022,Rabi,Sugarcane,Chhattisgarh,Small,1.86,Sandy,6.72,High-Yield Variety,Rainfed,300.8,22.7,54.3,110.0,3.16,197.8,12.373,436.0,,45.52,2056.4,0.9,92767.26,84747.36,8019.9,23.6,18.9
2291,2023,Kharif,Soybean,Bihar,Medium,1.92,Sandy,7.14,High-Yield Variety,Canal,894.3,25.1,75.7,164.9,5.25,611.6,0.761,305.0,4.654,8.94,1788.5,7.46,14796.16,104172.63,-89376.47,56.7,49.1
2292,2021,Rabi,Maize,Chhattisgarh,Small,2.43,Clay,6.88,High-Yield Variety,Rainfed,264.6,24.0,48.2,97.5,4.19,176.2,2.637,433.0,4.648,11.29,1798.5,3.92,19508.7,112425.54,-92916.84,29.7,27.0
2293,2023,Kharif,Rice,West Bengal,Medium,2.7,Black,7.69,Traditional,,706.3,28.1,79.2,106.3,4.3,456.5,1.382,306.0,,17.04,1861.5,7.48,29345.42,138378.46,-109033.04,34.5,38.0
2294,2023,Zaid,Wheat,Punjab,Small,5.13,Clay,8.16,Traditional,Drip,75.5,34.4,53.1,99.2,0.51,164.0,2.795,442.0,4.582,23.51,1602.5,7.81,34732.66,206254.71,-171522.05,38.9,31.4
2295,2021,Rabi,Mustard,Chhattisgarh,Medium,1.62,Sandy,5.86,Traditional,Canal,173.0,21.6,53.4,123.1,3.8,296.4,0.84,265.0,2.49,4.03,2137.0,1.57,8477.06,78097.15,-69620.09,19.6,14.1
2296,2021,Rabi,Wheat,Chhattisgarh,Large,1.9,Sandy,6.56,High-Yield Variety,Canal,126.3,19.4,59.6,104.0,3.4,281.0,1.723,393.0,4.842,9.2,2031.1,5.71,17618.9,85786.9,-68168.0,13.2,12.5
2297,2021,Rabi,Wheat,Bihar,Medium,2.01,Alluvial,6.73,High-Yield Variety,Sprinkler,230.2,21.1,53.0,116.0,2.58,274.5,1.726,190.0,4.736,9.52,2004.9,7.61,17634.78,89379.98,-71745.2,24.7,24.4
2298,2021,Rabi,Wheat,Punjab,Large,3.8,Alluvial,6.53,High-Yield Variety,Canal,239.7,25.3,64.4,104.3,2.15,349.7,1.423,221.0,4.976,18.91,2096.9,4.39,37912.61,161494.32,-123581.71,36.2,28.8
2299,2023,Zaid,Wheat,Jharkhand,Large,1.22,Sandy,6.27,High-Yield Variety,Canal,133.9,36.5,54.3,119.9,3.17,234.3,1.818,322.0,4.261,5.2,1623.6,6.91,7859.31,63155.5,-55296.19,17.0,13.9
2300,2024,Zaid,Rice,Chhattisgarh,Small,4.32,Alluvial,6.64,Traditional,Drip,261.6,33.5,46.7,159.3,4.37,246.8,1.807,325.0,4.46,19.27,1911.1,5.78,34699.17,180800.89,-146101.72,29.4,22.8
2301,2022,Kharif,Rice,Uttar Pradesh,Medium,1.56,Black,6.98,Traditional,Sprinkler,846.4,24.8,78.3,172.1,2.94,458.7,1.369,309.0,6.278,9.79,1643.5,10.44,14410.01,77691.6,-63281.59,43.2,43.3
2302,2024,Rabi,Mustard,Assam,Medium,1.21,Clay,,High-Yield Variety,Borewell,214.0,24.7,66.9,144.4,2.11,330.5,1.033,370.0,3.416,4.13,1957.9,3.99,7763.44,64416.05,-56652.61,11.2,9.2
2303,2024,Kharif,Barley,Bihar,Medium,0.95,Clay,7.11,Traditional,Borewell,769.8,24.5,88.3,152.1,5.03,541.5,0.923,221.0,4.999,4.75,1929.2,4.61,8741.36,52254.35,-43512.99,41.4,39.9
2304,2023,Rabi,Rice,West Bengal,Small,2.73,Clay,6.97,Traditional,Rainfed,208.7,20.9,63.3,72.7,1.96,177.6,2.473,215.0,4.392,11.99,2233.4,4.1,25680.58,118190.54,-92509.96,23.6,15.3
2305,2021,Kharif,Barley,Bihar,Medium,2.67,Sandy,7.34,Traditional,Canal,847.6,26.4,76.8,120.8,4.11,509.4,0.968,376.0,4.931,13.16,1837.0,11.72,21341.3,131520.2,-110178.9,52.7,56.5
2306,2024,Rabi,Wheat,Chhattisgarh,Small,1.21,Alluvial,6.45,Traditional,Sprinkler,178.9,21.5,63.2,149.5,3.65,234.5,2.167,282.0,5.082,6.15,2027.4,9.23,11318.08,58317.3,-46999.22,32.6,27.7
2307,2022,Kharif,Maize,Jharkhand,Large,1.88,Sandy,7.05,Traditional,Sprinkler,731.1,30.7,79.4,104.3,4.96,399.5,1.807,346.0,7.217,13.57,1956.2,9.47,24032.37,97272.26,-73239.89,49.7,36.0
2308,2022,Rabi,Barley,West Bengal,Small,2.55,Clay,6.0,High-Yield Variety,Rainfed,150.8,17.4,54.4,130.0,2.5,167.5,1.855,459.0,3.107,7.92,2020.5,7.44,14811.76,114676.81,-99865.05,16.1,9.9
2309,2021,Zaid,Mustard,Punjab,Small,1.81,Clay,6.06,Traditional,Rainfed,92.4,32.5,38.6,89.9,3.47,172.8,1.177,260.0,2.033,3.68,1637.4,9.73,5438.94,81813.88,-76374.94,26.8,21.1
2310,2024,Kharif,Groundnut,Jharkhand,Small,4.41,Clay,6.68,High-Yield Variety,Canal,777.0,30.1,75.6,133.9,3.67,554.8,0.679,275.0,3.768,16.62,1676.8,11.87,24559.38,213684.12,-189124.74,37.0,22.2
2311,2023,Rabi,Maize,Assam,Medium,1.44,Loamy,6.99,High-Yield Variety,Borewell,340.7,20.3,59.5,131.2,4.27,412.5,1.417,311.0,5.845,8.42,2150.1,6.21,16979.46,73447.61,-56468.15,16.4,12.0
2312,2021,Rabi,Mustard,Uttar Pradesh,Medium,5.64,Sandy,6.38,Traditional,Canal,118.4,21.2,61.5,132.7,3.76,286.4,0.953,185.0,2.728,15.39,2196.9,7.51,31270.93,238428.25,-207157.32,20.1,18.5
2313,2022,Zaid,Groundnut,Punjab,Small,2.49,Clay,7.32,High-Yield Variety,Borewell,137.5,31.5,41.3,,4.22,312.0,0.891,348.0,2.781,6.93,2107.2,11.75,12886.23,115121.68,-102235.45,15.9,11.1
2314,2021,Kharif,Sugarcane,Chhattisgarh,Large,3.85,Alluvial,6.63,High-Yield Variety,Rainfed,732.4,28.6,73.0,160.6,3.79,271.5,10.247,334.0,27.817,107.09,1915.0,9.58,185430.27,187454.99,-2024.72,19.9,15.5
2315,2022,Rabi,Rice,Chhattisgarh,Small,1.29,Loamy,6.15,High-Yield Variety,Canal,190.2,21.4,55.4,115.2,2.95,350.4,1.404,185.0,4.919,6.35,1883.7,2.61,11649.4,59146.78,-47497.38,20.8,20.1
2316,2024,Rabi,Rice,Bihar,Small,1.36,Sandy,6.62,High-Yield Variety,Drip,246.5,22.6,53.6,118.6,1.36,237.9,2.665,345.0,6.34,8.62,2202.7,3.88,18251.0,65788.24,-47537.24,43.6,41.3
2317,2023,Kharif,Wheat,Punjab,Small,3.44,Loamy,6.35,Traditional,Borewell,812.7,27.1,70.8,93.5,3.52,582.9,0.921,309.0,5.365,18.46,1814.5,7.69,30920.19,171561.49,-140641.3,54.7,58.2
2318,2022,Rabi,Groundnut,Odisha,Medium,2.45,Alluvial,6.62,High-Yield Variety,Sprinkler,185.6,17.2,57.4,,4.04,296.8,1.262,404.0,3.745,9.18,1925.6,2.75,17191.45,113974.01,-96782.56,20.0,21.3
2319,2023,Zaid,Mustard,Punjab,Small,1.86,Sandy,6.82,High-Yield Variety,Sprinkler,64.6,31.7,55.4,139.5,2.92,229.9,1.281,378.0,2.946,5.48,1678.3,9.19,8351.64,78506.75,-70155.11,37.1,32.8
2320,2023,Rabi,Groundnut,Jharkhand,Small,3.52,Black,5.73,Traditional,Canal,220.8,22.9,52.2,185.2,2.46,312.5,0.996,244.0,3.114,10.96,2245.9,9.76,22211.86,154516.9,-132305.04,30.4,24.2
2321,2022,Rabi,Sugarcane,Punjab,Medium,1.96,Alluvial,7.16,Traditional,Rainfed,278.5,21.1,47.1,127.2,2.94,192.1,12.864,333.0,24.706,48.42,2104.1,3.88,97933.33,93637.4,4295.93,25.2,15.7
2322,2023,Kharif,Groundnut,Jharkhand,Small,2.74,Clay,6.08,Traditional,Sprinkler,674.8,32.8,89.8,154.3,5.99,369.4,1.255,278.0,4.635,12.7,1681.3,9.18,19392.77,136165.18,-116772.41,42.4,36.1
2323,2024,Rabi,Soybean,West Bengal,Medium,1.88,Loamy,6.51,Traditional,Canal,209.4,23.5,65.1,113.9,2.01,401.2,0.961,264.0,3.857,7.25,2153.0,8.64,14260.86,86135.12,-71874.26,31.2,32.2
2324,2021,Rabi,Soybean,Punjab,Small,3.85,Loamy,5.43,High-Yield Variety,Borewell,327.5,18.6,56.3,126.9,3.12,364.0,1.006,310.0,3.663,14.1,2252.5,5.59,29983.82,176096.74,-146112.92,21.6,17.8
2325,2021,Kharif,Mustard,Chhattisgarh,Small,0.7,Sandy,5.88,High-Yield Variety,Canal,812.1,26.0,71.0,102.4,3.44,520.8,0.56,229.0,2.916,2.04,1765.3,2.17,3523.06,36487.06,-32964.0,48.5,42.3
2326,2022,Zaid,Groundnut,Odisha,Small,2.56,Alluvial,6.93,Traditional,Drip,84.2,36.3,55.6,125.0,2.83,165.3,1.961,243.0,3.241,8.3,1641.7,7.67,12580.42,105856.11,-93275.69,25.3,21.4
2327,2023,Kharif,Wheat,Assam,Small,0.87,Black,7.09,High-Yield Variety,Rainfed,673.6,27.7,64.7,95.0,3.82,245.1,1.839,321.0,4.508,3.92,2032.7,6.46,7453.57,51674.99,-44221.42,46.4,35.2
2328,2024,Kharif,Mustard,Punjab,Large,0.71,Sandy,7.16,High-Yield Variety,Rainfed,805.1,31.6,84.8,159.8,2.39,303.8,0.796,382.0,2.42,1.72,1722.6,4.92,2817.27,46784.61,-43967.34,37.8,28.9
2329,2022,Kharif,Groundnut,Odisha,Small,5.61,Loamy,6.17,Traditional,Canal,777.6,26.5,72.8,121.1,3.68,531.7,0.799,336.0,4.251,23.85,1874.2,7.47,41360.35,274904.78,-233544.43,43.5,40.2
2330,2023,Kharif,Sugarcane,Punjab,Small,0.62,Loamy,7.17,High-Yield Variety,Rainfed,784.4,30.3,86.4,147.7,3.74,246.8,11.285,406.0,27.851,17.27,1654.9,13.19,24811.46,38053.08,-13241.62,39.0,23.9
2331,2024,Kharif,Rice,Punjab,Small,1.03,Alluvial,6.77,Traditional,Canal,752.8,30.1,84.9,115.3,2.27,495.8,1.157,342.0,5.738,5.91,1911.0,6.14,10600.85,57733.7,-47132.85,40.3,34.1
2332,2024,Rabi,Barley,Punjab,Small,2.93,Clay,7.02,High-Yield Variety,Drip,163.3,22.1,52.5,76.3,2.06,214.4,2.378,170.0,5.099,14.94,2133.2,8.69,29099.52,121229.61,-92130.09,11.0,11.1
2333,2022,Zaid,Groundnut,Uttar Pradesh,Small,4.68,Loamy,6.59,Traditional,Borewell,,31.1,46.2,96.7,3.34,247.0,1.104,444.0,2.728,12.77,1587.7,6.54,18949.25,194962.94,-176013.69,38.0,30.8
2334,2022,Rabi,Wheat,Punjab,Medium,2.33,Black,6.43,High-Yield Variety,Borewell,188.7,24.5,50.1,121.3,2.06,380.4,1.201,271.0,4.567,10.64,2131.3,5.51,21428.13,104619.49,-83191.36,10.3,8.8
2335,2023,Kharif,Barley,Bihar,Medium,3.46,Alluvial,6.5,High-Yield Variety,Rainfed,908.1,30.4,73.2,107.3,2.33,306.4,1.273,280.0,3.901,13.5,,5.16,23776.31,172749.88,-148973.57,49.2,33.9
2336,2022,Kharif,Sugarcane,Uttar Pradesh,Large,2.14,Alluvial,6.86,Traditional,Canal,844.1,30.1,76.8,171.6,5.58,548.6,6.495,247.0,35.632,76.25,1932.5,3.95,141538.09,109412.88,32125.21,53.1,53.8
2337,2022,Kharif,Soybean,Uttar Pradesh,Medium,2.32,Sandy,6.54,Traditional,Rainfed,753.7,27.6,89.5,121.0,4.08,293.8,1.088,244.0,3.195,7.41,2269.5,9.2,15270.33,119919.97,-104649.64,41.8,45.4
2338,2022,Kharif,Maize,Assam,Medium,1.59,Loamy,6.36,High-Yield Variety,Rainfed,791.7,30.1,69.9,137.0,3.87,309.4,1.608,379.0,4.975,7.91,1972.5,6.48,14591.45,87540.63,-72949.18,23.9,23.5
2339,2022,Zaid,Rice,Assam,Medium,5.56,Loamy,7.01,Traditional,Rainfed,231.0,31.9,45.8,71.3,4.55,187.7,1.485,242.0,2.786,15.49,1521.5,9.16,21410.06,223891.24,-202481.18,22.2,16.6
2340,2021,Rabi,Maize,Assam,Medium,3.52,Clay,6.71,High-Yield Variety,Sprinkler,175.4,20.4,56.8,128.7,2.2,284.2,2.194,304.0,6.236,21.95,1787.5,0.77,38933.1,152007.14,-113074.04,21.9,22.1
2341,2023,Kharif,Wheat,Uttar Pradesh,Large,3.08,Sandy,,High-Yield Variety,Canal,749.5,29.3,80.3,185.5,3.52,491.1,1.11,338.0,5.449,16.78,1818.6,6.42,28558.06,148250.26,-119692.2,37.1,28.1
2342,2022,Kharif,Maize,Assam,Small,1.52,Sandy,7.11,Traditional,Rainfed,697.7,29.5,81.4,105.5,4.15,245.6,2.278,298.0,5.594,8.5,1700.8,11.94,12730.38,78163.41,-65433.03,33.7,27.0
2343,2022,Kharif,Groundnut,Chhattisgarh,Large,2.56,Black,6.45,High-Yield Variety,Rainfed,785.2,30.4,78.7,87.5,4.4,305.8,0.986,320.0,3.016,7.72,2032.9,5.19,14879.01,121490.55,-106611.54,41.1,31.9
2344,2023,Rabi,Soybean,West Bengal,Medium,2.87,Sandy,6.76,Traditional,Sprinkler,203.8,21.5,63.0,111.4,2.39,266.6,1.277,361.0,3.406,9.77,,4.27,19694.14,129629.17,-109935.03,24.7,15.3
2345,2021,Rabi,Rice,Punjab,Medium,5.09,Loamy,6.32,High-Yield Variety,Canal,250.8,22.5,54.9,105.7,2.91,376.4,1.52,152.0,5.722,29.13,1959.5,9.13,51868.23,211289.47,-159421.24,25.5,26.6
2346,2024,Kharif,Mustard,West Bengal,Large,2.06,Loamy,7.38,High-Yield Variety,Borewell,,29.7,80.4,165.2,3.36,549.6,0.539,314.0,2.965,6.11,1731.6,5.87,9958.51,108037.76,-98079.25,30.0,27.5
2347,2022,Kharif,Barley,Jharkhand,Large,3.2,Clay,6.46,High-Yield Variety,Canal,818.7,25.6,75.5,137.9,4.63,532.3,0.881,381.0,4.69,15.01,1657.6,10.36,22303.77,165643.95,-143340.18,49.2,44.6
2348,2022,Rabi,Sugarcane,Odisha,Medium,1.44,Alluvial,7.41,High-Yield Variety,Rainfed,236.4,24.0,57.5,116.8,1.59,150.1,16.731,179.0,25.117,36.17,2192.3,4.86,75445.43,65764.14,9681.29,32.1,22.1
2349,2024,Rabi,Soybean,Uttar Pradesh,Medium,3.26,Clay,6.0,Traditional,Rainfed,322.2,22.8,59.5,123.4,4.37,175.1,1.366,359.0,2.392,7.8,2034.2,7.04,14749.71,140846.75,-126097.04,22.3,16.5
2350,2023,Kharif,Sugarcane,Jharkhand,Medium,6.74,Sandy,5.5,Traditional,Borewell,802.5,27.2,64.8,139.3,3.41,516.5,6.557,445.0,33.867,228.26,,5.73,404022.89,324440.45,79582.44,53.9,40.4
2351,2024,Rabi,Rice,Uttar Pradesh,Small,1.5,Black,5.92,High-Yield Variety,Sprinkler,168.9,21.6,73.6,86.4,2.31,232.0,2.196,299.0,5.094,7.64,2277.5,6.36,16293.61,70339.39,-54045.78,3.1,2.8
2352,2022,Kharif,Mustard,Bihar,Medium,3.04,Sandy,6.09,High-Yield Variety,Canal,749.3,28.3,73.0,126.6,2.82,536.8,0.616,217.0,3.304,10.04,1859.9,6.88,17387.75,150561.89,-133174.14,41.0,38.4
2353,2024,Zaid,Mustard,Jharkhand,Medium,5.92,Black,6.49,High-Yield Variety,Drip,130.1,34.1,43.8,60.2,1.91,195.2,1.162,393.0,2.268,13.43,1464.9,7.65,18169.24,238256.14,-220086.9,39.5,35.2
2354,2024,Zaid,Maize,Odisha,Large,1.66,Loamy,7.36,Traditional,Rainfed,127.7,32.6,55.3,104.6,2.22,177.1,2.192,358.0,3.883,6.45,1486.1,8.33,8786.94,79901.4,-71114.46,26.6,18.2
2355,2024,Zaid,Maize,Jharkhand,Small,1.8,Loamy,6.08,High-Yield Variety,Rainfed,73.5,32.2,42.6,179.1,2.89,170.1,2.129,294.0,,6.52,1859.6,7.06,11269.22,73885.15,-62615.93,19.6,18.2
2356,2022,Kharif,Wheat,Chhattisgarh,Small,0.96,Loamy,6.59,Traditional,Rainfed,833.7,27.0,88.2,72.2,2.38,268.4,1.634,253.0,4.387,4.21,2039.3,5.22,8137.18,47687.62,-39550.44,50.3,34.1
2357,2023,Zaid,Maize,Bihar,Small,2.67,Alluvial,6.21,High-Yield Variety,Rainfed,92.3,32.5,48.1,125.1,4.03,175.9,2.2,201.0,3.869,10.33,1873.6,7.61,17881.63,113100.89,-95219.26,18.2,16.3
2358,2024,Kharif,Sugarcane,Bihar,Medium,0.77,Loamy,7.34,High-Yield Variety,Borewell,859.9,30.5,76.5,135.4,3.84,582.7,5.895,293.0,34.352,26.45,1939.8,11.89,45204.52,45831.29,-626.77,32.7,22.9
2359,2022,Kharif,Groundnut,Uttar Pradesh,Large,5.16,Loamy,6.49,High-Yield Variety,Sprinkler,697.3,27.0,76.9,120.1,4.4,356.5,1.197,304.0,4.269,22.03,1640.8,8.87,32938.6,244368.58,-211429.98,47.9,30.1
2360,2024,Rabi,Sugarcane,West Bengal,Small,0.59,Loamy,6.61,High-Yield Variety,Drip,260.6,19.0,57.9,99.6,2.73,207.0,17.041,372.0,35.272,20.81,2212.4,7.01,42810.97,42211.81,599.16,20.5,17.9
2361,2024,Kharif,Wheat,Bihar,Large,1.25,Loamy,6.57,Traditional,Canal,797.7,31.1,70.8,97.8,4.84,608.9,0.952,329.0,5.796,7.25,1735.6,2.01,12329.82,64014.14,-51684.32,34.3,32.0
2362,2023,Rabi,Wheat,West Bengal,Small,2.68,Sandy,5.42,High-Yield Variety,Drip,177.6,21.5,60.4,122.8,4.07,203.2,2.615,354.0,5.314,14.24,2299.5,9.85,29519.86,125434.26,-95914.4,24.8,18.7
2363,2023,Rabi,Wheat,Jharkhand,Medium,4.46,Alluvial,5.51,High-Yield Variety,Canal,215.7,19.1,61.7,158.4,2.88,358.3,1.307,261.0,4.683,20.89,2170.0,4.6,43246.32,190240.94,-146994.62,23.0,24.2
2364,2024,Zaid,Wheat,Uttar Pradesh,Small,2.4,Sandy,6.91,Traditional,Sprinkler,125.9,36.6,45.0,112.2,4.62,210.2,2.142,340.0,,10.81,1733.0,8.16,17204.93,96495.36,-79290.43,33.4,23.9
2365,2021,Kharif,Soybean,Jharkhand,Small,4.13,Sandy,6.55,Traditional,Drip,851.0,33.0,83.8,162.0,3.88,372.9,1.358,251.0,5.066,20.92,1987.5,6.73,38779.93,201881.45,-163101.52,37.9,38.7
2366,2023,Rabi,Mustard,West Bengal,Small,4.7,Loamy,7.0,High-Yield Variety,Drip,205.5,21.0,55.7,99.9,1.75,194.7,1.739,374.0,3.386,15.91,2133.9,9.43,30748.5,201868.49,-171119.99,32.5,34.0
2367,2021,Rabi,Groundnut,Bihar,Small,3.6,Black,6.47,High-Yield Variety,Borewell,169.8,15.9,58.3,130.1,1.9,402.3,0.774,383.0,3.115,11.21,2294.2,10.63,22984.0,160953.29,-137969.29,23.0,22.8
2368,2022,Rabi,Groundnut,Punjab,Medium,0.97,Loamy,6.66,High-Yield Variety,Borewell,182.9,21.8,51.8,91.4,3.8,316.6,1.131,243.0,3.582,3.47,2145.7,8.2,6835.2,44391.01,-37555.81,11.8,12.7
2369,2024,Rabi,Rice,Jharkhand,Small,1.84,Alluvial,7.23,High-Yield Variety,Sprinkler,207.9,18.6,51.7,86.8,4.62,218.2,2.781,263.0,6.067,11.16,2028.8,7.97,20836.5,79314.01,-58477.51,31.1,27.9
2370,2022,Kharif,Mustard,Odisha,Small,1.04,Alluvial,6.82,High-Yield Variety,Borewell,640.1,26.3,91.3,,3.8,480.5,0.703,291.0,3.378,3.51,1850.2,7.98,5975.61,65530.05,-59554.44,48.4,33.1
2371,2023,Rabi,Mustard,West Bengal,Small,0.92,Loamy,7.35,Traditional,Rainfed,176.0,23.1,64.2,95.4,1.68,170.3,1.484,355.0,2.527,2.33,1948.6,6.52,4244.31,42435.8,-38191.49,38.4,37.8
2372,2022,Kharif,Soybean,Jharkhand,Small,1.85,Alluvial,6.23,Traditional,Borewell,754.8,31.4,74.7,77.9,3.37,575.1,0.729,354.0,4.191,7.75,1993.4,5.94,14531.38,90579.87,-76048.49,36.1,23.2
2373,2022,Rabi,Sugarcane,Odisha,Small,2.75,Black,6.77,High-Yield Variety,Canal,,21.9,59.7,171.0,6.38,386.8,8.212,305.0,31.766,87.36,2230.5,10.75,173918.78,131043.22,42875.56,13.5,8.9
2374,2022,Kharif,Soybean,Uttar Pradesh,Small,1.84,Loamy,7.61,High-Yield Variety,Sprinkler,776.7,29.5,81.9,114.1,4.93,453.5,1.102,356.0,5.0,9.2,1905.7,10.0,15779.68,100029.39,-84249.71,40.2,25.9
2375,2024,Kharif,Mustard,Punjab,Small,3.56,Loamy,5.94,Traditional,Canal,877.9,24.9,75.4,85.7,4.17,584.5,0.474,374.0,2.768,9.86,1747.0,6.16,16163.95,176180.11,-160016.16,40.1,42.9
2376,2023,Zaid,Rice,West Bengal,Small,3.01,Sandy,6.55,High-Yield Variety,Borewell,81.7,31.0,47.4,66.4,3.52,271.7,1.402,354.0,3.808,11.46,1761.0,10.3,18103.39,123508.51,-105405.12,10.7,9.4
2377,2024,Zaid,Rice,Jharkhand,Medium,3.77,Black,6.26,High-Yield Variety,Canal,205.1,32.3,48.6,155.7,5.65,243.8,1.795,356.0,4.376,16.5,,6.84,26056.99,165439.11,-139382.12,37.2,26.7
2378,2022,Kharif,Mustard,West Bengal,Large,0.81,Sandy,7.21,Traditional,Canal,740.4,29.9,69.8,144.7,2.6,585.1,0.548,335.0,3.207,2.6,1795.1,7.88,4299.63,43100.64,-38801.01,28.2,29.1
2379,2023,Zaid,Groundnut,West Bengal,Medium,2.19,Alluvial,6.3,Traditional,Canal,118.9,33.9,34.9,140.2,3.38,260.3,1.135,304.0,2.954,6.47,1519.8,9.69,8880.38,103139.03,-94258.65,31.3,22.8
2380,2023,Zaid,Rice,Punjab,Medium,2.82,Alluvial,6.54,Traditional,Rainfed,38.4,37.3,45.4,187.2,2.08,183.2,2.04,342.0,3.738,10.54,1539.8,6.55,15166.71,119174.64,-104007.93,28.1,27.9
2381,2023,Zaid,Soybean,Jharkhand,Small,1.86,Loamy,7.25,Traditional,Canal,12.2,32.6,52.4,112.6,2.36,253.0,1.199,325.0,3.033,5.64,1694.7,4.77,9101.76,89023.61,-79921.85,35.9,36.0
2382,2024,Kharif,Soybean,Punjab,Small,2.22,Clay,5.83,Traditional,Borewell,849.6,28.7,88.2,91.9,2.56,619.9,0.525,281.0,3.256,7.23,1466.1,6.67,9893.25,111761.74,-101868.49,27.6,18.7
2383,2024,Zaid,Rice,Jharkhand,Medium,3.15,Black,6.97,High-Yield Variety,Borewell,115.2,31.7,38.2,63.0,3.36,358.4,1.061,353.0,3.801,11.97,1687.8,6.61,18868.42,129347.75,-110479.33,16.8,11.2
2384,2021,Rabi,Wheat,Uttar Pradesh,Large,2.08,Clay,7.3,High-Yield Variety,Sprinkler,179.7,21.0,50.4,94.8,3.46,229.4,2.419,262.0,5.549,11.54,2094.3,8.95,22005.57,90937.32,-68931.75,17.6,18.7
2385,2023,Kharif,Groundnut,Bihar,Large,0.97,Alluvial,6.64,Traditional,Rainfed,815.7,25.5,80.4,141.8,4.56,302.1,0.985,301.0,2.976,2.89,1709.8,7.53,4569.24,53059.32,-48490.08,51.4,36.5
2386,2024,Kharif,Soybean,Chhattisgarh,Medium,1.97,Sandy,6.71,High-Yield Variety,Rainfed,812.0,32.2,90.7,132.9,2.11,326.6,1.216,317.0,3.971,7.82,1855.6,10.28,13019.57,97324.79,-84305.22,29.5,27.8
2387,2021,Kharif,Soybean,Jharkhand,Medium,4.4,Black,5.74,Traditional,Borewell,747.5,32.5,79.4,112.0,3.59,591.0,0.708,244.0,4.182,18.4,1951.2,7.67,33147.95,210082.69,-176934.74,30.9,19.2
2388,2021,Kharif,Sugarcane,Bihar,Small,3.37,Loamy,7.0,Traditional,Rainfed,813.9,28.7,82.7,85.5,2.8,289.3,9.794,260.0,28.338,95.5,1855.0,8.01,162960.67,160659.33,2301.34,46.7,51.1
2389,2021,Kharif,Rice,Bihar,Small,1.2,Black,7.79,Traditional,Sprinkler,690.5,27.4,75.5,172.4,3.86,390.9,1.652,280.0,6.458,7.75,1966.8,8.69,13918.39,66034.77,-52116.38,47.0,48.3
2390,2022,Zaid,Sugarcane,West Bengal,Medium,0.7,Clay,6.72,Traditional,Canal,108.2,36.7,56.1,159.1,1.88,275.5,9.007,296.0,24.81,17.37,1654.3,9.39,26036.94,39372.67,-13335.73,12.6,13.4
2391,2022,Kharif,Sugarcane,Odisha,Large,2.33,Clay,6.02,High-Yield Variety,Canal,824.4,28.5,82.6,90.5,3.26,472.8,7.436,422.0,,81.92,1868.8,13.02,133150.41,120521.9,12628.51,40.3,41.6
2392,2024,Kharif,Groundnut,Odisha,Small,1.59,Sandy,5.97,High-Yield Variety,Rainfed,722.3,28.3,77.1,160.0,3.32,321.5,0.942,312.0,3.027,4.81,1754.6,6.3,7908.46,86764.88,-78856.42,35.7,22.3
2393,2024,Rabi,Soybean,Odisha,Small,2.66,Clay,6.88,High-Yield Variety,Sprinkler,226.8,17.9,63.6,76.6,1.75,224.0,1.696,309.0,3.799,10.11,2183.0,7.19,20482.71,117880.43,-97397.72,14.9,10.4
2394,2022,Kharif,Mustard,Uttar Pradesh,Small,1.35,Clay,6.85,High-Yield Variety,Borewell,760.6,29.0,78.9,164.6,5.46,629.0,0.507,289.0,3.186,4.3,1935.0,8.44,7618.34,75324.29,-67705.95,39.0,42.6
2395,2021,Rabi,Sugarcane,Bihar,Medium,2.29,Clay,6.04,Traditional,Sprinkler,253.4,22.6,59.1,116.4,2.75,274.0,12.034,209.0,32.97,75.5,2101.2,6.63,148123.79,103072.93,45050.86,14.9,13.1
2396,2023,Rabi,Rice,Jharkhand,Small,2.13,Clay,6.96,High-Yield Variety,Canal,171.3,21.6,44.5,151.1,1.74,252.6,2.126,342.0,5.371,11.44,1464.0,6.08,15730.42,95871.43,-80141.01,23.7,23.4
2397,2023,Zaid,Soybean,Odisha,Large,1.09,Loamy,7.51,Traditional,Rainfed,102.1,36.9,45.2,138.0,1.94,154.0,1.58,315.0,2.434,2.65,1625.3,4.48,4114.28,55649.76,-51535.48,24.0,21.0
2398,2024,Rabi,Mustard,West Bengal,Small,2.11,Black,6.45,High-Yield Variety,Borewell,167.6,23.3,49.8,84.4,2.55,402.6,0.659,250.0,2.654,5.6,2181.6,9.18,11095.02,97979.27,-86884.25,36.5,24.5
2399,2021,Kharif,Rice,Odisha,Large,3.75,Alluvial,6.51,Traditional,Borewell,794.5,27.6,79.4,135.2,3.6,596.8,1.038,265.0,6.197,23.24,1936.0,2.05,44068.19,188101.05,-144032.86,43.9,32.6
2400,2023,Zaid,Groundnut,Jharkhand,Medium,2.48,Alluvial,6.17,High-Yield Variety,Drip,5.0,35.2,51.3,74.7,2.29,177.3,1.88,270.0,3.334,8.27,1649.5,5.87,12841.17,102365.05,-89523.88,38.1,38.1
2401,2023,Kharif,Mustard,Bihar,Medium,0.72,Loamy,7.39,High-Yield Variety,Rainfed,791.5,26.8,67.9,160.2,2.21,314.4,0.981,312.0,3.086,2.22,1793.5,6.16,3736.24,42076.0,-38339.76,33.1,25.2
2402,2021,Kharif,Soybean,Chhattisgarh,Small,2.38,Black,6.45,Traditional,Canal,802.9,24.2,86.7,166.3,3.27,540.5,0.784,330.0,4.239,10.09,1875.5,8.1,17391.92,124812.78,-107420.86,38.3,33.9
2403,2022,Rabi,Soybean,Chhattisgarh,Small,2.66,Black,6.76,High-Yield Variety,Borewell,148.5,19.7,57.3,160.2,2.29,371.8,0.969,423.0,3.602,9.58,,11.61,18449.07,125145.65,-106696.58,18.3,11.1
2404,2021,Kharif,Wheat,Assam,Small,3.63,Clay,8.13,High-Yield Variety,Sprinkler,796.2,28.7,86.9,,3.27,421.9,1.423,356.0,6.003,21.79,1707.1,7.15,34537.48,179361.99,-144824.51,40.5,24.7
2405,2023,Kharif,Wheat,Assam,Small,3.68,Loamy,,High-Yield Variety,Borewell,752.7,28.6,79.2,157.1,2.71,538.0,1.034,303.0,5.564,20.47,1724.8,6.46,33026.54,182525.95,-149499.41,38.5,25.4
2406,2024,Kharif,Groundnut,Assam,Large,1.75,Sandy,7.35,Traditional,Drip,800.3,31.5,80.3,140.8,4.09,371.3,1.351,344.0,5.017,8.78,1745.4,6.86,14273.38,97493.04,-83219.66,44.6,49.1
2407,2024,Kharif,Groundnut,Uttar Pradesh,Medium,2.63,Sandy,6.4,Traditional,Borewell,755.1,28.2,73.5,97.3,4.06,555.2,0.729,419.0,4.048,10.65,1933.8,0.64,20463.04,142209.25,-121746.21,54.9,41.3
2408,2023,Kharif,Groundnut,Chhattisgarh,Medium,2.16,Black,6.6,High-Yield Variety,Drip,843.2,28.8,70.8,177.6,4.33,373.4,1.334,335.0,4.981,10.76,1769.9,8.58,17410.74,110064.72,-92653.98,34.8,24.2
2409,2024,Kharif,Maize,Uttar Pradesh,Medium,3.12,Clay,7.01,Traditional,Canal,790.6,24.8,67.2,150.4,3.05,453.0,1.427,150.0,6.462,20.16,1686.1,6.5,31783.39,151275.97,-119492.58,41.4,25.6
2410,2022,Rabi,Wheat,Chhattisgarh,Small,1.54,Sandy,7.16,Traditional,Borewell,251.8,22.0,67.7,168.0,1.46,392.3,1.156,376.0,4.535,6.98,2138.0,9.96,13437.0,83070.05,-69633.05,32.6,23.8
2411,2021,Rabi,Barley,Odisha,Small,5.35,Clay,6.54,High-Yield Variety,Sprinkler,244.6,20.5,56.0,115.4,1.18,300.8,1.573,400.0,4.731,25.31,2214.9,6.81,52242.75,234266.95,-182024.2,12.4,8.6
2412,2023,Kharif,Rice,Chhattisgarh,Medium,0.83,Black,6.38,Traditional,Borewell,829.8,29.0,74.0,187.6,4.26,521.2,0.899,358.0,,3.89,1611.4,8.52,5734.28,53321.36,-47587.08,47.6,50.6
2413,2021,Zaid,Mustard,Bihar,Small,1.89,Clay,6.29,High-Yield Variety,Canal,126.8,30.7,52.2,75.0,4.12,328.3,0.644,240.0,2.114,3.99,1736.7,8.94,6310.05,80085.44,-73775.39,35.9,33.1
2414,2021,Kharif,Wheat,Jharkhand,Medium,1.08,Clay,6.29,High-Yield Variety,Canal,765.9,30.7,84.6,164.7,3.8,530.6,0.973,306.0,5.162,5.58,1737.6,8.42,8879.78,61227.17,-52347.39,38.1,40.1
2415,2024,Rabi,Sugarcane,Bihar,Large,4.45,Sandy,6.6,Traditional,Canal,299.3,20.9,53.9,109.3,2.84,394.7,8.034,284.0,31.709,141.11,2192.5,7.59,285906.21,196630.05,89276.16,15.4,15.5
2416,2023,Rabi,Wheat,Odisha,Small,1.06,Loamy,6.19,High-Yield Variety,Canal,187.9,21.6,54.8,176.4,3.55,282.7,1.606,223.0,4.54,4.81,2221.1,6.17,10023.75,46848.57,-36824.82,23.9,20.7
2417,2022,Rabi,Rice,Punjab,Medium,2.04,Black,6.11,High-Yield Variety,Canal,222.2,16.5,50.8,82.1,5.77,323.5,1.399,232.0,4.524,9.23,1817.7,8.2,15401.73,96556.87,-81155.14,11.3,10.8
2418,2023,Rabi,Barley,Uttar Pradesh,Medium,1.65,Black,6.51,Traditional,Rainfed,163.2,21.6,55.1,,3.61,134.2,2.74,260.0,3.676,6.07,2101.2,6.05,11982.42,75837.92,-63855.5,24.2,14.7
2419,2021,Kharif,Barley,Bihar,Medium,3.62,Black,7.11,Traditional,Borewell,911.6,28.1,82.3,142.3,6.09,589.4,0.812,341.0,4.787,17.33,1997.4,5.23,32804.47,182444.71,-149640.24,39.9,35.8
2420,2021,Zaid,Groundnut,Assam,Small,1.4,Sandy,7.06,Traditional,Rainfed,174.6,31.3,40.6,131.4,2.67,198.1,1.459,340.0,2.89,4.05,1526.7,11.09,5497.33,65626.33,-60129.0,38.8,39.8
2421,2021,Rabi,Soybean,Punjab,Small,3.49,Black,6.55,High-Yield Variety,Drip,338.5,21.0,48.6,74.5,3.69,216.3,1.825,412.0,,13.78,2078.4,10.61,25602.16,158004.62,-132402.46,4.3,4.7
2422,2022,Kharif,Soybean,Uttar Pradesh,Small,0.49,Clay,6.68,High-Yield Variety,Canal,728.7,29.2,79.9,155.3,3.64,540.3,0.886,201.0,4.785,2.34,1736.6,8.75,3707.8,31455.2,-27747.4,46.5,37.8
2423,2021,Rabi,Maize,Odisha,Small,2.42,Alluvial,6.13,High-Yield Variety,Borewell,175.2,19.2,66.8,,4.97,382.4,1.368,324.0,5.23,12.66,1961.1,7.21,23037.0,115673.27,-92636.27,26.0,21.0
2424,2022,Rabi,Wheat,Jharkhand,Small,1.54,Sandy,7.84,High-Yield Variety,Canal,120.6,23.3,58.0,109.6,2.34,269.3,1.96,239.0,5.277,8.13,2219.7,7.37,16716.24,76489.29,-59773.05,21.8,16.8
2425,2022,Rabi,Rice,Punjab,Large,2.86,Alluvial,6.88,Traditional,Sprinkler,178.1,20.0,57.4,88.5,2.22,294.6,1.81,261.0,5.334,15.25,2131.1,3.9,31231.82,126360.17,-95128.35,30.4,18.5
2426,2021,Rabi,Mustard,Odisha,Small,3.44,Sandy,6.99,High-Yield Variety,Borewell,226.4,25.1,60.9,165.2,4.82,428.8,0.564,165.0,2.419,8.32,1916.5,9.29,14464.34,146844.55,-132380.21,26.2,28.4
2427,2024,Rabi,Groundnut,West Bengal,Large,3.73,Clay,6.53,High-Yield Variety,Borewell,75.6,17.1,45.7,114.9,3.52,282.0,1.198,423.0,3.377,12.6,1870.9,3.6,22724.61,162335.2,-139610.59,12.8,10.2
2428,2023,Rabi,Rice,Jharkhand,Large,0.87,Black,7.02,High-Yield Variety,Drip,167.2,21.1,54.3,63.2,3.09,173.9,3.217,186.0,5.593,4.87,2034.0,4.82,9428.36,45240.07,-35811.71,11.0,11.1
2429,2022,Zaid,Wheat,Jharkhand,Small,1.94,Sandy,6.69,High-Yield Variety,Canal,67.3,35.5,42.8,133.4,3.96,264.0,1.615,284.0,4.265,8.27,1664.6,7.42,12745.69,84835.26,-72089.57,11.8,9.8
2430,2022,Kharif,Mustard,Odisha,Large,5.76,Clay,6.25,High-Yield Variety,Canal,814.8,28.0,82.0,129.7,4.43,546.3,0.557,391.0,3.045,17.54,1825.2,2.48,31219.06,278367.4,-247148.34,34.0,37.0
2431,2021,Rabi,Maize,Punjab,Large,2.86,Clay,6.81,High-Yield Variety,Canal,196.2,21.4,56.5,110.7,4.25,341.4,1.765,255.0,6.025,17.23,1973.5,5.96,31978.69,119263.21,-87284.52,23.5,20.0
2432,2021,Kharif,Wheat,Odisha,Small,2.61,Sandy,7.2,Traditional,Canal,732.3,28.1,84.1,118.0,6.08,435.9,1.214,288.0,5.291,13.81,1808.2,10.47,22357.94,125327.85,-102969.91,41.7,37.1
2433,2023,Rabi,Sugarcane,Assam,Medium,5.84,Black,7.61,High-Yield Variety,Sprinkler,227.9,23.3,50.1,133.5,3.25,231.2,14.64,327.0,33.851,197.69,,5.54,413952.58,256523.36,157429.22,21.3,16.2
2434,2024,Rabi,Wheat,West Bengal,Medium,1.7,Loamy,5.49,Traditional,Canal,201.2,21.8,58.2,115.4,4.53,348.0,1.24,291.0,4.316,7.34,2271.6,6.09,15658.28,82256.19,-66597.91,29.5,23.1
2435,2022,Zaid,Maize,Odisha,Medium,2.59,Alluvial,7.43,Traditional,Canal,5.0,29.9,50.7,98.8,5.37,199.5,2.277,388.0,4.542,11.76,1693.7,7.61,18401.83,117688.36,-99286.53,23.2,25.3
2436,2024,Zaid,Wheat,Jharkhand,Small,2.15,Loamy,6.76,Traditional,Drip,45.5,38.8,56.2,104.5,1.68,158.6,2.901,279.0,4.602,9.89,1762.2,11.91,15352.48,92314.41,-76961.93,27.2,23.2
2437,2022,Zaid,Groundnut,West Bengal,Small,0.86,Loamy,6.48,Traditional,Rainfed,75.0,33.9,35.8,80.5,4.07,174.0,1.477,279.0,2.57,2.21,1787.9,7.43,3657.87,43455.38,-39797.51,34.2,20.7
2438,2024,Rabi,Soybean,Bihar,Large,3.17,Alluvial,6.29,High-Yield Variety,Canal,223.2,22.0,52.7,113.4,2.75,275.8,1.518,297.0,4.185,13.27,2245.8,10.32,26727.03,137614.28,-110887.25,19.3,18.4
2439,2022,Rabi,Barley,Chhattisgarh,Small,1.28,Clay,6.04,High-Yield Variety,Borewell,250.6,22.0,47.7,119.9,2.97,381.5,1.022,252.0,3.899,4.99,2403.2,8.59,10961.34,65349.1,-54387.76,17.6,17.4
2440,2024,Rabi,Mustard,Bihar,Small,2.0,Clay,7.59,High-Yield Variety,Canal,83.5,21.2,54.8,101.2,2.99,258.8,1.497,354.0,3.874,7.75,2183.8,5.51,15991.86,89790.98,-73799.12,31.1,23.4
2441,2021,Kharif,Barley,Jharkhand,Small,0.73,Alluvial,,High-Yield Variety,Rainfed,709.2,30.8,78.8,153.6,5.48,279.9,1.592,254.0,4.455,3.25,1798.7,7.17,5426.61,37814.72,-32388.11,19.2,12.8
2442,2022,Rabi,Rice,Uttar Pradesh,Small,2.24,Clay,5.74,High-Yield Variety,Borewell,208.5,22.3,57.3,134.6,4.39,381.0,1.317,330.0,5.017,11.24,1960.6,9.47,19950.61,102696.26,-82745.65,22.0,15.7
2443,2022,Rabi,Wheat,Assam,Large,0.85,Sandy,6.42,High-Yield Variety,Drip,265.5,18.4,70.6,93.9,4.7,276.5,1.859,257.0,5.141,4.37,1941.2,2.34,8284.8,47551.63,-39266.83,23.9,20.7
2444,2022,Kharif,Groundnut,Uttar Pradesh,Small,2.05,Clay,6.31,High-Yield Variety,Sprinkler,843.4,28.1,70.7,174.3,4.0,418.8,1.078,226.0,4.514,9.25,1789.0,9.68,14946.32,101139.85,-86193.53,31.1,20.5
2445,2023,Rabi,Mustard,Odisha,Small,3.01,Clay,6.66,High-Yield Variety,Borewell,192.8,26.3,61.7,122.2,3.61,443.9,0.631,499.0,2.799,8.43,1939.8,11.15,14529.42,144380.67,-129851.25,29.3,24.5
2446,2024,Zaid,Mustard,Bihar,Medium,2.24,Alluvial,6.63,High-Yield Variety,Borewell,77.9,35.8,46.1,171.6,3.19,287.8,0.705,361.0,2.03,4.55,1860.2,4.61,8073.84,100478.79,-92404.95,30.6,28.7
2447,2021,Zaid,Mustard,Punjab,Large,2.9,Clay,6.54,High-Yield Variety,Drip,121.3,33.4,44.3,118.1,2.74,185.1,1.196,289.0,2.215,6.42,1765.1,3.43,10943.37,125678.58,-114735.21,12.3,12.6
2448,2021,Zaid,Barley,Assam,Small,3.36,Clay,6.58,High-Yield Variety,Borewell,62.1,32.8,47.6,,1.99,294.7,1.117,318.0,3.293,11.06,1468.6,11.19,14425.42,146972.74,-132547.32,20.2,16.0
2449,2024,Kharif,Rice,Bihar,Small,1.46,Sandy,6.75,High-Yield Variety,Canal,778.2,31.1,72.6,113.6,3.59,511.6,1.28,321.0,6.546,9.56,1747.3,8.55,15275.65,72852.7,-57577.05,31.3,31.4
2450,2021,Zaid,Mustard,Jharkhand,Small,1.45,Black,6.59,High-Yield Variety,Drip,139.0,34.8,49.4,162.8,1.86,197.7,1.098,377.0,2.171,3.15,1963.9,10.59,5531.43,75854.85,-70323.42,24.3,21.0
2451,2023,Rabi,Sugarcane,Bihar,Medium,2.16,Sandy,7.04,Traditional,Canal,239.2,19.0,70.8,98.0,2.73,295.5,10.79,341.0,31.887,68.88,2150.3,6.39,138645.71,99355.46,39290.25,26.1,18.4
2452,2022,Zaid,Sugarcane,Jharkhand,Medium,4.66,Alluvial,6.81,High-Yield Variety,Canal,22.1,31.9,48.2,83.8,2.88,163.7,15.067,298.0,24.666,114.94,,1.57,208783.0,192389.26,16393.74,12.5,12.7
2453,2024,Kharif,Barley,Odisha,Medium,2.41,Black,6.56,Traditional,Rainfed,738.5,29.1,77.6,119.2,3.14,277.5,1.464,304.0,4.063,9.79,1729.5,3.26,16380.88,119388.81,-103007.93,34.1,31.3
2454,2021,Kharif,Maize,West Bengal,Small,4.01,Sandy,6.73,Traditional,Canal,787.4,28.5,87.6,102.7,3.62,541.7,1.163,383.0,6.3,25.26,1816.6,8.91,41801.6,198425.68,-156624.08,41.9,45.8
2455,2021,Kharif,Sugarcane,Bihar,Small,3.47,Clay,6.29,High-Yield Variety,Borewell,789.8,24.8,74.9,119.0,2.68,621.5,5.511,423.0,34.249,118.85,1849.0,7.04,204276.21,172846.4,31429.81,31.3,25.1
2456,2024,Kharif,Mustard,Jharkhand,Small,3.28,Alluvial,6.1,High-Yield Variety,Drip,755.7,25.6,82.1,117.9,3.57,375.2,0.756,304.0,2.838,9.31,1505.3,11.48,12406.05,164197.84,-151791.79,38.3,34.3
2457,2024,Zaid,Wheat,Assam,Small,2.84,Sandy,6.94,Traditional,Borewell,52.4,31.6,41.4,92.3,4.82,287.4,1.387,177.0,3.984,11.32,1761.6,8.98,18151.63,123275.13,-105123.5,21.5,21.8
2458,2024,Zaid,Sugarcane,Punjab,Large,3.1,Loamy,7.41,High-Yield Variety,Borewell,116.4,35.9,43.6,103.0,4.08,300.0,7.858,291.0,23.576,73.09,1750.7,1.08,126577.47,138108.96,-11531.49,22.4,14.9
2459,2021,Rabi,Sugarcane,Uttar Pradesh,Medium,3.76,Loamy,6.73,Traditional,Rainfed,166.3,22.1,56.8,150.8,4.5,173.3,14.452,335.0,25.043,94.16,1917.1,7.72,166576.72,164661.06,1915.66,26.3,25.9
2460,2023,Zaid,Wheat,Assam,Medium,1.82,Black,7.5,Traditional,Canal,36.5,31.9,45.0,93.9,3.66,231.3,1.952,305.0,4.515,8.22,1637.8,7.87,12403.31,82956.7,-70553.39,37.3,32.7
2461,2023,Kharif,Mustard,West Bengal,Small,2.87,Black,6.0,High-Yield Variety,Canal,803.8,29.2,71.4,127.4,5.37,524.2,0.676,366.0,3.544,10.17,2077.9,2.06,20698.33,144968.9,-124270.57,31.8,23.6
2462,2022,Kharif,Maize,Assam,Medium,1.36,Black,6.83,High-Yield Variety,Canal,811.9,28.0,81.1,179.0,2.15,441.9,1.576,340.0,6.963,9.47,2135.9,10.68,18066.0,78608.5,-60542.5,30.2,23.4
2463,2021,Kharif,Mustard,Uttar Pradesh,Small,1.01,Clay,5.47,High-Yield Variety,Canal,727.7,24.9,78.5,139.3,5.67,539.4,0.608,298.0,3.282,3.31,1815.2,6.2,5635.57,53612.22,-47976.65,45.0,44.8
2464,2024,Kharif,Maize,Chhattisgarh,Small,2.43,Clay,6.5,High-Yield Variety,Sprinkler,868.3,25.3,79.1,115.0,3.9,412.3,1.69,371.0,6.968,16.93,1965.9,7.35,30837.37,128563.02,-97725.65,30.4,21.7
2465,2022,Kharif,Barley,Jharkhand,Medium,1.71,Black,6.58,Traditional,Rainfed,830.8,30.0,79.9,,1.86,303.1,1.458,397.0,4.418,7.55,1790.7,3.52,13043.27,84092.43,-71049.16,47.9,43.7
2466,2024,Rabi,Rice,Assam,Medium,4.45,Loamy,5.83,High-Yield Variety,Rainfed,285.5,20.1,57.1,177.0,2.41,236.7,1.704,337.0,4.032,17.94,2275.3,5.51,38568.32,199537.33,-160969.01,21.1,16.3
2467,2024,Zaid,Wheat,Uttar Pradesh,Large,4.32,Loamy,6.59,Traditional,Rainfed,5.0,33.8,56.4,74.0,6.03,118.5,2.599,457.0,3.079,13.3,1723.6,0.5,22808.7,184670.86,-161862.16,17.9,12.2
2468,2023,Zaid,Sugarcane,West Bengal,Large,2.74,Loamy,6.11,High-Yield Variety,Canal,178.6,35.8,50.3,133.6,3.73,335.6,7.473,479.0,25.08,68.72,1633.5,7.24,104128.73,121686.81,-17558.08,23.6,20.8
2469,2021,Rabi,Sugarcane,Chhattisgarh,Large,1.3,Clay,7.23,High-Yield Variety,Borewell,140.4,19.7,56.0,134.0,2.47,394.4,7.702,378.0,30.377,39.49,1999.9,1.1,78111.73,59664.32,18447.41,16.6,14.9
2470,2023,Rabi,Sugarcane,West Bengal,Small,2.71,Alluvial,6.42,High-Yield Variety,Rainfed,257.4,20.7,61.5,155.2,3.29,217.6,11.074,301.0,24.1,65.31,2273.2,6.86,138281.31,120396.52,17884.79,14.4,9.8
2471,2024,Kharif,Maize,Jharkhand,Small,3.1,Alluvial,6.01,High-Yield Variety,Drip,797.6,29.1,79.7,143.4,3.12,383.6,1.903,431.0,7.302,22.64,2015.1,7.25,42316.49,162523.12,-120206.63,49.0,33.0
2472,2022,Rabi,Groundnut,Bihar,Small,3.53,Alluvial,6.71,High-Yield Variety,Canal,243.3,21.9,59.2,116.1,1.58,402.7,1.047,264.0,4.216,14.88,2108.8,8.83,28609.82,157531.8,-128921.98,12.6,9.5
2473,2023,Kharif,Soybean,Punjab,Medium,2.17,Clay,6.44,High-Yield Variety,Borewell,733.6,25.3,78.6,125.4,6.46,578.2,0.662,404.0,3.829,8.31,2096.9,5.21,16516.96,108809.7,-92292.74,43.4,44.5
2474,2024,Zaid,Soybean,Jharkhand,Small,1.29,Loamy,5.78,High-Yield Variety,Borewell,80.9,32.9,44.6,77.7,3.28,337.4,0.856,328.0,2.889,3.73,1879.3,6.06,6584.72,51429.53,-44844.81,23.7,18.7
2475,2024,Kharif,Soybean,Punjab,Large,1.54,Clay,6.75,High-Yield Variety,Rainfed,801.4,31.1,71.4,86.7,4.22,279.1,1.472,320.0,4.109,6.33,1873.8,7.19,11008.85,82069.09,-71060.24,25.2,24.2
2476,2022,Kharif,Mustard,Bihar,Large,3.18,Alluvial,6.9,High-Yield Variety,Canal,771.2,22.1,78.4,180.8,5.03,415.0,0.765,266.0,3.176,10.1,1722.5,8.3,15953.18,162611.25,-146658.07,35.8,31.6
2477,2024,Rabi,Soybean,Chhattisgarh,Large,1.78,Loamy,6.97,High-Yield Variety,Borewell,279.6,18.4,62.4,87.6,2.32,373.1,0.904,301.0,3.374,6.01,2112.5,7.64,11725.41,82065.3,-70339.89,18.7,16.3
2478,2024,Zaid,Wheat,Uttar Pradesh,Large,1.7,Alluvial,6.31,Traditional,Rainfed,164.6,34.6,47.7,84.0,3.99,170.2,1.965,135.0,3.345,5.69,1922.9,5.99,10286.28,67600.18,-57313.9,32.3,29.0
2479,2023,Rabi,Maize,Assam,Small,1.57,Sandy,6.61,High-Yield Variety,Rainfed,175.8,22.4,56.8,168.0,3.06,194.2,2.276,372.0,4.42,6.94,1874.7,2.98,12622.81,74169.7,-61546.89,14.8,15.9
2480,2024,Kharif,Groundnut,Odisha,Large,3.88,Sandy,7.08,Traditional,Drip,792.5,29.6,78.5,166.8,6.57,328.7,1.585,272.0,5.21,20.22,1897.0,7.59,35444.92,191861.26,-156416.34,37.7,28.7
2481,2024,Kharif,Maize,Bihar,Large,2.56,Sandy,6.06,Traditional,Canal,731.0,30.7,89.6,173.1,2.35,483.7,1.324,267.0,6.406,16.4,1831.9,9.39,27222.41,121459.39,-94236.98,41.2,37.7
2482,2022,Rabi,Barley,Odisha,Medium,2.29,Black,5.72,High-Yield Variety,Canal,211.0,16.9,58.2,122.0,3.53,273.7,1.51,344.0,4.133,9.46,2169.9,3.71,19765.3,107253.18,-87487.88,21.7,13.9
2483,2022,Kharif,Groundnut,Chhattisgarh,Small,2.48,Sandy,6.55,Traditional,Drip,885.8,29.1,74.0,174.7,4.9,350.7,1.168,227.0,4.094,10.15,1537.0,10.78,13919.07,133050.91,-119131.84,45.4,47.2
2484,2023,Zaid,Sugarcane,Uttar Pradesh,Small,2.2,Clay,6.61,High-Yield Variety,Canal,,32.4,41.8,99.8,2.92,311.9,8.05,309.0,25.108,55.24,1728.1,4.75,90925.34,95545.82,-4620.48,23.0,17.5
2485,2022,Kharif,Sugarcane,Punjab,Small,1.67,Sandy,6.35,High-Yield Variety,Rainfed,741.5,26.1,76.8,143.0,5.5,274.0,10.102,303.0,27.676,46.22,1838.3,0.85,84244.53,87218.12,-2973.59,29.2,24.7
2486,2022,Rabi,Barley,Assam,Small,3.18,Alluvial,6.76,High-Yield Variety,Canal,,21.3,52.1,162.9,4.57,283.8,1.645,184.0,4.667,14.84,2117.5,8.62,28714.82,139219.95,-110505.13,16.9,13.5
2487,2022,Kharif,Mustard,Bihar,Small,3.59,Alluvial,6.7,Traditional,Canal,841.4,29.5,69.1,98.3,4.85,547.8,0.596,170.0,3.266,11.72,1677.2,6.54,18371.41,168824.42,-150453.01,42.6,25.6
2488,2024,Rabi,Barley,Assam,Medium,2.26,Alluvial,6.44,Traditional,Drip,183.5,23.6,50.9,125.9,3.3,184.9,2.309,295.0,4.27,9.65,2056.9,7.49,18363.09,99070.28,-80707.19,22.0,19.8
2489,2022,Zaid,Maize,Punjab,Small,2.6,Loamy,6.15,Traditional,Borewell,221.1,30.9,49.6,149.0,1.53,357.2,1.326,303.0,4.737,12.32,1639.6,8.73,18436.05,110457.88,-92021.83,28.5,28.9
2490,2024,Rabi,Barley,Uttar Pradesh,Medium,3.18,Loamy,6.6,Traditional,Borewell,237.7,16.7,67.6,159.5,2.39,373.7,1.208,310.0,4.513,14.35,2126.9,4.32,29201.66,139431.22,-110229.56,16.6,17.1
2491,2024,Rabi,Mustard,Uttar Pradesh,Medium,1.9,Black,6.8,High-Yield Variety,Borewell,155.2,21.2,55.1,124.7,6.05,264.2,0.973,305.0,2.57,4.88,2104.2,3.1,9950.79,95268.43,-85317.64,6.1,6.6
2492,2022,Rabi,Sugarcane,Assam,Medium,1.11,Black,6.52,High-Yield Variety,,149.8,18.5,46.7,113.7,2.57,327.6,9.244,214.0,30.287,33.62,2119.9,7.67,65803.88,50121.57,15682.31,16.7,10.1
2493,2024,Kharif,Maize,Chhattisgarh,Medium,3.15,Clay,6.74,High-Yield Variety,Rainfed,724.0,26.1,85.2,154.9,4.45,267.2,1.887,265.0,5.043,15.89,1637.6,6.88,24229.28,159579.16,-135349.88,37.1,22.2
2494,2024,Kharif,Sugarcane,Assam,Small,1.4,Loamy,5.73,High-Yield Variety,Rainfed,859.3,29.3,87.3,143.4,5.65,311.9,8.826,303.0,27.525,38.54,2015.0,5.06,73727.69,74438.83,-711.14,42.6,44.1
2495,2023,Rabi,Soybean,Assam,Medium,1.59,Clay,6.47,High-Yield Variety,Drip,,20.7,69.1,166.9,3.62,197.6,2.473,211.0,4.886,7.77,,8.35,14317.22,77334.68,-63017.46,15.0,15.7
2496,2022,Kharif,Wheat,West Bengal,Small,2.53,Clay,7.51,High-Yield Variety,Rainfed,800.8,30.8,72.3,148.9,3.13,282.1,1.596,274.0,4.502,11.39,1819.3,10.07,18634.37,130591.54,-111957.17,33.8,31.1
2497,2022,Kharif,Groundnut,Jharkhand,Medium,3.99,Black,7.27,Traditional,Rainfed,731.5,24.3,83.1,170.6,1.86,292.6,0.978,328.0,2.861,11.41,1849.6,5.65,19911.41,190060.9,-170149.49,52.8,54.8
2498,2022,Kharif,Sugarcane,Odisha,Small,1.54,Black,6.94,Traditional,Sprinkler,656.4,29.3,90.6,101.7,4.67,390.3,9.548,263.0,37.267,57.39,2166.2,10.61,111123.28,72896.57,38226.71,24.3,23.2
2499,2021,Rabi,Wheat,Chhattisgarh,Small,1.71,Alluvial,6.08,High-Yield Variety,Drip,272.1,19.4,68.1,152.0,2.12,262.8,2.084,304.0,5.478,9.37,2308.3,5.32,20477.77,79687.58,-59209.81,22.2,19.2
2500,2024,Kharif,Soybean,Bihar,Medium,0.58,Clay,6.64,Traditional,Canal,844.7,26.2,82.7,122.9,3.8,531.4,0.92,300.0,4.892,2.84,1856.3,10.75,4705.43,37111.7,-32406.27,39.8,30.0
2501,2022,Kharif,Mustard,Bihar,Medium,0.99,Black,5.86,High-Yield Variety,Drip,882.6,30.5,76.6,160.4,3.67,368.0,0.908,291.0,3.34,3.31,1741.1,7.51,5330.13,55481.28,-50151.15,50.1,46.0
2502,2023,Rabi,Maize,Punjab,Large,0.83,Clay,6.56,Traditional,Rainfed,203.5,23.0,67.2,158.4,2.3,210.9,2.258,447.0,4.76,3.95,2292.3,6.75,8443.69,52918.85,-44475.16,20.1,19.0
2503,2023,Rabi,Sugarcane,West Bengal,Small,2.27,Black,6.6,High-Yield Variety,Canal,105.7,19.4,63.8,138.6,3.46,322.0,9.827,327.0,31.644,71.83,2077.6,10.74,133213.64,104478.91,28734.73,8.1,7.4
2504,2022,Kharif,Barley,Bihar,Medium,2.78,Black,6.3,High-Yield Variety,Rainfed,752.8,27.5,82.5,103.2,3.64,292.2,1.234,346.0,3.606,10.03,2029.1,9.89,18339.24,136004.93,-117665.69,42.6,40.7
2505,2023,Zaid,Maize,Chhattisgarh,Small,2.67,Loamy,7.18,High-Yield Variety,Borewell,8.1,34.0,35.2,128.0,3.57,345.5,1.35,366.0,4.664,12.45,1704.9,7.4,19654.26,117946.99,-98292.73,27.1,28.7
2506,2024,Rabi,Soybean,Chhattisgarh,Medium,2.56,Black,7.05,Traditional,Sprinkler,139.6,26.1,72.2,89.1,2.17,238.6,1.756,278.0,4.189,10.72,2123.1,6.18,21352.6,113180.05,-91827.45,18.2,16.1
2507,2022,Kharif,Barley,Chhattisgarh,Small,2.55,Loamy,6.25,High-Yield Variety,Borewell,796.8,32.9,69.4,167.5,3.76,545.1,0.854,373.0,4.652,11.86,1808.5,9.78,19350.85,134308.57,-114957.72,44.9,46.9
2508,2021,Zaid,Soybean,Assam,Small,2.92,Alluvial,5.96,High-Yield Variety,Drip,122.3,33.9,43.0,131.1,2.88,214.5,1.442,411.0,3.093,9.03,1781.4,8.12,14779.2,125966.88,-111187.68,41.0,25.3
2509,2022,Kharif,Rice,Odisha,Small,1.13,Black,6.98,Traditional,Sprinkler,765.1,26.2,78.6,145.2,5.01,373.5,1.777,388.0,6.636,7.5,,8.69,11035.83,66799.0,-55763.17,38.1,36.9
2510,2021,Kharif,Maize,Jharkhand,Medium,2.74,Loamy,6.79,High-Yield Variety,Rainfed,826.2,27.0,77.1,176.6,4.39,309.6,1.643,317.0,5.086,13.94,1606.4,6.95,20836.85,138568.47,-117731.62,25.7,26.6
2511,2021,Kharif,Barley,Assam,Medium,1.32,Loamy,7.28,Traditional,Drip,876.8,27.2,67.8,181.6,4.03,408.5,1.569,237.0,6.408,8.46,1696.5,0.5,14280.23,75500.26,-61220.03,42.6,41.7
2512,2021,Kharif,Mustard,Punjab,Medium,1.94,Black,7.42,High-Yield Variety,Canal,752.5,28.6,77.5,126.3,2.35,520.9,0.784,313.0,4.082,7.92,2041.7,5.39,15298.53,94968.7,-79670.17,36.4,37.7
2513,2024,Kharif,Soybean,Chhattisgarh,Medium,2.51,Alluvial,6.11,Traditional,Drip,802.6,26.3,79.8,110.3,4.06,308.6,1.484,160.0,4.578,11.49,1907.1,6.56,20475.71,119010.18,-98534.47,42.9,44.1
2514,2022,Rabi,Soybean,Uttar Pradesh,Small,2.67,Alluvial,6.68,High-Yield Variety,Canal,151.1,23.9,58.7,96.8,1.9,282.2,1.426,338.0,4.023,10.74,2006.9,4.79,20522.53,123506.95,-102984.42,15.1,9.8
2515,2024,Rabi,Maize,Odisha,Small,2.94,Clay,6.61,Traditional,Canal,138.1,23.8,67.1,72.3,2.61,284.0,2.045,327.0,5.807,17.07,1593.8,10.33,24393.9,131312.44,-106918.54,18.0,19.6
2516,2021,Zaid,Maize,Uttar Pradesh,Small,1.04,Alluvial,6.67,Traditional,Borewell,40.2,35.2,54.3,149.0,1.99,364.9,0.994,215.0,3.626,3.77,1728.5,7.63,6019.26,51846.64,-45827.38,50.1,54.0
2517,2021,Rabi,Groundnut,Chhattisgarh,Medium,0.69,Sandy,6.64,Traditional,Borewell,242.1,23.2,48.3,80.6,3.49,455.6,0.846,337.0,3.856,2.66,2123.1,6.05,5305.85,42594.62,-37288.77,28.2,27.2
2518,2024,Rabi,Groundnut,Punjab,Large,1.87,Loamy,7.09,High-Yield Variety,Canal,214.8,20.8,60.5,130.1,1.97,303.2,1.393,250.0,4.223,7.9,2251.6,6.91,16559.32,86120.62,-69561.3,19.0,14.0
2519,2021,Zaid,Soybean,Uttar Pradesh,Small,5.78,Black,6.09,Traditional,Borewell,57.3,31.6,41.4,102.6,2.55,288.1,0.872,292.0,2.514,14.53,1615.6,3.41,22674.79,241655.06,-218980.27,38.8,35.7
2520,2021,Rabi,Rice,Jharkhand,Small,4.61,Black,7.0,High-Yield Variety,Borewell,188.6,24.6,60.0,139.9,3.12,330.4,1.642,464.0,5.424,25.0,2260.3,8.27,51835.17,196930.19,-145095.02,14.7,10.7
2521,2022,Zaid,Rice,Punjab,Small,0.9,Alluvial,7.41,High-Yield Variety,Canal,102.7,37.4,48.1,148.5,3.25,331.8,1.429,232.0,4.743,4.27,1761.1,8.21,6902.99,47494.29,-40591.3,20.5,13.9
2522,2023,Rabi,Barley,Bihar,Small,1.62,Alluvial,5.68,Traditional,Canal,252.7,20.2,64.2,188.0,2.73,307.4,1.313,280.0,4.037,6.54,2037.3,5.94,12532.67,78777.53,-66244.86,35.8,25.1
2523,2024,Zaid,Maize,Bihar,Small,2.05,Black,6.74,High-Yield Variety,Borewell,23.7,34.6,53.9,136.7,3.2,285.0,1.383,297.0,3.943,8.08,1531.6,6.15,11613.78,89429.64,-77815.86,17.3,17.0
2524,2021,Kharif,Barley,Assam,Small,1.2,Black,6.07,High-Yield Variety,Drip,770.9,28.2,80.2,138.9,4.33,322.1,1.581,281.0,5.094,6.11,1636.3,6.64,9333.43,63714.94,-54381.51,46.9,46.8
2525,2022,Kharif,Barley,Jharkhand,Medium,4.83,Loamy,6.03,Traditional,Rainfed,697.5,31.4,87.2,177.9,4.19,269.5,1.475,327.0,3.976,19.2,1719.3,8.03,30360.01,240468.19,-210108.18,36.9,31.5
2526,2022,Rabi,Maize,Uttar Pradesh,Medium,2.22,Sandy,7.27,Traditional,Borewell,238.8,23.6,56.4,90.0,4.05,404.7,1.27,321.0,5.141,11.41,2014.2,5.86,21635.29,109794.11,-88158.82,34.2,35.4
2527,2021,Rabi,Wheat,Jharkhand,Small,0.57,Alluvial,6.86,Traditional,Borewell,162.9,19.5,51.1,141.7,4.44,433.0,1.026,290.0,4.441,2.53,2026.7,7.46,4745.06,37793.21,-33048.15,31.8,27.8
2528,2022,Rabi,Sugarcane,Assam,Large,1.06,Alluvial,6.93,Traditional,Canal,238.3,21.5,61.6,132.0,3.97,300.5,10.695,329.0,32.14,34.07,2005.6,5.55,64536.81,57475.85,7060.96,13.7,9.0
2529,2022,Kharif,Maize,Bihar,Medium,2.88,Black,6.32,High-Yield Variety,Borewell,871.7,27.5,84.5,155.6,5.01,547.3,1.114,236.0,6.095,17.55,1721.3,7.03,28084.68,146481.8,-118397.12,41.9,36.8
2530,2023,Rabi,Groundnut,Odisha,Medium,0.61,Clay,6.27,High-Yield Variety,Rainfed,129.0,24.3,56.2,100.8,3.89,163.7,1.748,381.0,2.862,1.75,2078.8,13.5,3146.62,27905.98,-24759.36,21.5,19.2
2531,2022,Kharif,Sugarcane,West Bengal,Medium,1.01,Loamy,7.1,High-Yield Variety,Borewell,876.8,33.8,80.7,135.0,4.68,588.3,5.774,329.0,33.967,34.31,1667.7,0.5,56934.27,51739.63,5194.64,32.9,21.1
2532,2024,Zaid,Wheat,Uttar Pradesh,Medium,2.93,Clay,6.37,Traditional,Borewell,43.3,35.2,51.8,138.2,2.64,265.8,1.314,293.0,3.493,10.23,1847.0,6.84,17602.86,123059.95,-105457.09,28.8,31.1
2533,2024,Kharif,Mustard,Punjab,Small,3.57,Sandy,6.71,High-Yield Variety,Rainfed,810.3,27.9,76.9,190.1,4.91,266.4,0.898,322.0,2.391,8.54,1711.0,4.88,13899.47,178869.71,-164970.24,39.9,27.8
2534,2024,Kharif,Maize,Chhattisgarh,Small,2.18,Sandy,6.53,High-Yield Variety,,796.9,29.3,77.8,95.5,3.65,327.4,2.119,276.0,6.939,15.13,1712.6,7.13,24063.54,105903.64,-81840.1,35.9,22.3
2535,2022,Kharif,Groundnut,Punjab,Large,2.34,Alluvial,6.31,High-Yield Variety,Borewell,817.1,30.1,79.8,177.0,5.48,650.0,0.428,187.0,2.781,6.51,2019.0,4.14,12598.97,123165.53,-110566.56,36.7,32.6
2536,2024,Kharif,Wheat,Assam,Small,3.73,Alluvial,6.98,High-Yield Variety,Rainfed,740.0,28.4,89.2,147.1,5.59,297.5,1.41,189.0,4.194,15.64,1843.7,2.93,27990.23,181557.04,-153566.81,55.2,39.7
2537,2023,Rabi,Barley,Assam,Large,1.85,Sandy,6.09,High-Yield Variety,Rainfed,239.1,21.2,64.4,122.7,3.73,192.4,1.486,289.0,2.858,5.29,1919.2,2.76,9871.82,90245.39,-80373.57,18.5,16.6
2538,2023,Kharif,Mustard,Uttar Pradesh,Small,4.7,Clay,6.65,Traditional,Rainfed,739.9,30.8,76.8,149.0,4.48,312.3,0.759,282.0,2.372,11.15,1811.1,3.31,19526.01,220581.66,-201055.65,39.8,29.7
2539,2024,Kharif,Rice,West Bengal,Small,1.25,Alluvial,6.21,Traditional,Canal,786.0,30.3,81.9,175.7,2.73,512.3,1.186,255.0,6.076,7.6,1821.5,7.69,12778.47,68288.0,-55509.53,31.0,26.4
2540,2021,Kharif,Barley,Chhattisgarh,Small,3.65,Sandy,6.58,High-Yield Variety,Canal,785.5,27.3,83.7,174.6,6.18,486.1,0.99,206.0,4.813,17.57,,4.39,33404.19,172378.89,-138974.7,35.8,29.5
2541,2021,Kharif,Soybean,Bihar,Small,3.93,Black,6.24,Traditional,Rainfed,763.1,27.5,81.0,107.7,3.09,284.4,0.965,293.0,2.744,10.79,2056.0,11.27,19684.36,191775.84,-172091.48,45.9,34.9
2542,2022,Zaid,Barley,Jharkhand,Medium,3.37,Sandy,6.6,High-Yield Variety,Borewell,81.0,34.1,48.1,104.2,3.71,360.4,0.876,404.0,3.158,10.64,1534.5,5.83,15375.59,137472.67,-122097.08,18.3,16.1
2543,2023,Kharif,Groundnut,Chhattisgarh,Small,2.81,Black,6.7,Traditional,Rainfed,820.6,27.4,69.3,131.8,2.72,283.0,1.159,247.0,,9.22,1770.1,10.43,14617.94,133895.41,-119277.47,42.8,41.3
2544,2024,Kharif,Maize,Assam,Small,1.8,Alluvial,7.42,Traditional,Canal,728.2,27.8,82.4,62.3,3.73,530.9,1.277,510.0,6.779,12.2,1766.5,11.71,19027.65,92631.82,-73604.17,48.5,40.7
2545,2023,Rabi,Groundnut,Bihar,Small,3.64,Loamy,6.37,High-Yield Variety,Drip,83.3,18.3,63.2,95.3,4.87,170.2,2.218,319.0,3.774,13.74,2023.1,9.26,25222.9,162820.27,-137597.37,21.2,22.5
2546,2024,Zaid,Soybean,Punjab,Small,1.36,Sandy,5.98,High-Yield Variety,,71.1,33.4,45.0,122.5,3.98,243.8,0.917,347.0,2.235,3.04,1585.0,8.29,4419.05,64443.49,-60024.44,36.2,28.5
2547,2022,Zaid,Sugarcane,Bihar,Small,2.9,Sandy,6.45,High-Yield Variety,Drip,119.3,35.1,40.8,117.2,4.15,188.2,14.602,305.0,27.485,79.71,1720.8,4.47,131037.24,124157.03,6880.21,23.4,15.5
2548,2024,Kharif,Soybean,Punjab,Medium,1.84,Loamy,6.08,Traditional,Borewell,743.0,27.7,86.6,112.6,5.35,541.4,0.747,336.0,4.046,7.44,1902.1,10.72,12634.04,87433.65,-74799.61,35.3,23.3
2549,2021,Kharif,Mustard,West Bengal,Small,2.22,Loamy,6.77,High-Yield Variety,Rainfed,,32.6,83.4,125.1,4.93,260.6,0.925,304.0,2.412,5.35,1793.2,8.59,8769.33,108023.97,-99254.64,42.5,38.7
2550,2024,Rabi,Barley,Assam,Small,1.58,Alluvial,6.33,High-Yield Variety,Canal,242.6,27.6,56.9,94.9,2.23,344.4,1.471,300.0,5.065,8.0,2055.7,9.1,14949.19,69368.59,-54419.4,12.0,9.8
2551,2021,Zaid,Mustard,Bihar,Medium,3.98,Sandy,6.74,High-Yield Variety,Borewell,161.9,31.0,46.7,174.5,2.32,300.3,0.745,235.0,2.236,8.9,1808.3,5.2,15257.21,167344.1,-152086.89,19.8,13.2
2552,2022,Kharif,Sugarcane,West Bengal,Medium,0.99,Sandy,7.68,High-Yield Variety,Borewell,788.3,27.1,87.0,122.7,3.2,554.6,6.284,272.0,34.846,34.5,1690.7,8.15,53578.18,54580.13,-1001.95,48.9,32.2
2553,2024,Zaid,Wheat,Bihar,Medium,2.49,Alluvial,6.67,High-Yield Variety,Rainfed,204.5,36.8,35.0,82.6,4.6,121.8,2.639,259.0,3.215,8.0,1911.6,10.79,13642.76,108735.57,-95092.81,30.9,22.4
2554,2022,Kharif,Groundnut,Punjab,Small,2.32,Loamy,6.35,High-Yield Variety,Canal,862.7,29.3,75.9,134.0,1.03,539.6,0.814,292.0,4.395,10.2,1719.5,8.57,16036.24,110841.83,-94805.59,38.6,39.9
2555,2022,Rabi,Soybean,Jharkhand,Medium,1.24,Black,7.54,High-Yield Variety,Sprinkler,216.1,21.8,47.5,83.2,4.62,289.4,1.558,289.0,4.51,5.59,1906.6,6.81,9931.66,68888.63,-58956.97,10.1,9.6
2556,2022,Rabi,Sugarcane,Assam,Medium,1.93,Clay,6.67,High-Yield Variety,Borewell,190.5,25.8,58.7,92.5,2.76,272.7,10.957,276.0,29.877,57.66,2072.3,7.55,110471.16,95008.44,15462.72,16.8,14.8
2557,2021,Kharif,Groundnut,Uttar Pradesh,Medium,2.17,Black,6.69,High-Yield Variety,Borewell,771.8,28.0,80.8,138.0,5.14,516.6,0.755,152.0,3.902,8.47,1732.7,13.29,12725.78,106529.64,-93803.86,35.0,34.4
2558,2021,Rabi,Mustard,Jharkhand,Small,2.26,Loamy,7.23,Traditional,Borewell,188.3,22.2,56.1,74.8,2.08,315.1,1.124,247.0,3.542,8.01,,6.65,17914.91,107396.9,-89481.99,32.4,25.0
2559,2023,Rabi,Rice,Assam,Small,3.24,Alluvial,5.73,Traditional,Sprinkler,254.3,19.0,59.0,86.9,2.06,231.2,2.516,271.0,5.816,18.84,1948.4,5.79,34581.63,135569.36,-100987.73,15.5,11.1
2560,2022,Kharif,Rice,Jharkhand,Large,1.85,Alluvial,6.87,High-Yield Variety,Drip,809.7,27.1,73.3,205.4,3.52,369.9,1.749,286.0,6.468,11.97,1818.1,6.58,20330.49,102567.13,-82236.64,33.9,24.6
2561,2023,Rabi,Barley,Punjab,Large,2.81,Alluvial,6.75,Traditional,,191.8,21.4,53.7,56.1,0.98,294.0,1.445,312.0,4.249,11.94,1968.6,6.55,21965.95,119581.33,-97615.38,24.4,17.5
2562,2022,Zaid,Maize,Assam,Medium,3.08,Alluvial,6.83,Traditional,Borewell,99.0,36.1,48.3,181.1,1.89,402.4,1.046,254.0,4.21,12.97,1507.5,12.96,17017.63,137658.23,-120640.6,25.5,17.7
2563,2023,Rabi,Barley,Assam,Large,1.85,Sandy,6.09,High-Yield Variety,Rainfed,239.1,21.2,64.4,122.7,3.73,192.4,1.486,289.0,2.858,5.29,1919.2,2.76,9871.82,90245.39,-80373.57,18.5,16.6
2564,2021,Rabi,Maize,Odisha,Small,2.42,Alluvial,6.13,High-Yield Variety,Borewell,175.2,19.2,66.8,,4.97,382.4,1.368,324.0,5.23,12.66,1961.1,7.21,23037.0,115673.27,-92636.27,26.0,21.0
2565,2022,Rabi,Soybean,Uttar Pradesh,Medium,1.27,Sandy,6.91,High-Yield Variety,Rainfed,192.7,23.4,55.7,95.4,3.54,182.1,1.617,273.0,2.944,3.74,2055.3,8.63,7023.76,59691.93,-52668.17,31.3,33.7
2566,2022,Zaid,Soybean,Jharkhand,Medium,2.24,Loamy,7.44,High-Yield Variety,Drip,24.4,33.1,65.1,130.9,3.85,182.1,2.032,213.0,3.699,8.29,1862.4,7.83,14231.41,97241.09,-83009.68,34.1,23.3
2567,2021,Kharif,Maize,Bihar,Small,2.21,Clay,6.66,High-Yield Variety,Drip,800.6,26.5,84.0,157.1,4.65,339.9,2.125,129.0,7.224,15.96,1964.7,8.19,28787.04,113074.17,-84287.13,28.6,17.7
2568,2023,Kharif,Wheat,Assam,Small,3.89,Clay,6.06,High-Yield Variety,Borewell,812.7,27.2,78.6,133.1,4.29,559.5,0.839,273.0,4.695,18.26,,9.61,33585.57,186085.35,-152499.78,48.6,44.3
2569,2021,Kharif,Mustard,Assam,Small,0.92,Black,6.72,Traditional,Borewell,739.5,27.5,74.0,135.2,5.98,485.3,0.601,280.0,2.915,2.68,1905.0,10.9,4548.98,56422.22,-51873.24,54.5,41.0
2570,2023,Rabi,Maize,Bihar,Medium,3.54,Clay,7.39,High-Yield Variety,Drip,385.1,19.6,54.4,111.1,2.24,228.7,3.077,411.0,7.038,24.92,2318.0,6.85,53808.5,157536.76,-103728.26,21.2,18.5
2571,2024,Kharif,Sugarcane,Odisha,Medium,1.99,Alluvial,6.24,High-Yield Variety,Borewell,690.3,23.5,83.1,177.6,3.49,502.6,6.805,393.0,34.202,68.06,1893.8,8.25,118254.25,102167.08,16087.17,28.4,26.6
2572,2024,Kharif,Sugarcane,Odisha,Medium,1.23,Black,7.12,Traditional,Drip,731.0,27.3,88.5,77.2,3.89,340.5,11.799,372.0,40.178,49.42,1898.6,5.37,88787.99,70481.97,18306.02,43.7,46.4
2573,2023,Rabi,Groundnut,Jharkhand,Small,0.79,Alluvial,6.45,Traditional,Canal,296.3,24.2,63.1,155.5,3.18,384.4,0.915,280.0,3.516,2.78,2083.1,7.47,5358.6,37710.16,-32351.56,22.5,15.7
2574,2024,Kharif,Soybean,West Bengal,Medium,0.94,Black,7.11,Traditional,Rainfed,685.8,23.9,70.2,99.2,3.42,261.9,1.517,391.0,3.975,3.74,1845.4,5.89,6495.45,54608.19,-48112.74,36.0,22.3
2575,2022,Zaid,Rice,Jharkhand,Large,2.51,Alluvial,6.79,Traditional,Sprinkler,49.9,34.8,38.2,145.5,2.82,193.5,2.312,286.0,4.474,11.23,1808.7,10.79,18120.4,108934.28,-90813.88,26.4,20.0
2576,2021,Kharif,Rice,Chhattisgarh,Small,2.71,Alluvial,6.5,Traditional,Sprinkler,806.0,27.9,86.9,32.4,1.29,423.0,1.583,261.0,6.697,18.15,1772.0,5.8,30297.01,137663.7,-107366.69,43.5,47.1
2577,2021,Zaid,Wheat,Odisha,Small,4.68,Alluvial,6.4,High-Yield Variety,,100.4,32.4,61.1,65.5,3.85,146.2,2.225,295.0,3.253,15.22,,8.92,21107.96,194916.98,-173809.02,18.5,18.8
2578,2023,Rabi,Groundnut,Jharkhand,Small,4.97,Loamy,7.34,High-Yield Variety,Borewell,262.3,15.1,52.1,135.2,1.42,368.7,1.07,259.0,3.947,19.62,1996.8,5.29,37105.65,209894.76,-172789.11,19.9,14.8
2579,2023,Rabi,Maize,Uttar Pradesh,Medium,1.41,Alluvial,6.9,High-Yield Variety,Drip,165.1,20.3,57.3,104.9,2.6,203.3,3.168,431.0,6.439,9.08,2050.7,7.07,17304.39,71748.39,-54444.0,4.8,3.1
2580,2024,Rabi,Sugarcane,West Bengal,Small,4.1,Clay,6.17,High-Yield Variety,Canal,185.8,20.5,56.7,84.0,3.53,346.1,9.021,310.0,31.225,128.02,2087.4,8.63,244154.58,180860.83,63293.75,24.8,26.6
2581,2024,Rabi,Rice,Bihar,Large,1.63,Loamy,7.15,High-Yield Variety,Canal,129.1,22.6,53.6,68.3,1.56,413.8,1.159,282.0,4.797,7.82,2102.5,4.14,15760.44,78962.76,-63202.32,15.2,9.7
2582,2023,Zaid,Groundnut,Uttar Pradesh,Small,2.41,Clay,6.59,High-Yield Variety,Canal,121.4,29.2,50.0,96.3,2.87,308.0,0.836,429.0,2.573,6.2,1588.2,6.18,9238.46,111385.84,-102147.38,30.1,27.9
2583,2023,Kharif,Maize,Chhattisgarh,Large,1.91,Black,6.11,High-Yield Variety,Rainfed,,31.2,75.7,101.3,3.06,307.7,1.49,358.0,4.585,8.76,1866.9,4.8,15568.76,100919.29,-85350.53,52.8,38.6
2584,2021,Kharif,Wheat,Bihar,Medium,1.78,Clay,7.83,High-Yield Variety,Drip,842.9,30.4,83.2,128.2,4.43,371.2,1.687,276.0,6.261,11.15,1849.5,9.15,18734.47,93147.28,-74412.81,45.7,31.8
2585,2021,Kharif,Groundnut,Uttar Pradesh,Small,1.42,Black,6.05,High-Yield Variety,Sprinkler,792.9,23.9,71.0,92.5,3.07,402.6,0.985,413.0,3.966,5.63,2012.2,8.06,10415.54,79448.22,-69032.68,30.4,19.0
2586,2023,Zaid,Barley,Bihar,Large,2.06,Black,6.07,High-Yield Variety,Rainfed,124.2,30.7,42.3,138.0,4.7,168.2,1.213,305.0,2.04,4.2,1700.5,6.17,6701.7,93215.72,-86514.02,37.5,35.1
2587,2024,Zaid,Barley,Assam,Small,2.44,Black,6.39,Traditional,Rainfed,183.0,33.3,51.5,111.2,2.64,186.1,1.529,257.0,2.844,6.94,1630.4,5.12,10735.94,98210.67,-87474.73,31.0,21.1
2588,2024,Kharif,Soybean,Assam,Small,3.43,Alluvial,7.06,High-Yield Variety,Drip,736.0,25.3,73.0,154.2,3.85,323.6,1.562,229.0,5.055,17.34,1659.7,8.8,26245.92,168580.28,-142334.36,31.7,26.2
2589,2022,Rabi,Mustard,Chhattisgarh,Medium,2.19,Black,6.73,High-Yield Variety,Borewell,197.9,19.6,69.5,76.6,3.18,342.6,0.98,353.0,3.356,7.35,1963.6,4.22,13823.15,91744.03,-77920.88,14.8,13.8
2590,2022,Kharif,Barley,Bihar,Small,2.66,Black,6.89,High-Yield Variety,Borewell,828.2,27.7,75.9,108.2,3.63,605.8,0.863,437.0,5.228,13.91,1746.5,7.58,22453.45,137521.35,-115067.9,49.9,51.1
2591,2022,Kharif,Soybean,Odisha,Small,3.36,Alluvial,6.26,Traditional,Rainfed,778.1,23.9,84.9,146.5,4.36,266.8,1.501,232.0,4.006,13.46,1946.7,5.73,24700.75,164818.83,-140118.08,45.6,37.3
2592,2022,Rabi,Rice,Odisha,Small,2.33,Loamy,6.8,High-Yield Variety,Rainfed,261.0,21.9,55.0,162.7,1.91,181.0,2.221,278.0,4.02,9.37,2214.4,6.8,19338.4,102645.74,-83307.34,15.2,15.3
2593,2023,Kharif,Rice,Uttar Pradesh,Medium,2.4,Sandy,6.45,High-Yield Variety,Rainfed,754.9,28.4,78.0,134.0,4.95,270.0,1.916,281.0,5.174,12.42,1918.3,5.1,22610.08,116199.88,-93589.8,33.3,26.9
2594,2021,Rabi,Groundnut,Odisha,Large,1.13,Clay,6.83,Traditional,,280.7,21.9,66.7,150.9,4.2,186.8,1.767,305.0,3.301,3.73,1877.2,6.92,6517.42,51814.99,-45297.57,17.4,10.4
2595,2024,Kharif,Sugarcane,Chhattisgarh,Medium,3.59,Alluvial,6.86,High-Yield Variety,Drip,797.9,28.7,82.7,135.8,6.13,381.9,10.476,282.0,40.009,143.63,1775.2,6.94,237281.85,178196.37,59085.48,30.6,19.2
2596,2024,Rabi,Soybean,Punjab,Small,2.6,Black,6.85,Traditional,Rainfed,199.0,21.0,52.8,107.8,2.46,214.8,1.435,380.0,3.083,8.02,2061.8,8.56,15120.0,123921.97,-108801.97,24.4,15.7
2597,2021,Zaid,Wheat,Odisha,Small,1.65,Black,7.21,High-Yield Variety,Sprinkler,93.4,32.6,51.1,129.7,1.66,232.5,1.823,338.0,4.239,6.99,1740.7,5.6,11485.66,71396.99,-59911.33,34.2,22.5
2598,2023,Kharif,Sugarcane,Jharkhand,Small,1.69,Clay,6.57,Traditional,Borewell,771.8,28.2,86.5,147.4,4.95,657.6,5.142,385.0,33.812,57.14,1967.9,8.13,103301.75,86348.97,16952.78,37.8,24.7
2599,2023,Kharif,Groundnut,Bihar,Large,5.9,Loamy,6.82,High-Yield Variety,Borewell,822.9,30.2,74.5,157.5,4.82,561.0,0.634,384.0,3.558,20.99,2050.4,7.02,40017.62,282400.17,-242382.55,32.5,34.0
2600,2024,Zaid,Soybean,Assam,Large,1.56,Alluvial,5.91,Traditional,Borewell,5.0,35.6,43.1,102.2,1.31,324.7,0.735,293.0,2.387,3.72,1706.8,5.42,6005.54,79749.68,-73744.14,30.5,18.8
2601,2024,Kharif,Maize,Uttar Pradesh,Small,0.53,Sandy,5.92,Traditional,Borewell,799.0,28.3,80.6,133.9,2.67,628.6,0.912,291.0,5.732,3.04,1980.4,6.18,5648.68,38773.26,-33124.58,39.1,36.6
2602,2022,Kharif,Soybean,Odisha,Large,3.74,Black,6.39,High-Yield Variety,Canal,772.4,28.3,75.1,181.1,4.77,465.9,1.118,291.0,5.208,19.48,1712.5,6.59,31162.97,170787.64,-139624.67,37.6,23.5
2603,2022,Rabi,Wheat,Chhattisgarh,Medium,6.17,Clay,5.78,Traditional,Borewell,180.5,22.3,56.3,64.2,2.55,376.9,1.127,414.0,4.247,26.2,,3.78,51182.53,261001.02,-209818.49,33.3,35.4
2604,2021,Kharif,Barley,Chhattisgarh,Small,1.14,Loamy,6.33,High-Yield Variety,Canal,803.6,28.7,79.2,104.7,4.07,568.7,0.772,234.0,4.391,5.01,1934.2,7.59,8955.22,68323.53,-59368.31,37.0,34.8
2605,2022,Kharif,Mustard,Jharkhand,Small,2.79,Clay,5.13,High-Yield Variety,Rainfed,784.7,30.3,72.0,167.5,2.69,309.8,0.733,273.0,2.27,6.33,1574.3,7.98,9170.68,137009.61,-127838.93,34.6,21.2
2606,2021,Kharif,Wheat,West Bengal,Medium,2.43,Alluvial,7.69,Traditional,Sprinkler,633.9,25.2,69.5,105.1,2.35,319.0,1.979,171.0,6.313,15.34,1749.3,5.57,25339.54,119050.17,-93710.63,38.1,35.2
2607,2023,Kharif,Mustard,Uttar Pradesh,Small,1.04,Loamy,6.25,Traditional,Drip,733.2,27.3,85.2,139.3,3.44,366.8,0.939,279.0,3.446,3.58,2065.6,13.87,6368.99,60045.0,-53676.01,28.0,28.7
2608,2021,Zaid,Mustard,Uttar Pradesh,Medium,2.42,Alluvial,6.82,Traditional,Rainfed,161.3,31.8,47.8,148.2,4.41,143.9,1.177,302.0,1.694,4.1,1694.4,8.42,6361.87,102919.9,-96558.03,19.1,13.1
2609,2021,Kharif,Groundnut,Odisha,Small,1.86,Black,7.17,High-Yield Variety,Rainfed,,30.2,79.0,145.6,5.28,293.8,1.034,336.0,3.038,5.65,1649.8,12.78,8130.29,90636.72,-82506.43,37.6,40.2
2610,2024,Kharif,Rice,Jharkhand,Small,1.79,Loamy,7.32,High-Yield Variety,Sprinkler,841.3,28.9,74.7,162.9,4.38,441.0,1.526,277.0,6.731,12.05,1649.9,7.3,18430.64,89264.48,-70833.84,35.9,22.7
2611,2024,Kharif,Soybean,Bihar,Medium,2.0,Loamy,5.94,Traditional,Rainfed,701.3,26.7,75.9,97.2,4.37,281.6,1.183,464.0,3.333,6.67,2047.1,5.6,12889.97,108914.09,-96024.12,27.1,22.9
2612,2023,Zaid,Sugarcane,Jharkhand,Small,3.88,Black,7.1,High-Yield Variety,Borewell,107.9,33.3,42.1,102.5,4.0,292.3,8.148,255.0,23.821,92.43,1807.1,3.94,160442.44,157436.04,3006.4,30.1,18.6
2613,2024,Rabi,Mustard,Assam,Small,1.82,Loamy,5.9,High-Yield Variety,Drip,226.2,21.4,56.1,91.3,2.67,191.2,1.576,298.0,3.014,5.49,1781.6,9.87,8815.38,78664.57,-69849.19,19.6,19.8
2614,2023,Rabi,Wheat,West Bengal,Small,1.68,Loamy,6.25,High-Yield Variety,Rainfed,205.1,17.0,56.0,112.4,3.49,169.4,1.82,300.0,3.084,5.18,2101.1,6.74,10150.17,79853.42,-69703.25,27.3,19.6
2615,2021,Rabi,Groundnut,Odisha,Medium,3.07,Clay,6.4,High-Yield Variety,Borewell,212.8,22.4,48.9,113.8,5.16,367.2,0.995,253.0,3.652,11.21,2042.8,5.84,21562.91,136591.75,-115028.84,7.7,6.5
2616,2021,Kharif,Barley,Jharkhand,Medium,1.43,Clay,6.73,Traditional,Canal,803.1,29.7,75.5,102.4,3.28,455.1,1.107,347.0,5.036,7.2,1801.8,8.11,11921.35,76709.27,-64787.92,44.8,36.5
2617,2023,Kharif,Rice,West Bengal,Medium,6.37,Clay,6.56,Traditional,Rainfed,755.8,32.9,81.2,153.5,1.95,274.2,1.844,291.0,5.055,32.2,1920.6,5.98,58145.05,300727.16,-242582.11,40.5,37.7
2618,2022,Rabi,Sugarcane,Bihar,Small,2.01,Sandy,5.54,High-Yield Variety,Sprinkler,181.1,22.1,62.5,111.3,3.5,206.8,15.733,319.0,32.538,65.4,1890.2,5.96,116252.7,98447.44,17805.26,15.3,11.0
2619,2022,Rabi,Maize,Jharkhand,Large,6.42,Clay,6.68,Traditional,Canal,245.4,18.9,63.6,122.2,2.36,388.2,1.53,382.0,5.938,38.12,2075.0,4.33,75668.89,277423.39,-201754.5,30.9,28.0
2620,2024,Rabi,Soybean,Bihar,Large,1.03,Alluvial,6.11,High-Yield Variety,Drip,182.7,23.2,63.6,142.6,3.99,223.6,1.977,360.0,4.42,4.55,2299.5,4.59,9982.44,55395.29,-45412.85,21.4,12.9
2621,2022,Zaid,Sugarcane,Odisha,Large,2.97,Alluvial,6.48,Traditional,Borewell,212.1,32.2,43.5,115.0,3.81,399.4,5.907,336.0,23.594,70.07,1683.3,5.39,111595.53,126086.88,-14491.35,39.9,24.3
2622,2022,Rabi,Barley,Punjab,Medium,1.67,Clay,7.36,High-Yield Variety,Drip,205.9,22.1,61.1,104.5,3.61,253.3,2.012,337.0,5.096,8.51,1807.4,6.58,14368.16,76790.87,-62422.71,15.7,13.6
2623,2022,Kharif,Groundnut,Assam,Small,1.73,Alluvial,6.32,Traditional,Rainfed,824.1,25.5,72.5,133.6,2.22,282.0,1.035,263.0,2.918,5.05,1909.8,9.92,8687.32,91349.82,-82662.5,31.4,24.4
2624,2023,Kharif,Barley,Chhattisgarh,Medium,1.73,Black,6.5,Traditional,Borewell,711.9,27.1,64.4,117.2,4.32,524.5,1.023,210.0,5.366,9.28,1748.7,4.11,15561.2,95860.13,-80298.93,46.5,40.1
2625,2022,Kharif,Barley,Odisha,Small,1.98,Loamy,6.8,High-Yield Variety,Rainfed,767.4,27.8,76.7,99.4,5.1,310.4,1.142,418.0,3.544,7.02,2033.2,4.04,13697.14,113030.22,-99333.08,49.5,50.9
